{
    "CreateLogs": 1,
    "EnableExperimentalPlacing": 1,
    "ExperimentalPlacingRaycastDistance": 0.30000001192092898,
    "Charges": [
        {
            "Classname": "HDSN_BreachingCharge",
            "DamageToObjects": 1,
            "DamageToDestroyableObjectsRadius": 2.5,
            "VerticalDistanceModeObjects": 0,
            "MaxVerticalDistanceObjects": 0.0,
            "MaxDamageToPlayers": 100.0,
            "MinDamageToPlayers": 50.0,
            "DamageToPlayersRadius": 5.0,
            "MaxDamageToPlayersRadius": 2.0,
            "MaxVerticalDistancePlayers": 0.0,
            "OnlyDestroyLocks": 0,
            "DeleteObjectsDirectly": 0,
            "DestroyLocksFirst": 0,
            "PlacementDistance": 2.0,
            "MinPlacementDistance": 0.0,
            "ToolDamageOnDefuse": 10.0,
            "DestroyOtherCharges": 0,
            "AutomaticallyArm": 0,
            "TimeToPlant": 20.0,
            "TimeToExplode": 240.0,
            "TimeToDefuse": 20.0,
            "LightBrightness": 0.5,
            "LightRadius": 15.0,
            "LightColorStart": [
                0.0,
                1.0,
                0.0
            ],
            "LightColorHalfway": [
                1.0,
                1.0,
                0.0
            ],
            "LightColorEnd": [
                1.0,
                0.0,
                0.0
            ],
            "BeepingSoundSet": "HDSN_SoundSet_Beeping",
            "BeepingSoundEndTime": 2.0,
            "SwitchInterval": 2.0,
            "ExplosionSoundSet": "Landmine_Explosion_SoundSet",
            "DefuseTools": [
                "Unarmed"
            ]
        },
        {
            "Classname": "HDSN_BreachingChargeHeavy",
            "DamageToObjects": 2,
            "DamageToDestroyableObjectsRadius": 2.5,
            "VerticalDistanceModeObjects": 0,
            "MaxVerticalDistanceObjects": 0.0,
            "MaxDamageToPlayers": 100.0,
            "MinDamageToPlayers": 50.0,
            "DamageToPlayersRadius": 5.0,
            "MaxDamageToPlayersRadius": 2.0,
            "MaxVerticalDistancePlayers": 0.0,
            "OnlyDestroyLocks": 0,
            "DeleteObjectsDirectly": 0,
            "DestroyLocksFirst": 0,
            "PlacementDistance": 2.5,
            "MinPlacementDistance": 0.0,
            "ToolDamageOnDefuse": 10.0,
            "DestroyOtherCharges": 0,
            "AutomaticallyArm": 0,
            "TimeToPlant": 45.0,
            "TimeToExplode": 360.0,
            "TimeToDefuse": 30.0,
            "LightBrightness": 0.8,
            "LightRadius": 20.0,
            "LightColorStart": [
                0.0,
                1.0,
                0.0
            ],
            "LightColorHalfway": [
                1.0,
                1.0,
                0.0
            ],
            "LightColorEnd": [
                1.0,
                0.0,
                0.0
            ],
            "BeepingSoundSet": "HDSN_SoundSet_Beeping",
            "BeepingSoundEndTime": 2.0,
            "SwitchInterval": 2.0,
            "ExplosionSoundSet": "Landmine_Explosion_SoundSet",
            "DefuseTools": [
                "Unarmed"
            ]
        }
    ],
    "Tiers": [
        {
            "Name": "Tier1",
            "Health": 1,
            "AcceptedChargeTypes": [
                "HDSN_BreachingCharge",
                "HDSN_BreachingChargeHeavy"
            ]
        },
        {
            "Name": "Tier2",
            "Health": 2,
            "AcceptedChargeTypes": [
                "HDSN_BreachingCharge",
                "HDSN_BreachingChargeHeavy"
            ]
        },
        {
            "Name": "Tier3",
            "Health": 4,
            "AcceptedChargeTypes": [
				"HDSN_BreachingCharge",
                "HDSN_BreachingChargeHeavy"
            ]
        },
        {
            "Name": "Tier1_1",
            "Health": 1,
            "AcceptedChargeTypes": [
				"HDSN_BreachingCharge",
                "HDSN_BreachingChargeHeavy"
            ]
        },
        {
            "Name": "Tier1_2",
            "Health": 2,
            "AcceptedChargeTypes": [
				"HDSN_BreachingCharge",
                "HDSN_BreachingChargeHeavy"
            ]
        },
        {
            "Name": "Tier2_1",
            "Health": 2,
            "AcceptedChargeTypes": [
				"HDSN_BreachingCharge",
                "HDSN_BreachingChargeHeavy"
            ]
        },
        {
            "Name": "Tier2_2",
            "Health": 4,
            "AcceptedChargeTypes": [
				"HDSN_BreachingCharge",
                "HDSN_BreachingChargeHeavy"
            ]
        },
        {
            "Name": "Tier3_1",
            "Health": 3,
            "AcceptedChargeTypes": [
				"HDSN_BreachingCharge",
                "HDSN_BreachingChargeHeavy"
            ]
        },
        {
            "Name": "Tier3_2",
            "Health": 4,
            "AcceptedChargeTypes": [
				"HDSN_BreachingCharge",
                "HDSN_BreachingChargeHeavy"
            ]
        },
        {
            "Name": "Tier3_3",
            "Health": 6,
            "AcceptedChargeTypes": [
				"HDSN_BreachingCharge",
                "HDSN_BreachingChargeHeavy"
            ]
        },
        {
            "Name": "TierCabin",
            "Health": 10,
            "AcceptedChargeTypes": [
				"HDSN_BreachingCharge",
                "HDSN_BreachingChargeHeavy"
            ]
        }
    ],
    "DestroyableObjects": {
		"TerritoryFlag": "Tier3",
		"Fence_Gate": "Tier1",
		"Fence_Gate_HalfMetal": "Tier1",
		"Fence_Gate_Metal": "Tier2",
		"MoreDoorBarricade": "Tier1",
		"MoreDoorMetalBarricade": "Tier2",
		"MoreDoorSmall": "Tier1",
		"MoreDoorSmallMetal": "Tier2",
		"Prefab_Cabin": "TierCabin",
		"BBP_BDoor_Frame": "Tier1",
		"BBP_BDoor_Frame_Door_T1": "Tier1",
		"BBP_BDoor_Frame_Door_T2": "Tier1",
		"BBP_BDoor_Frame_Door_T3": "Tier1",
		"BBP_BDoor_T1": "Tier1",
		"BBP_BDoor_T1_Door_T1": "Tier1_1",
		"BBP_BDoor_T1_Door_T2": "Tier1_2",
		"BBP_BDoor_T2": "Tier2",
		"BBP_BDoor_T2_Door_T1": "Tier2_1",
		"BBP_BDoor_T2_Door_T2": "Tier2_2",
		"BBP_BDoor_T3": "Tier3",
		"BBP_BDoor_T3_Door_T1": "Tier3_1",
		"BBP_BDoor_T3_Door_T2": "Tier3_2",
		"BBP_BDoor_T3_Door_T3": "Tier3_3",
		"BBP_SDoor_Frame": "Tier1",
		"BBP_SDoor_Frame_Door_T1": "Tier1",
		"BBP_SDoor_Frame_Door_T2": "Tier1",
		"BBP_SDoor_Frame_Door_T3": "Tier1",
		"BBP_SDoor_T1": "Tier1",
		"BBP_SDoor_T1_Door_T1": "Tier1_1",
		"BBP_SDoor_T1_Door_T2": "Tier1_2",
		"BBP_SDoor_T2": "Tier2",
		"BBP_SDoor_T2_Door_T1": "Tier2_1",
		"BBP_SDoor_T2_Door_T2": "Tier2_2",
		"BBP_SDoor_T3": "Tier3",
		"BBP_SDoor_T3_Door_T1": "Tier3_1",
		"BBP_SDoor_T3_Door_T2": "Tier3_2",
		"BBP_SDoor_T3_Door_T3": "Tier3_3",
		"BBP_Roof_Hatch_Frame": "Tier1",
		"BBP_Roof_Hatch_Frame_Door_T1": "Tier1",
		"BBP_Roof_Hatch_Frame_Door_T2": "Tier1",
		"BBP_Roof_Hatch_Frame_Door_T3": "Tier1",
		"BBP_Roof_Hatch_Frame_Stairs": "Tier1",
		"BBP_Roof_Hatch_Frame_Door_T1_Stairs": "Tier1",
		"BBP_Roof_Hatch_Frame_Door_T2_Stairs": "Tier1",
		"BBP_Roof_Hatch_Frame_Door_T3_Stairs": "Tier1",
		"BBP_Roof_Hatch_T1": "Tier1",
		"BBP_Roof_Hatch_T1_Door_T1": "Tier1_1",
		"BBP_Roof_Hatch_T1_Door_T2": "Tier1_2",
		"BBP_Roof_Hatch_T1_Stairs": "Tier1",
		"BBP_Roof_Hatch_T1_Door_T1_Stairs": "Tier1_1",
		"BBP_Roof_Hatch_T1_Door_T2_Stairs": "Tier1_2",
		"BBP_Roof_Hatch_T2": "Tier2",
		"BBP_Roof_Hatch_T2_Door_T1": "Tier2_1",
		"BBP_Roof_Hatch_T2_Door_T2": "Tier2_2",
		"BBP_Roof_Hatch_T2_Stairs": "Tier2",
		"BBP_Roof_Hatch_T2_Door_T1_Stairs": "Tier2_1",
		"BBP_Roof_Hatch_T2_Door_T2_Stairs": "Tier2_2",
		"BBP_Roof_Hatch_T3": "Tier3",
		"BBP_Roof_Hatch_T3_Door_T1": "Tier3_1",
		"BBP_Roof_Hatch_T3_Door_T2": "Tier3_2",
		"BBP_Roof_Hatch_T3_Door_T3": "Tier3_3",
		"BBP_Roof_Hatch_T3_Stairs": "Tier3",
		"BBP_Roof_Hatch_T3_Door_T1_Stairs": "Tier3_1",
		"BBP_Roof_Hatch_T3_Door_T2_Stairs": "Tier3_2",
		"BBP_Roof_Hatch_T3_Door_T3_Stairs": "Tier3_3",
		"BBP_Floor_Hatch_Frame": "Tier1",
		"BBP_Floor_Hatch_Frame_Door_T1": "Tier1",
		"BBP_Floor_Hatch_Frame_Door_T2": "Tier1",
		"BBP_Floor_Hatch_Frame_Door_T3": "Tier1",
		"BBP_Floor_Hatch_Frame_Stairs": "Tier1",
		"BBP_Floor_Hatch_Frame_Door_T1_Stairs": "Tier1",
		"BBP_Floor_Hatch_Frame_Door_T2_Stairs": "Tier1",
		"BBP_Floor_Hatch_Frame_Door_T3_Stairs": "Tier1",
		"BBP_Floor_Hatch_T1": "Tier1",
		"BBP_Floor_Hatch_T1_Door_T1": "Tier1_1",
		"BBP_Floor_Hatch_T1_Door_T2": "Tier1_2",
		"BBP_Floor_Hatch_T1_Stairs": "Tier1",
		"BBP_Floor_Hatch_T1_Door_T1_Stairs": "Tier1_1",
		"BBP_Floor_Hatch_T1_Door_T2_Stairs": "Tier1_2",
		"BBP_Floor_Hatch_T2": "Tier2",
		"BBP_Floor_Hatch_T2_Door_T1": "Tier2_1",
		"BBP_Floor_Hatch_T2_Door_T2": "Tier2_2",
		"BBP_Floor_Hatch_T2_Stairs": "Tier2",
		"BBP_Floor_Hatch_T2_Door_T1_Stairs": "Tier2_1",
		"BBP_Floor_Hatch_T2_Door_T2_Stairs": "Tier2_2",
		"BBP_Floor_Hatch_T3": "Tier3",
		"BBP_Floor_Hatch_T3_Door_T1": "Tier3_1",
		"BBP_Floor_Hatch_T3_Door_T2": "Tier3_2",
		"BBP_Floor_Hatch_T3_Door_T3": "Tier3_3",
		"BBP_Floor_Hatch_T3_Stairs": "Tier3",
		"BBP_Floor_Hatch_T3_Door_T1_Stairs": "Tier3_1",
		"BBP_Floor_Hatch_T3_Door_T2_Stairs": "Tier3_2",
		"BBP_Floor_Hatch_T3_Door_T3_Stairs": "Tier3_3",
		"BBP_LGate_Frame": "Tier1",
		"BBP_LGate_T1": "Tier1",
		"BBP_LGate_T2": "Tier2",
		"BBP_LGate_T3": "Tier3",
		"BBP_RGate_Frame": "Tier1",
		"BBP_RGate_T1": "Tier1",
		"BBP_RGate_T2": "Tier2",
		"BBP_RGate_T3": "Tier3",
		"BBP_SGate_Frame": "Tier1",
		"BBP_SGate_T1": "Tier1",
		"BBP_SGate_T2": "Tier2",
		"BBP_SGate_T3": "Tier3",
		"BBP_LHanger_Roof_Frame": "Tier1",
		"BBP_LHanger_Roof_T1": "Tier1",
		"BBP_LHanger_Roof_T2": "Tier2",
		"BBP_LHanger_Roof_T3": "Tier3",
		"BBP_RHanger_Roof_Frame": "Tier1",
		"BBP_RHanger_Roof_T1": "Tier1",
		"BBP_RHanger_Roof_T2": "Tier2",
		"BBP_RHanger_Roof_T3": "Tier3",
		"BBP_Mesh_Gate": "Tier1",
		"BBP_Mesh_Gate_LeftDoor_T2": "Tier2",
		"BBP_Mesh_Gate_LeftDoor_T2_RightDoor_T2": "Tier2_2",
		"BBP_DGate": "Tier1",
		"BBP_DGate_LeftDoor_T1": "Tier1",
		"BBP_DGate_LeftDoor_T1_RightDoor_T1": "Tier1_1",
		"BBP_DGate_LeftDoor_T2": "Tier2",
		"BBP_DGate_LeftDoor_T2_RightDoor_T2": "Tier2",
		"BBP_DGate_LeftDoor_T2_RightDoor_T1": "Tier1",
		"BBP_DGate_LeftDoor_T1_RightDoor_T2": "Tier1",
		"BBP_DGate_LeftDoor_T3": "Tier3",
		"BBP_DGate_LeftDoor_T3_RightDoor_T2": "Tier2",
		"BBP_DGate_LeftDoor_T2_RightDoor_T3": "Tier2",
		"BBP_DGate_LeftDoor_T3_RightDoor_T3": "Tier3"
	}
}