{
    "ConfigVersion": 22,
    "ID": 46,
    "Type": 1,
    "Title": "Fish n Chips",
    "Descriptions": [
        "We need more fish for the barbie! The local Australian population is craving a good serve of fish n chips. Bring us 10 Carp and an unpeeled potato and we'll give you something to help you get even better at fishing.",
        "We need more fish for the barbie! The local Australian population is craving a good serve of fish n chips. Bring us 10 Carp and an unpeeled potato and we'll give you something to help you get even better at fishing.",
        "Thank you survivor!"
    ],
    "ObjectiveText": "Collect 10 Carp and a potato.",
    "FollowUpQuest": -1,
    "Repeatable": 1,
    "IsDailyQuest": 0,
    "IsWeeklyQuest": 1,
    "CancelQuestOnPlayerDeath": 0,
    "Autocomplete": 0,
    "IsGroupQuest": 0,
    "ObjectSetFileName": "",
    "QuestItems": [],
    "Rewards": [
        {
            "ClassName": "SyberiaSkillBook_Hunting",
            "Amount": 1,
            "Attachments": [],
            "DamagePercent": 0,
            "HealthPercent": 0,
            "QuestID": -1,
            "Chance": 1.0
        },
		{
            "ClassName": "InjectorExpBoost10x",
            "Amount": 1,
            "Attachments": [],
            "DamagePercent": 0,
            "HealthPercent": 0,
            "QuestID": -1,
            "Chance": 1.0
        },
        {
            "ClassName": "InjectorExpBoost5x",
            "Amount": 1,
            "Attachments": [],
            "DamagePercent": 0,
            "HealthPercent": 0,
            "QuestID": -1,
            "Chance": 1.0
        },
		{
            "ClassName": "InjectorExpBoost2x",
            "Amount": 1,
            "Attachments": [],
            "DamagePercent": 0,
            "HealthPercent": 0,
            "QuestID": -1,
            "Chance": 1.0
        }
    ],
    "NeedToSelectReward": 0,
    "RandomReward": 1,
    "RandomRewardAmount": 1,
    "RewardsForGroupOwnerOnly": 1,
    "RewardBehavior": 0,
    "QuestGiverIDs": [
        1
    ],
    "QuestTurnInIDs": [
        1
    ],
    "IsAchievement": 0,
    "Objectives": [
        {
            "ConfigVersion": 28,
            "ID": 22,
            "ObjectiveType": 4
        }
    ],
    "QuestColor": 0,
    "ReputationReward": 0,
    "ReputationRequirement": -1,
    "PreQuestIDs": [
        3
    ],
    "RequiredFaction": "",
    "FactionReward": "",
    "PlayerNeedQuestItems": 0,
    "DeleteQuestItems": 1,
    "SequentialObjectives": 0,
    "FactionReputationRequirements": {},
    "FactionReputationRewards": {},
    "SuppressQuestLogOnCompetion": 0,
    "Active": 1
}