{
    "ConfigVersion": 22,
    "ID": 38,
    "Type": 1,
    "Title": "The Hermit",
    "Descriptions": [
        "Sebastian: I just got word that there's a hermit somewhere down south who knows the whereabouts of an extremely valuable medicines cache which we could really use around here. Would you be willing to investigate the last known location of this hermit and see if the rumours are true? Last I heard he was camped up somewhere near Polana. I'll mark his last known location on your map - see if he's still there and what he has to say. Don't worry, this isn't a charity mission - you'll be well rewarded for your efforts.",
        "Sebastian: I just got word that there's a hermit somewhere down south who knows the whereabouts of an extremely valuable medicines cache which we could really use around here. Would you be willing to investigate the last known location of this hermit and see if the rumours are true? Last I heard he was camped up somewhere near Polana. I'll mark his last known location on your map - see if he's still there and what he has to say. Don't worry, this isn't a charity mission - you'll be well rewarded for your efforts.",
        "Sebastian: I heard you had some trouble with that mission. Thanks again for your help, we can always count on you to get the job done. These medical supplies will go a long way towards keeping Sanctuary going strong. Here, take this - you earned it."
    ],
    "ObjectiveText": "Find the Hermit.",
    "FollowUpQuest": -1,
    "Repeatable": 0,
    "IsDailyQuest": 0,
    "IsWeeklyQuest": 0,
    "CancelQuestOnPlayerDeath": 0,
    "Autocomplete": 0,
    "IsGroupQuest": 0,
    "ObjectSetFileName": "HermitCamp",
    "QuestItems": [],
    "Rewards": [
        {
            "ClassName": "ExpansionSilverBar",
            "Amount": 1,
            "Attachments": [],
            "DamagePercent": 0,
            "HealthPercent": 0,
            "QuestID": -1,
            "Chance": 1.0
        },
        {
            "ClassName": "ZenCasinoChips_Red",
            "Amount": 250,
            "Attachments": [],
            "DamagePercent": 0,
            "HealthPercent": 0,
            "QuestID": -1,
            "Chance": 1.0
        },
        {
            "ClassName": "ExpansionCircuitBoard_Airdrop",
            "Amount": 1,
            "Attachments": [],
            "DamagePercent": 0,
            "HealthPercent": 0,
            "QuestID": -1,
            "Chance": 1.0
        }
    ],
    "NeedToSelectReward": 0,
    "RandomReward": 1,
    "RandomRewardAmount": 1,
    "RewardsForGroupOwnerOnly": 1,
    "RewardBehavior": 0,
    "QuestGiverIDs": [
        2
    ],
    "QuestTurnInIDs": [
        2
    ],
    "IsAchievement": 0,
    "Objectives": [
        {
            "ConfigVersion": 28,
            "ID": 21,
            "ObjectiveType": 3
        },
        {
            "ConfigVersion": 28,
            "ID": 22,
            "ObjectiveType": 3
        },
        {
            "ConfigVersion": 28,
            "ID": 4,
            "ObjectiveType": 8
        },
        {
            "ConfigVersion": 28,
            "ID": 4,
            "ObjectiveType": 10
        },
        {
            "ConfigVersion": 28,
            "ID": 1,
            "ObjectiveType": 9
        },
        {
            "ConfigVersion": 28,
            "ID": 5,
            "ObjectiveType": 5
        }
    ],
    "QuestColor": 0,
    "ReputationReward": 0,
    "ReputationRequirement": -1,
    "PreQuestIDs": [
        3
    ],
    "RequiredFaction": "",
    "FactionReward": "",
    "PlayerNeedQuestItems": 0,
    "DeleteQuestItems": 0,
    "SequentialObjectives": 1,
    "FactionReputationRequirements": {},
    "FactionReputationRewards": {},
    "SuppressQuestLogOnCompetion": 0,
    "Active": 1
}