{
    "ConfigVersion": 22,
    "ID": 10,
    "Type": 1,
    "Title": "The Yellow King - Part II",
    "Descriptions": [
        "You found Hans? Man, we all thought he was dead. A bandit group led by a guy in a yellow helmet? I know exactly who that is. Everyone here knows of the Yellow King. I haven't had the misfortune of crossing paths with him for months, but he's obviously still here in Livonia. If anyone knows where he is, the Black Market Trader would. Go and speak to Scarecrow at Swarog Military Base Radio Tower. He'll help you find your man. I'm sure of it.",
        "You found Hans? Man, we all thought he was dead. A bandit group led by a guy in a yellow helmet? I know exactly who that is. Everyone here knows of the Yellow King. I haven't had the misfortune of crossing paths with him for months, but he's obviously still here in Livonia. If anyone knows where he is, the Black Market Trader would. Go and speak to Scarecrow at Swarog Military Base Radio Tower. He'll help you find your man. I'm sure of it.",
        "You found Hans? Man, we all thought he was dead. A bandit group led by a guy in a yellow helmet? I know exactly who that is. Everyone here knows of the Yellow King. I haven't had the misfortune of crossing paths with him for months, but he's obviously still here in Livonia. If anyone knows where he is, the Black Market Trader would. Go and speak to Scarecrow at Swarog Military Base Radio Tower. He'll help you find your man. I'm sure of it."
    ],
    "ObjectiveText": "Speak to Scarecrow.",
    "FollowUpQuest": 11,
    "Repeatable": 0,
    "IsDailyQuest": 0,
    "IsWeeklyQuest": 0,
    "CancelQuestOnPlayerDeath": 0,
    "Autocomplete": 1,
    "IsGroupQuest": 0,
    "ObjectSetFileName": "",
    "QuestItems": [],
    "Rewards": [
        {
            "ClassName": "PunchedCard",
            "Amount": 1,
            "Attachments": [],
            "DamagePercent": 0,
            "HealthPercent": 0,
            "QuestID": -1,
            "Chance": 1.0
        }
    ],
    "NeedToSelectReward": 0,
    "RandomReward": 1,
    "RandomRewardAmount": 1,
    "RewardsForGroupOwnerOnly": 1,
    "RewardBehavior": 0,
    "QuestGiverIDs": [
        2
    ],
    "QuestTurnInIDs": [
        2
    ],
    "IsAchievement": 0,
    "Objectives": [
        {
            "ConfigVersion": 28,
            "ID": 6,
            "ObjectiveType": 3
        }
    ],
    "QuestColor": 0,
    "ReputationReward": 0,
    "ReputationRequirement": -1,
    "PreQuestIDs": [
        7
    ],
    "RequiredFaction": "",
    "FactionReward": "",
    "PlayerNeedQuestItems": 0,
    "DeleteQuestItems": 0,
    "SequentialObjectives": 0,
    "FactionReputationRequirements": {},
    "FactionReputationRewards": {},
    "SuppressQuestLogOnCompetion": 0,
    "Active": 1
}