{
    "ConfigVersion": 22,
    "ID": 17,
    "Type": 1,
    "Title": "Dead Hunter",
    "Descriptions": [
        "The infected situation is getting out of control. Sebastian is rewarding any survivors who can prove they personally eliminated 100 infected. [+1000 Stealth EXP]",
        "The infected situation is getting out of control. Sebastian is rewarding any survivors who can prove they personally eliminated 100 infected. [+1000 Stealth EXP]",
        "Thank you for your contributions to the purge, survivor."
    ],
    "ObjectiveText": "Kill 100 Zombies.",
    "FollowUpQuest": -1,
    "Repeatable": 1,
    "IsDailyQuest": 0,
    "IsWeeklyQuest": 1,
    "CancelQuestOnPlayerDeath": 1,
    "Autocomplete": 0,
    "IsGroupQuest": 0,
    "ObjectSetFileName": "",
    "QuestItems": [],
    "Rewards": [
        {
            "ClassName": "InjectorExpBoost5x",
            "Amount": 1,
            "Attachments": [],
            "DamagePercent": 0,
            "HealthPercent": 0,
            "QuestID": -1,
            "Chance": 1.0
        },
        {
            "ClassName": "Nailbox_250",
            "Amount": 1,
            "Attachments": [],
            "DamagePercent": 0,
            "HealthPercent": 0,
            "QuestID": -1,
            "Chance": 1.0
        },
        {
            "ClassName": "punchedcard",
            "Amount": 1,
            "Attachments": [],
            "DamagePercent": 0,
            "HealthPercent": 0,
            "QuestID": -1,
            "Chance": 1.0
        },
        {
            "ClassName": "ZenCasinoChips_Red",
            "Amount": 250,
            "Attachments": [],
            "DamagePercent": 0,
            "HealthPercent": 0,
            "QuestID": -1,
            "Chance": 1.0
        },
        {
            "ClassName": "AmmoBox",
            "Amount": 1,
            "Attachments": [
                "ZenRandomAmmoBox",
                "ZenRandomAmmoBox",
                "ZenRandomAmmoBox",
                "ZenRandomAmmoBox",
                "ZenRandomAmmoBox",
                "ZenRandomAmmoBox",
                "ZenRandomAmmoBox",
                "ZenRandomAmmoBox",
                "ZenRandomAmmoBox",
                "ZenRandomAmmoBox",
                "ZenRandomAmmoBox",
                "ZenRandomAmmoBox",
                "ZenRandomAmmoBox",
                "ZenRandomAmmoBox",
                "ZenRandomAmmoBox",
                "ZenRandomAmmoBox",
                "ZenRandomAmmoBox",
                "ZenRandomAmmoBox",
                "ZenRandomAmmoBox",
                "ZenRandomAmmoBox",
                "ZenRandomAmmoBox",
                "ZenRandomAmmoBox",
                "ZenRandomAmmoBox",
                "ZenRandomAmmoBox",
                "ZenRandomAmmoBox",
                "ZenRandomAmmoBox",
                "ZenRandomAmmoBox",
                "ZenRandomAmmoBox",
                "ZenRandomAmmoBox",
                "ZenRandomAmmoBox",
                "ZenRandomAmmoBox",
                "ZenRandomAmmoBox",
                "ZenRandomAmmoBox",
                "ZenRandomAmmoBox",
                "ZenRandomAmmoBox",
                "ZenRandomAmmoBox",
                "ZenRandomAmmoBox",
                "ZenRandomAmmoBox",
                "ZenRandomAmmoBox",
                "ZenRandomAmmoBox",
                "ZenRandomAmmoBox",
                "ZenRandomAmmoBox"
            ],
            "DamagePercent": 0,
            "HealthPercent": 0,
            "QuestID": -1,
            "Chance": 1.0
        }
    ],
    "NeedToSelectReward": 0,
    "RandomReward": 1,
    "RandomRewardAmount": 1,
    "RewardsForGroupOwnerOnly": 1,
    "RewardBehavior": 0,
    "QuestGiverIDs": [
        1
    ],
    "QuestTurnInIDs": [
        1
    ],
    "IsAchievement": 0,
    "Objectives": [
        {
            "ConfigVersion": 28,
            "ID": 1,
            "ObjectiveType": 2
        }
    ],
    "QuestColor": 0,
    "ReputationReward": 0,
    "ReputationRequirement": -1,
    "PreQuestIDs": [
        3
    ],
    "RequiredFaction": "",
    "FactionReward": "",
    "PlayerNeedQuestItems": 0,
    "DeleteQuestItems": 1,
    "SequentialObjectives": 0,
    "FactionReputationRequirements": {},
    "FactionReputationRewards": {},
    "SuppressQuestLogOnCompetion": 0,
    "Active": 1
}