{
    "ConfigVersion": 22,
    "ID": 4,
    "Type": 1,
    "Title": "Turn On The Lights",
    "Descriptions": [
        "Sebastian: Keeping the power on is a constant challenge these days. We have an engineer who keeps the lights on for us, but she's always in need of replacement parts. Luckily we get a lot of traders coming through here, so we provide her with whatever we can spare. Reckon you could take this Electronic Repair Kit to her up on top of the grey tower over at the Karlin power plant? She'll give you something for the trouble.",
        "Sebastian: I haven't received word from Irena that you delivered that repair kit yet.",
        "Irena: Thank you survivor! This should help to keep the power on for another week."
    ],
    "ObjectiveText": "Give the Battery to the Engineer near the grey tower at the Karlin Power Plant.",
    "FollowUpQuest": -1,
    "Repeatable": 1,
    "IsDailyQuest": 0,
    "IsWeeklyQuest": 1,
    "CancelQuestOnPlayerDeath": 1,
    "Autocomplete": 0,
    "IsGroupQuest": 0,
    "ObjectSetFileName": "",
    "QuestItems": [
        {
            "ClassName": "ExpansionQuestItem_ElectronicRepairKit",
            "Amount": 1
        }
    ],
    "Rewards": [
        {
            "ClassName": "InjectorExpBoost2x",
            "Amount": 1,
            "Attachments": [],
            "DamagePercent": 0,
            "HealthPercent": 0,
            "QuestID": -1,
            "Chance": 1.0
        },
        {
            "ClassName": "Nailbox",
            "Amount": 1,
            "Attachments": [],
            "DamagePercent": 0,
            "HealthPercent": 0,
            "QuestID": -1,
            "Chance": 1.0
        }
    ],
    "NeedToSelectReward": 0,
    "RandomReward": 0,
    "RandomRewardAmount": -1,
    "RewardsForGroupOwnerOnly": 1,
    "RewardBehavior": 0,
    "QuestGiverIDs": [
        2
    ],
    "QuestTurnInIDs": [
        4
    ],
    "IsAchievement": 0,
    "Objectives": [
        {
            "ConfigVersion": 28,
            "ID": 3,
            "ObjectiveType": 3
        }
    ],
    "QuestColor": 0,
    "ReputationReward": 0,
    "ReputationRequirement": -1,
    "PreQuestIDs": [
        3
    ],
    "RequiredFaction": "",
    "FactionReward": "",
    "PlayerNeedQuestItems": 1,
    "DeleteQuestItems": 1,
    "SequentialObjectives": 1,
    "FactionReputationRequirements": {},
    "FactionReputationRewards": {},
    "SuppressQuestLogOnCompetion": 0,
    "Active": 1
}