{
    "ConfigVersion": 22,
    "ID": 12,
    "Type": 1,
    "Title": "Hansel in Distress",
    "Descriptions": [
        "I heard a rumour that someone is trapped in a prison at Hedrykow. I wonder if it's true?",
        "Irena: I heard a rumour that someone is trapped in a prison at Hedrykow. I wonder if it's true?",
        ""
    ],
    "ObjectiveText": "Investigate Hedrykow Prison.",
    "FollowUpQuest": -1,
    "Repeatable": 0,
    "IsDailyQuest": 0,
    "IsWeeklyQuest": 0,
    "CancelQuestOnPlayerDeath": 0,
    "Autocomplete": 1,
    "IsGroupQuest": 0,
    "ObjectSetFileName": "",
    "QuestItems": [],
    "Rewards": [],
    "NeedToSelectReward": 0,
    "RandomReward": 0,
    "RandomRewardAmount": 1,
    "RewardsForGroupOwnerOnly": 1,
    "RewardBehavior": 0,
    "QuestGiverIDs": [
        4
    ],
    "QuestTurnInIDs": [
        5
    ],
    "IsAchievement": 0,
    "Objectives": [
        {
            "ConfigVersion": 28,
            "ID": 7,
            "ObjectiveType": 3
        }
    ],
    "QuestColor": 0,
    "ReputationReward": 0,
    "ReputationRequirement": -1,
    "PreQuestIDs": [],
    "RequiredFaction": "",
    "FactionReward": "",
    "PlayerNeedQuestItems": 0,
    "DeleteQuestItems": 0,
    "SequentialObjectives": 1,
    "FactionReputationRequirements": {},
    "FactionReputationRewards": {},
    "SuppressQuestLogOnCompetion": 0,
    "Active": 1
}