{
    "ConfigVersion": 22,
    "ID": 9,
    "Type": 1,
    "Title": "Who Let The Dogs Out?",
    "Descriptions": [
        "The Hunting trader needs more dogs to assist him in hunting wild game. Tame a dog and bring it back to Sanctuary for a reward.",
        "The Hunting trader needs more dogs to assist him in hunting wild game. Tame a dog and bring it back to Sanctuary for a reward.",
        "Thank you survivor!"
    ],
    "ObjectiveText": "Collect 1 Dog.",
    "FollowUpQuest": -1,
    "Repeatable": 1,
    "IsDailyQuest": 0,
    "IsWeeklyQuest": 1,
    "CancelQuestOnPlayerDeath": 0,
    "Autocomplete": 0,
    "IsGroupQuest": 0,
    "ObjectSetFileName": "",
    "QuestItems": [],
    "Rewards": [
        {
            "ClassName": "InjectorExpBoost10x",
            "Amount": 1,
            "Attachments": [],
            "DamagePercent": 0,
            "HealthPercent": 0,
            "QuestID": -1,
            "Chance": 1.0
        },
        {
            "ClassName": "InjectorExpBoost5x",
            "Amount": 1,
            "Attachments": [],
            "DamagePercent": 0,
            "HealthPercent": 0,
            "QuestID": -1,
            "Chance": 1.0
        },
        {
            "ClassName": "ZenCasinoChips_Red",
            "Amount": 50,
            "Attachments": [],
            "DamagePercent": 0,
            "HealthPercent": 0,
            "QuestID": -1,
            "Chance": 1.0
        },
        {
            "ClassName": "AKM",
            "Amount": 1,
            "Attachments": [
                "ak_suppressor",
                "ak_woodhndgrd",
                "ak_woodbttstck",
                "mag_akm_drum75rnd",
                "pso11optic",
                "battery9vlithium"
            ],
            "DamagePercent": 0,
            "HealthPercent": 0,
            "QuestID": -1,
            "Chance": 1.0
        },
        {
            "ClassName": "m4a1",
            "Amount": 1,
            "Attachments": [
                "m4_suppressor",
                "m4_rishndgrd",
                "m4_cqbbttstck",
                "mag_stanag_30rnd",
                "Expansion_ANPEQ15_Red",
                "ACOGOptic_6x",
                "battery9vlithium"
            ],
            "DamagePercent": 0,
            "HealthPercent": 0,
            "QuestID": -1,
            "Chance": 1.0
        },
        {
            "ClassName": "punchedcard",
            "Amount": 1,
            "Attachments": [],
            "DamagePercent": 0,
            "HealthPercent": 0,
            "QuestID": -1,
            "Chance": 1.0
        }
    ],
    "NeedToSelectReward": 0,
    "RandomReward": 1,
    "RandomRewardAmount": 1,
    "RewardsForGroupOwnerOnly": 1,
    "RewardBehavior": 0,
    "QuestGiverIDs": [
        1
    ],
    "QuestTurnInIDs": [
        1
    ],
    "IsAchievement": 0,
    "Objectives": [
        {
            "ConfigVersion": 28,
            "ID": 4,
            "ObjectiveType": 4
        }
    ],
    "QuestColor": 0,
    "ReputationReward": 0,
    "ReputationRequirement": -1,
    "PreQuestIDs": [
        3
    ],
    "RequiredFaction": "",
    "FactionReward": "",
    "PlayerNeedQuestItems": 0,
    "DeleteQuestItems": 0,
    "SequentialObjectives": 0,
    "FactionReputationRequirements": {},
    "FactionReputationRewards": {},
    "SuppressQuestLogOnCompetion": 0,
    "Active": 1
}