{
    "ConfigVersion": 22,
    "ID": 11,
    "Type": 1,
    "Title": "The Yellow King - Part III",
    "Descriptions": [
        "So you're looking for the Yellow King, huh? Be careful what you wish for. This guy is a piece of work. He and his group of bandits hang out in the underground bunker near Dambog. You'll need this Punched Card to get in there. There has been a bounty on the King's head for years. If you find him, he's not going to cooperate with you. You'll have to kill him. Trust me, you'll be doing the people of Livonia a favour. If you manage to pull that off, take his helmet to Sebastian at Sanctuary. I'm sure he'll pay you handsomely for it. Be careful survivor. The Yellow King and his group are heavily armed. You'd better be prepared for violence if you go into that bunker. Good luck.",
        "So you're looking for the Yellow King, huh? Be careful what you wish for. This guy is a piece of work. He and his group of bandits hang out in the underground bunker near Dambog. You'll need this Punched Card to get in there. There has been a bounty on the King's head for years. If you find him, he's not going to cooperate with you. You'll have to kill him. Trust me, you'll be doing the people of Livonia a favour. If you manage to pull that off, take his helmet to Sebastian at Sanctuary. I'm sure he'll pay you handsomely for it. Be careful survivor. The Yellow King and his group are heavily armed. You'd better be prepared for violence if you go into that bunker. Good luck.",
        "You did it. You killed the Yellow King. I don't believe it. You have no idea how many lives you just saved, survivor. I don't know what else to say. Here, I guess. It's the only thing I have to offer. Take this box of five thousand nails. Use them to trade or use them to build. Whatever you want. You deserve it. Thank you, survivor. Oh and don't worry - we got Hans out of that jail cell. He's a little skinny, but he'll survive."
    ],
    "ObjectiveText": "Kill the Yellow King and deliver his helmet to Sebastian at Sanctuary.",
    "FollowUpQuest": -1,
    "Repeatable": 0,
    "IsDailyQuest": 0,
    "IsWeeklyQuest": 0,
    "CancelQuestOnPlayerDeath": 0,
    "Autocomplete": 0,
    "IsGroupQuest": 0,
    "ObjectSetFileName": "",
    "QuestItems": [],
    "Rewards": [
        {
            "ClassName": "NailBox_5K",
            "Amount": 1,
            "Attachments": [
                "NailBox_250",
                "NailBox_250",
                "NailBox_250",
                "NailBox_250",
                "NailBox_250",
                "NailBox_250",
                "NailBox_250",
                "NailBox_250",
                "NailBox_250",
                "NailBox_250",
                "NailBox_250",
                "NailBox_250",
                "NailBox_250",
                "NailBox_250",
                "NailBox_250",
                "NailBox_250",
                "NailBox_250",
                "NailBox_250",
                "NailBox_250",
                "NailBox_250"
            ],
            "DamagePercent": 0,
            "HealthPercent": 0,
            "QuestID": -1,
            "Chance": 1.0
        }
    ],
    "NeedToSelectReward": 0,
    "RandomReward": 1,
    "RandomRewardAmount": 1,
    "RewardsForGroupOwnerOnly": 1,
    "RewardBehavior": 0,
    "QuestGiverIDs": [
        3
    ],
    "QuestTurnInIDs": [
        2
    ],
    "IsAchievement": 0,
    "Objectives": [
        {
            "ConfigVersion": 28,
            "ID": 1,
            "ObjectiveType": 7
        },
        {
            "ConfigVersion": 28,
            "ID": 5,
            "ObjectiveType": 4
        }
    ],
    "QuestColor": 0,
    "ReputationReward": 0,
    "ReputationRequirement": -1,
    "PreQuestIDs": [
        10
    ],
    "RequiredFaction": "",
    "FactionReward": "",
    "PlayerNeedQuestItems": 0,
    "DeleteQuestItems": 0,
    "SequentialObjectives": 1,
    "FactionReputationRequirements": {},
    "FactionReputationRewards": {},
    "SuppressQuestLogOnCompetion": 0,
    "Active": 1
}