{
    "ConfigVersion": 22,
    "ID": 33,
    "Type": 1,
    "Title": "Easter Egg Hunt",
    "Descriptions": [
        "Sebastian: If there's one thing that brings me joy during the zombie apocalypse, it's binge eating chocolate until I feel sick. And what better time to do that than easter? If you can bring me 5 easter eggs before Tuesday, I'll reward you with one of these extremely rare vintage playboy masks. Happy hunting. [These masks persist between wipes and only spawn at Easter]",
        "Sebastian: If there's one thing that brings me joy during the zombie apocalypse, it's binge eating chocolate until I feel sick. And what better time to do that than easter? If you can bring me 5 easter eggs before Tuesday, I'll reward you with one of these extremely rare vintage playboy masks. Happy hunting. [These masks persist between wipes and only spawn at Easter]",
        "Thank you survivor!"
    ],
    "ObjectiveText": "Collect 5 Easter Eggs",
    "FollowUpQuest": -1,
    "Repeatable": 0,
    "IsDailyQuest": 0,
    "IsWeeklyQuest": 0,
    "CancelQuestOnPlayerDeath": 1,
    "Autocomplete": 0,
    "IsGroupQuest": 0,
    "ObjectSetFileName": "",
    "QuestItems": [],
    "Rewards": [
        {
            "ClassName": "EyeMask_ZenRabbit_Black",
            "Amount": 1,
            "Attachments": [],
            "DamagePercent": 0,
            "HealthPercent": 0,
            "QuestID": -1,
            "Chance": 1.0
        },
        {
            "ClassName": "EyeMask_ZenRabbit_Blue",
            "Amount": 1,
            "Attachments": [],
            "DamagePercent": 0,
            "HealthPercent": 0,
            "QuestID": -1,
            "Chance": 1.0
        },
        {
            "ClassName": "EyeMask_ZenRabbit_Pink",
            "Amount": 1,
            "Attachments": [],
            "DamagePercent": 0,
            "HealthPercent": 0,
            "QuestID": -1,
            "Chance": 1.0
        },
        {
            "ClassName": "EyeMask_ZenRabbit_Green",
            "Amount": 1,
            "Attachments": [],
            "DamagePercent": 0,
            "HealthPercent": 0,
            "QuestID": -1,
            "Chance": 1.0
        }
    ],
    "NeedToSelectReward": 1,
    "RandomReward": 0,
    "RandomRewardAmount": 1,
    "RewardsForGroupOwnerOnly": 1,
    "RewardBehavior": 0,
    "QuestGiverIDs": [
        2,
        1
    ],
    "QuestTurnInIDs": [
        2,
        1
    ],
    "IsAchievement": 0,
    "Objectives": [
        {
            "ConfigVersion": 28,
            "ID": 17,
            "ObjectiveType": 4
        }
    ],
    "QuestColor": -1,
    "ReputationReward": 0,
    "ReputationRequirement": -1,
    "PreQuestIDs": [
        -1
    ],
    "RequiredFaction": "",
    "FactionReward": "",
    "PlayerNeedQuestItems": 0,
    "DeleteQuestItems": 1,
    "SequentialObjectives": 0,
    "FactionReputationRequirements": {},
    "FactionReputationRewards": {},
    "SuppressQuestLogOnCompetion": 0,
    "Active": 0
}