{
    "ConfigVersion": 22,
    "ID": 44,
    "Type": 1,
    "Title": "Fishing Contest",
    "Descriptions": [
        "There is a weekly fishing competition held in Sanctuary. Each week players can submit the biggest fish they've caught for a chance to win a prize. The target fish changes each week. Go and check it out - the reward is worth the trouble!",
        "There is a weekly fishing competition held in Sanctuary. Each week players can submit the biggest fish they've caught for a chance to win a prize. The target fish changes each week. Go and check it out - the reward is worth the trouble!",
        "Good luck!"
    ],
    "ObjectiveText": "Check out the fishing contest.",
    "FollowUpQuest": -1,
    "Repeatable": 0,
    "IsDailyQuest": 0,
    "IsWeeklyQuest": 0,
    "CancelQuestOnPlayerDeath": 0,
    "Autocomplete": 1,
    "IsGroupQuest": 0,
    "ObjectSetFileName": "",
    "QuestItems": [],
    "Rewards": [
        {
            "ClassName": "FishingRod",
            "Amount": 1,
            "Attachments": [],
            "DamagePercent": 0,
            "HealthPercent": 0,
            "QuestID": -1,
            "Chance": 1.0
        },
		{
            "ClassName": "Bait",
            "Amount": 1,
            "Attachments": [],
            "DamagePercent": 0,
            "HealthPercent": 0,
            "QuestID": -1,
            "Chance": 1.0
        }
    ],
    "NeedToSelectReward": 0,
    "RandomReward": 0,
    "RandomRewardAmount": 1,
    "RewardsForGroupOwnerOnly": 1,
    "RewardBehavior": 0,
    "QuestGiverIDs": [
        1
    ],
    "QuestTurnInIDs": [
        1
    ],
    "IsAchievement": 0,
    "Objectives": [
        {
            "ConfigVersion": 28,
            "ID": 24,
            "ObjectiveType": 3
        },
		{
            "ConfigVersion": 28,
            "ID": 11,
            "ObjectiveType": 10
        }
    ],
    "QuestColor": 0,
    "ReputationReward": 0,
    "ReputationRequirement": -1,
    "PreQuestIDs": [
        3
    ],
    "RequiredFaction": "",
    "FactionReward": "",
    "PlayerNeedQuestItems": 0,
    "DeleteQuestItems": 1,
    "SequentialObjectives": 0,
    "FactionReputationRequirements": {},
    "FactionReputationRewards": {},
    "SuppressQuestLogOnCompetion": 0,
    "Active": 1
}