{
    "ConfigVersion": 22,
    "ID": 40,
    "Type": 1,
    "Title": "Going Nuclear",
    "Descriptions": [
        "Sebastian: We've had another soldier report finding some enriched uranium inside the contaminated zone bunker. If it's true, these radioactive materials would be invaluable. Not just for weaponizing, but for potentially restoring the power grid to the entire continent. If you can track down the radioactive material we'll reward you handsomely. Just... be careful, we haven't heard back from the soldier in quite some time.",
        "Sebastian: We've had another soldier report finding some enriched uranium inside the contaminated zone bunker. If it's true, these radioactive materials would be invaluable. Not just for weaponizing, but for potentially restoring the power grid to the entire continent. If you can track down the radioactive material we'll reward you handsomely. Just... be careful, we haven't heard back from the soldier in quite some time.",
        "Sebastian: That looks like highly enriched uranium to me. Well done, survivor. Here's your reward. I'll let you know if we get any more reports worth investigating."
    ],
    "ObjectiveText": "Find the Nuclear Material.",
    "FollowUpQuest": -1,
    "Repeatable": 1,
    "IsDailyQuest": 0,
    "IsWeeklyQuest": 1,
    "CancelQuestOnPlayerDeath": 1,
    "Autocomplete": 0,
    "IsGroupQuest": 0,
    "ObjectSetFileName": "",
    "QuestItems": [],
    "Rewards": [
        {
            "ClassName": "ZenTreasure_RandomPhoto",
            "Amount": 1,
            "Attachments": [],
            "DamagePercent": 0,
            "HealthPercent": 0,
            "QuestID": -1,
            "Chance": 1.0
        },
        {
            "ClassName": "ZenCasinoChips_Red",
            "Amount": 500,
            "Attachments": [],
            "DamagePercent": 0,
            "HealthPercent": 0,
            "QuestID": -1,
            "Chance": 1.0
        },
        {
            "ClassName": "Expansion_Ammo_FlareSupplyRed",
            "Amount": 1,
            "Attachments": [],
            "DamagePercent": 0,
            "HealthPercent": 0,
            "QuestID": -1,
            "Chance": 1.0
        },
        {
            "ClassName": "HDSN_BreachingChargeHeavy",
            "Amount": 1,
            "Attachments": [],
            "DamagePercent": 0,
            "HealthPercent": 0,
            "QuestID": -1,
            "Chance": 1.0
        },
        {
            "ClassName": "HDSN_BreachingCharge",
            "Amount": 1,
            "Attachments": [],
            "DamagePercent": 0,
            "HealthPercent": 0,
            "QuestID": -1,
            "Chance": 1.0
        },
        {
            "ClassName": "InjectorExpBoost10x",
            "Amount": 1,
            "Attachments": [],
            "DamagePercent": 0,
            "HealthPercent": 0,
            "QuestID": -1,
            "Chance": 1.0
        }
    ],
    "NeedToSelectReward": 0,
    "RandomReward": 1,
    "RandomRewardAmount": 1,
    "RewardsForGroupOwnerOnly": 1,
    "RewardBehavior": 0,
    "QuestGiverIDs": [
        2
    ],
    "QuestTurnInIDs": [
        2
    ],
    "IsAchievement": 0,
    "Objectives": [
        {
            "ConfigVersion": 28,
            "ID": 23,
            "ObjectiveType": 3
        },
		{
            "ConfigVersion": 28,
            "ID": 6,
            "ObjectiveType": 10
        },
        {
            "ConfigVersion": 28,
            "ID": 5,
            "ObjectiveType": 10
        },
        {
            "ConfigVersion": 28,
            "ID": 7,
            "ObjectiveType": 5
        }
    ],
    "QuestColor": 0,
    "ReputationReward": 0,
    "ReputationRequirement": -1,
    "PreQuestIDs": [
        3
    ],
    "RequiredFaction": "",
    "FactionReward": "",
    "PlayerNeedQuestItems": 0,
    "DeleteQuestItems": 0,
    "SequentialObjectives": 1,
    "FactionReputationRequirements": {},
    "FactionReputationRewards": {},
    "SuppressQuestLogOnCompetion": 0,
    "Active": 1
}