{
    "ConfigVersion": 22,
    "ID": 19,
    "Type": 1,
    "Title": "Hot Zone",
    "Descriptions": [
        "I've received intel that the Yellow King Bandits have set up shop in the contamination zone again, looking for explosives and weapons to fuel their war effort. They never learn. Do us all a favor and take them out for me? It won't be easy, they're heavily fortified in there and that place is crawling with infected. But do this for me, and I'll give you something for your trouble.",
        "Sebastian: I've received intel that the Yellow King Bandits have set up shop in the contamination zone again, looking for explosives and weapons to fuel their war effort. They never learn. Do us all a favor and take them out for me? It won't be easy, they're heavily fortified in there and that place is crawling with infected. But do this for me, and I'll give you something for your trouble.",
        "Sebastian: I knew I could count on you. Take this. I'll let you know if I need help with anything else."
    ],
    "ObjectiveText": "Clear the Radiation Zone.",
    "FollowUpQuest": -1,
    "Repeatable": 1,
    "IsDailyQuest": 0,
    "IsWeeklyQuest": 1,
    "CancelQuestOnPlayerDeath": 0,
    "Autocomplete": 0,
    "IsGroupQuest": 1,
    "ObjectSetFileName": "",
    "QuestItems": [],
    "Rewards": [
        {
            "ClassName": "ExpansionSilverBar",
            "Amount": 1,
            "Attachments": [],
            "DamagePercent": 0,
            "HealthPercent": 0,
            "QuestID": -1,
            "Chance": 1.0
        },
        {
            "ClassName": "HDSN_BreachingChargeHeavy",
            "Amount": 1,
            "Attachments": [],
            "DamagePercent": 0,
            "HealthPercent": 0,
            "QuestID": -1,
            "Chance": 1.0
        },
        {
            "ClassName": "Expansion_Ammo_FlareSupplyRed",
            "Amount": 1,
            "Attachments": [],
            "DamagePercent": 0,
            "HealthPercent": 0,
            "QuestID": -1,
            "Chance": 1.0
        },
        {
            "ClassName": "ZenCasinoChips_Red",
            "Amount": 250,
            "Attachments": [],
            "DamagePercent": 0,
            "HealthPercent": 0,
            "QuestID": -1,
            "Chance": 1.0
        }
    ],
    "NeedToSelectReward": 0,
    "RandomReward": 1,
    "RandomRewardAmount": 1,
    "RewardsForGroupOwnerOnly": 1,
    "RewardBehavior": 0,
    "QuestGiverIDs": [
        2
    ],
    "QuestTurnInIDs": [
        2
    ],
    "IsAchievement": 0,
    "Objectives": [
        {
            "ConfigVersion": 28,
            "ID": 2,
            "ObjectiveType": 8
        }
    ],
    "QuestColor": 0,
    "ReputationReward": 0,
    "ReputationRequirement": -1,
    "PreQuestIDs": [
        3
    ],
    "RequiredFaction": "",
    "FactionReward": "",
    "PlayerNeedQuestItems": 1,
    "DeleteQuestItems": 1,
    "SequentialObjectives": 1,
    "FactionReputationRequirements": {},
    "FactionReputationRewards": {},
    "SuppressQuestLogOnCompetion": 0,
    "Active": 1
}