{
    "luckyWheelSettings": {
        "enabled": 1,
        "gamePositions": [
            {
                "pos": [
                    5634.634766,
					180.863983,
					10617.011719
                ],
                "orientation": [
                    -44.999992,
                    0.0,
                    0.0
                ]
            }
        ],
        "gameObject": "Casino_Pacman",
        "chipsBet": 50,
        "minJackpot": 500,
        "maxJackpot": 10000,
        "wheelNumberConfigs": [
            {
                "number": 0,
                "quote": 0.0
            },
            {
                "number": 1,
                "quote": 0.0
            },
            {
                "number": 2,
                "quote": 0.0
            },
            {
                "number": 3,
                "quote": 0.0
            },
            {
                "number": 4,
                "quote": 2.0
            },
            {
                "number": 5,
                "quote": 0.0
            },
            {
                "number": 6,
                "quote": 0.0
            },
            {
                "number": 7,
                "quote": 1.0
            },
            {
                "number": 8,
                "quote": 0.0
            },
            {
                "number": 9,
                "quote": 0.0
            },
            {
                "number": 10,
                "quote": 0.0
            },
            {
                "number": 11,
                "quote": 0.0
            },
            {
                "number": 12,
                "quote": 0.0
            },
            {
                "number": 13,
                "quote": 0.0
            },
            {
                "number": 14,
                "quote": 5.0
            },
            {
                "number": 15,
                "quote": 0.0
            },
            {
                "number": 16,
                "quote": 0.0
            },
            {
                "number": 17,
                "quote": 0.0
            },
            {
                "number": 18,
                "quote": 0.0
            },
            {
                "number": 19,
                "quote": 0.0
            },
            {
                "number": 20,
                "quote": 0.0
            },
            {
                "number": 21,
                "quote": 0.0
            },
            {
                "number": 22,
                "quote": 2.0
            },
            {
                "number": 23,
                "quote": 0.0
            },
            {
                "number": 24,
                "quote": 0.0
            },
            {
                "number": 25,
                "quote": 1.0
            },
            {
                "number": 26,
                "quote": 0.0
            },
            {
                "number": 27,
                "quote": 0.0
            },
            {
                "number": 28,
                "quote": 0.0
            },
            {
                "number": 29,
                "quote": 0.0
            },
            {
                "number": 30,
                "quote": 2.0
            },
            {
                "number": 31,
                "quote": 1.0
            },
            {
                "number": 32,
                "quote": 0.0
            },
            {
                "number": 33,
                "quote": 1.0
            },
            {
                "number": 34,
                "quote": 2.0
            },
            {
                "number": 35,
                "quote": 0.0
            }
        ]
    },
    "blackJackSettings": {
        "enabled": 1,
        "gamePositions": [
            {
                "pos": [
                    0.0,
                    0.0,
                    0.0
                ],
                "orientation": [
                    0.0,
                    0.0,
                    0.0
                ]
            }
        ],
        "gameObject": "Casino_Pacman",
        "minBet": 10,
        "maxBet": 10000,
        "winFactor": 1.5,
        "winFactorBlackJack": 2.0
    },
    "diceSettings": {
        "enabled": 1,
        "gamePositions": [
            {
                "pos": [
                    0.0,
                    0.0,
                    0.0
                ],
                "orientation": [
                    0.0,
                    0.0,
                    0.0
                ]
            }
        ],
        "gameObject": "Casino_Pacman",
        "minBet": 10,
        "maxBet": 10000,
        "diceWinFactor": 2
    },
    "ratRaceSettings": {
        "enabled": 1,
        "gamePositions": [
            {
                "pos": [
                    0.0,
                    0.0,
                    0.0
                ],
                "orientation": [
                    0.0,
                    0.0,
                    0.0
                ]
            }
        ],
        "gameObject": "Casino_Pacman",
        "minBet": 10,
        "maxBet": 10000,
        "maxWinQouta": 5
    },
    "configVersion": 2,
    "enablePlayLogs": 1,
    "currencyValues": {
        "CasinoChips": 1,
		"ZenCasinoChips": 1,
		"ZenCasinoChips_Red": 1
    }
}
