<?xml version="1.0" encoding="UTF-8" standalone="yes"?>
<events>
	<!-- Contaminated zone -->
	<event name="VehicleContaminated">
        <nominal>1</nominal>
        <min>1</min>
        <max>1</max>
        <lifetime>300</lifetime>
        <restock>0</restock>
        <saferadius>500</saferadius>
        <distanceradius>500</distanceradius>
        <cleanupradius>200</cleanupradius>
        <flags deletable="0" init_random="0" remove_damaged="1"/>
        <position>fixed</position>
        <limit>mixed</limit>
        <active>1</active>
        <children>
            <child lootmax="0" lootmin="0" max="1" min="1" type="Offroad_02"/>
			<child lootmax="0" lootmin="0" max="1" min="1" type="ExpansionVodnik"/>
			<child lootmax="0" lootmin="0" max="1" min="1" type="ExpansionGyrocopter"/>
			<child lootmax="0" lootmin="0" max="1" min="1" type="ExpansionBigGyrocopter"/>
        </children>
    </event>
	<event name="VehicleContaminatedTruck">
        <nominal>1</nominal>
        <min>0</min>
        <max>1</max>
        <lifetime>300</lifetime>
        <restock>0</restock>
        <saferadius>500</saferadius>
        <distanceradius>500</distanceradius>
        <cleanupradius>200</cleanupradius>
        <flags deletable="0" init_random="0" remove_damaged="1"/>
        <position>fixed</position>
        <limit>mixed</limit>
        <active>1</active>
        <children>
			<child lootmax="0" lootmin="0" max="1" min="1" type="ExpansionVodnik"/>
            <child lootmax="0" lootmin="0" max="1" min="1" type="Truck_01_Covered"/>
            <child lootmax="0" lootmin="0" max="1" min="1" type="Truck_01_Covered_Blue"/>
            <child lootmax="0" lootmin="0" max="1" min="1" type="Truck_01_Covered_Orange"/>
            <child lootmax="0" lootmin="0" max="1" min="1" type="Truck_01_Covered_Black"/>
            <child lootmax="0" lootmin="0" max="1" min="1" type="Truck_01_Covered_Lime"/>
            <child lootmax="0" lootmin="0" max="1" min="1" type="Truck_01_Covered_Red"/>
            <child lootmax="0" lootmin="0" max="1" min="1" type="Truck_01_Covered_White"/>
            <child lootmax="0" lootmin="0" max="1" min="1" type="Truck_01_Covered_Wine"/>
            <child lootmax="0" lootmin="0" max="1" min="1" type="Truck_01_Covered_Yellow"/>
            <child lootmax="0" lootmin="0" max="1" min="1" type="Truck_01_Covered_YellowBright"/>
        </children>
    </event>
    <!-- Vanilla Tweaks -->
	<event name="VehicleBoat">
        <nominal>5</nominal>
        <min>2</min>
        <max>6</max>
        <lifetime>6000</lifetime>
        <restock>0</restock>
        <saferadius>500</saferadius>
        <distanceradius>500</distanceradius>
        <cleanupradius>200</cleanupradius>
        <flags deletable="0" init_random="0" remove_damaged="1"/>
        <position>fixed</position>
        <limit>mixed</limit>
        <active>1</active>
        <children>
            <child lootmax="0" lootmin="0" max="10" min="5" type="Boat_01_Black"/>
            <child lootmax="0" lootmin="0" max="10" min="5" type="Boat_01_Blue"/>
            <child lootmax="0" lootmin="0" max="10" min="5" type="Boat_01_Orange"/>
        </children>
    </event>
    <event name="VehicleHatchback02">
        <nominal>5</nominal>
        <min>1</min>
        <max>5</max>
        <lifetime>300</lifetime>
        <restock>0</restock>
        <saferadius>500</saferadius>
        <distanceradius>500</distanceradius>
        <cleanupradius>200</cleanupradius>
        <flags deletable="0" init_random="0" remove_damaged="1"/>
        <position>fixed</position>
        <limit>mixed</limit>
        <active>1</active>
        <children>
			<child lootmax="0" lootmin="0" max="1" min="1" type="Hatchback_02"/>
            <child lootmax="0" lootmin="0" max="1" min="1" type="Hatchback_02_Black"/>
            <child lootmax="0" lootmin="0" max="1" min="1" type="Hatchback_02_Blue"/>
            <child lootmax="0" lootmin="0" max="1" min="1" type="Hatchback_02_BanditKitty"/>
			<child lootmax="0" lootmin="0" max="1" min="1" type="Hatchback_02_BlackRust"/>
			<child lootmax="0" lootmin="0" max="1" min="1" type="Hatchback_02_BlueRust"/>
			<child lootmax="0" lootmin="0" max="1" min="1" type="Hatchback_02_Red"/>
			<child lootmax="0" lootmin="0" max="1" min="1" type="Hatchback_02_RedRust"/>
        </children>
    </event>
    <event name="VehicleTruck01">
        <nominal>3</nominal>
        <min>1</min>
        <max>3</max>
        <lifetime>300</lifetime>
        <restock>0</restock>
        <saferadius>500</saferadius>
        <distanceradius>500</distanceradius>
        <cleanupradius>200</cleanupradius>
        <flags deletable="0" init_random="0" remove_damaged="1"/>
        <position>fixed</position>
        <limit>mixed</limit>
        <active>1</active>
        <children>
			<child lootmax="0" lootmin="0" max="1" min="1" type="Truck_01_Covered"/>
            <child lootmax="0" lootmin="0" max="1" min="1" type="Truck_01_Covered_Blue"/>
            <child lootmax="0" lootmin="0" max="1" min="1" type="Truck_01_Covered_Orange"/>
            <child lootmax="0" lootmin="0" max="1" min="1" type="Truck_01_Covered_Black"/>
            <child lootmax="0" lootmin="0" max="1" min="1" type="Truck_01_Covered_Grey"/>
            <child lootmax="0" lootmin="0" max="1" min="1" type="Truck_01_Covered_Lime"/>
            <child lootmax="0" lootmin="0" max="1" min="1" type="Truck_01_Covered_Red"/>
            <child lootmax="0" lootmin="0" max="1" min="1" type="Truck_01_Covered_White"/>
            <child lootmax="0" lootmin="0" max="1" min="1" type="Truck_01_Covered_Wine"/>
            <child lootmax="0" lootmin="0" max="1" min="1" type="Truck_01_Covered_Yellow"/>
            <child lootmax="0" lootmin="0" max="1" min="1" type="Truck_01_Covered_YellowBright"/>
        </children>
    </event>
	<event name="VehicleCivilianSedan">
        <nominal>6</nominal>
        <min>2</min>
        <max>6</max>
        <lifetime>300</lifetime>
        <restock>0</restock>
        <saferadius>500</saferadius>
        <distanceradius>500</distanceradius>
        <cleanupradius>200</cleanupradius>
        <flags deletable="0" init_random="0" remove_damaged="1"/>
        <position>fixed</position>
        <limit>mixed</limit>
        <active>1</active>
        <children>
            <child lootmax="0" lootmin="0" max="1" min="1" type="CivilianSedan"/>
            <child lootmax="0" lootmin="0" max="1" min="1" type="CivilianSedan_Black"/>
            <child lootmax="0" lootmin="0" max="1" min="1" type="CivilianSedan_Wine"/>
        </children>
    </event>
    <event name="VehicleOffroad02">
        <nominal>3</nominal>
        <min>1</min>
        <max>3</max>
        <lifetime>300</lifetime>
        <restock>0</restock>
        <saferadius>500</saferadius>
        <distanceradius>500</distanceradius>
        <cleanupradius>200</cleanupradius>
        <flags deletable="0" init_random="0" remove_damaged="1"/>
        <position>fixed</position>
        <limit>mixed</limit>
        <active>1</active>
        <children>
            <child lootmax="0" lootmin="0" max="2" min="1" type="Offroad_02"/>
        </children>
    </event>
    <event name="VehicleOffroadHatchback">
        <nominal>3</nominal>
        <min>2</min>
        <max>3</max>
        <lifetime>300</lifetime>
        <restock>0</restock>
        <saferadius>500</saferadius>
        <distanceradius>500</distanceradius>
        <cleanupradius>200</cleanupradius>
        <flags deletable="0" init_random="0" remove_damaged="1"/>
        <position>fixed</position>
        <limit>mixed</limit>
        <active>1</active>
        <children>
            <child lootmax="0" lootmin="0" max="1" min="1" type="OffroadHatchback"/>
            <child lootmax="0" lootmin="0" max="1" min="1" type="OffroadHatchback_Blue"/>
            <child lootmax="0" lootmin="0" max="1" min="1" type="OffroadHatchback_White"/>
			<child lootmax="0" lootmin="0" max="1" min="1" type="OffroadHatchback_WhiteRust"/>
			<child lootmax="0" lootmin="0" max="1" min="1" type="OffroadHatchback_Green"/>
			<child lootmax="0" lootmin="0" max="1" min="1" type="OffroadHatchback_GreenRust"/>
			
        </children>
    </event>
    <event name="VehicleSedan02">
        <nominal>4</nominal>
        <min>1</min>
        <max>4</max>
        <lifetime>300</lifetime>
        <restock>0</restock>
        <saferadius>500</saferadius>
        <distanceradius>500</distanceradius>
        <cleanupradius>200</cleanupradius>
        <flags deletable="0" init_random="0" remove_damaged="1"/>
        <position>fixed</position>
        <limit>mixed</limit>
        <active>1</active>
        <children>
            <child lootmax="0" lootmin="0" max="1" min="1" type="Sedan_02"/>
            <child lootmax="0" lootmin="0" max="1" min="1" type="Sedan_02_Grey"/>
            <child lootmax="0" lootmin="0" max="1" min="1" type="Sedan_02_Red"/>
			<child lootmax="0" lootmin="0" max="1" min="1" type="Sedan_02_RedRust"/>
			<child lootmax="0" lootmin="0" max="1" min="1" type="Sedan_02_Yellow"/>
			<child lootmax="0" lootmin="0" max="1" min="1" type="Sedan_02_YellowRust"/>
			<child lootmax="0" lootmin="0" max="1" min="1" type="Sedan_02_YellowBright"/>
			<child lootmax="0" lootmin="0" max="1" min="1" type="Sedan_02_Blue"/>
			<child lootmax="0" lootmin="0" max="1" min="1" type="Sedan_02_BlueRust"/>
        </children>
    </event>
    <!-- Expansion content -->
    <!-- CARS -->
	<event name="VehicleUAZ">
        <nominal>2</nominal>
        <min>1</min>
        <max>2</max>
        <lifetime>300</lifetime>
        <restock>0</restock>
        <saferadius>500</saferadius>
        <distanceradius>500</distanceradius>
        <cleanupradius>200</cleanupradius>
        <flags deletable="0" init_random="0" remove_damaged="1"/>
        <position>fixed</position>
        <limit>mixed</limit>
        <active>1</active>
        <children>
            <child lootmax="0" lootmin="0" max="1" min="1" type="ExpansionUAZ"/>
            <child lootmax="0" lootmin="0" max="1" min="1" type="ExpansionUAZ_Black"/>
            <child lootmax="0" lootmin="0" max="1" min="1" type="ExpansionUAZ_LightGreen"/>
			<child lootmax="0" lootmin="0" max="1" min="1" type="ExpansionUAZRoofless"/>
            <child lootmax="0" lootmin="0" max="1" min="1" type="ExpansionUAZRoofless_Black"/>
            <child lootmax="0" lootmin="0" max="1" min="1" type="ExpansionUAZRoofless_LightGreen"/>
			<child lootmax="0" lootmin="0" max="1" min="1" type="ExpansionUAZCargo"/>
            <child lootmax="0" lootmin="0" max="1" min="1" type="ExpansionUAZCargo_Black"/>
            <child lootmax="0" lootmin="0" max="1" min="1" type="ExpansionUAZCargo_LightGreen"/>
			<child lootmax="0" lootmin="0" max="1" min="1" type="ExpansionUAZCargoRoofless"/>
            <child lootmax="0" lootmin="0" max="1" min="1" type="ExpansionUAZCargoRoofless_Black"/>
            <child lootmax="0" lootmin="0" max="1" min="1" type="ExpansionUAZCargoRoofless_LightGreen"/>
        </children>
    </event>
	<event name="VehicleBus">
        <nominal>3</nominal>
        <min>1</min>
        <max>3</max>
        <lifetime>300</lifetime>
        <restock>0</restock>
        <saferadius>500</saferadius>
        <distanceradius>500</distanceradius>
        <cleanupradius>200</cleanupradius>
        <flags deletable="0" init_random="0" remove_damaged="1"/>
        <position>fixed</position>
        <limit>mixed</limit>
        <active>1</active>
        <children>
            <child lootmax="0" lootmin="0" max="1" min="1" type="ExpansionBus"/>
            <child lootmax="0" lootmin="0" max="1" min="1" type="ExpansionBus_Weeb"/>
            <child lootmax="0" lootmin="0" max="1" min="1" type="ExpansionBus_Red"/>
        </children>
    </event>
    <event name="VehicleTractor">
        <nominal>6</nominal>
        <min>2</min>
        <max>6</max>
        <lifetime>300</lifetime>
        <restock>0</restock>
        <saferadius>500</saferadius>
        <distanceradius>500</distanceradius>
        <cleanupradius>200</cleanupradius>
        <flags deletable="0" init_random="0" remove_damaged="1"/>
        <position>fixed</position>
        <limit>mixed</limit>
        <active>1</active>
        <children>
            <child lootmax="0" lootmin="0" max="1" min="1" type="ExpansionTractor"/>
            <child lootmax="0" lootmin="0" max="1" min="1" type="ExpansionTractor_Blue"/>
            <child lootmax="0" lootmin="0" max="1" min="1" type="ExpansionTractor_Green"/>
        </children>
    </event>
    <event name="VehicleLandRover">
        <nominal>3</nominal>
        <min>1</min>
        <max>3</max>
        <lifetime>300</lifetime>
        <restock>0</restock>
        <saferadius>500</saferadius>
        <distanceradius>500</distanceradius>
        <cleanupradius>200</cleanupradius>
        <flags deletable="0" init_random="0" remove_damaged="1"/>
        <position>fixed</position>
        <limit>mixed</limit>
        <active>0</active>
        <children>
            <child lootmax="0" lootmin="0" max="1" min="1" type="Expansion_Landrover"/>
			<child lootmax="0" lootmin="0" max="1" min="1" type="Expansion_Landrover_Yellow"/>
            <child lootmax="0" lootmin="0" max="1" min="1" type="Expansion_Landrover_Red"/>
            <child lootmax="0" lootmin="0" max="1" min="1" type="Expansion_Landrover_Green"/>
			<child lootmax="0" lootmin="0" max="1" min="1" type="Expansion_Landrover_Grey"/>
            <child lootmax="0" lootmin="0" max="1" min="1" type="Expansion_Landrover_Orange"/>
            <child lootmax="0" lootmin="0" max="1" min="1" type="Expansion_Landrover_Blue"/>
        </children>
    </event>
	<!-- HELICOPTERS -->
	<event name="VehicleExpansionHelicopter">
        <nominal>1</nominal>
        <min>1</min>
        <max>1</max>
        <lifetime>300</lifetime>
        <restock>0</restock>
        <saferadius>500</saferadius>
        <distanceradius>500</distanceradius>
        <cleanupradius>200</cleanupradius>
        <flags deletable="0" init_random="0" remove_damaged="1"/>
        <position>fixed</position>
        <limit>mixed</limit>
        <active>0</active>
        <children>
			<child lootmax="0" lootmin="0" max="2" min="1" type="ExpansionMh6"/>
            <child lootmax="0" lootmin="0" max="2" min="1" type="ExpansionMh6_Blueline"/>
            <child lootmax="0" lootmin="0" max="2" min="1" type="ExpansionMh6_Digital"/>
            <child lootmax="0" lootmin="0" max="2" min="1" type="ExpansionMh6_Elliptical"/>
            <child lootmax="0" lootmin="0" max="2" min="1" type="ExpansionMh6_Furious"/>
            <child lootmax="0" lootmin="0" max="2" min="1" type="ExpansionMh6_GrayWatcher"/>
            <child lootmax="0" lootmin="0" max="2" min="1" type="ExpansionMh6_Jeans"/>
            <child lootmax="0" lootmin="0" max="2" min="1" type="ExpansionMh6_Resistance"/>
            <child lootmax="0" lootmin="0" max="2" min="1" type="ExpansionMh6_Shadow"/>
            <child lootmax="0" lootmin="0" max="2" min="1" type="ExpansionMh6_Sheriff"/>
            <child lootmax="0" lootmin="0" max="2" min="1" type="ExpansionMh6_Speedy"/>
            <child lootmax="0" lootmin="0" max="2" min="1" type="ExpansionMh6_Sunset"/>
            <child lootmax="0" lootmin="0" max="2" min="1" type="ExpansionMh6_Vrana"/>
            <child lootmax="0" lootmin="0" max="2" min="1" type="ExpansionMh6_Wasp"/>
            <child lootmax="0" lootmin="0" max="2" min="1" type="ExpansionMh6_Wave"/>
			<child lootmax="0" lootmin="0" max="3" min="1" type="ExpansionUh1h"/>
            <child lootmax="0" lootmin="0" max="3" min="1" type="ExpansionUh1h_Medical"/>
            <child lootmax="0" lootmin="0" max="3" min="1" type="ExpansionUh1h_Uber"/>
            <child lootmax="0" lootmin="0" max="3" min="1" type="ExpansionUh1h_Resistance"/>
        </children>
    </event>
	<event name="VehicleGyroHelicopter">
        <nominal>2</nominal>
        <min>1</min>
        <max>2</max>
        <lifetime>300</lifetime>
        <restock>0</restock>
        <saferadius>500</saferadius>
        <distanceradius>500</distanceradius>
        <cleanupradius>200</cleanupradius>
        <flags deletable="0" init_random="0" remove_damaged="1"/>
        <position>fixed</position>
        <limit>mixed</limit>
        <active>0</active>
        <children>
            <child lootmax="0" lootmin="0" max="3" min="1" type="ExpansionGyrocopter"/>
        </children>
    </event>
	<!-- BOATS --
	<event name="VehicleExpansionBoats">
        <nominal>4</nominal>
        <min>3</min>
        <max>4</max>
        <lifetime>300</lifetime>
        <restock>0</restock>
        <saferadius>500</saferadius>
        <distanceradius>500</distanceradius>
        <cleanupradius>200</cleanupradius>
        <flags deletable="0" init_random="0" remove_damaged="1"/>
        <position>fixed</position>
        <limit>mixed</limit>
        <active>0</active>
        <children>
            <child lootmax="0" lootmin="0" max="5" min="1" type="ExpansionZodiacBoat"/>
            <child lootmax="0" lootmin="0" max="5" min="1" type="ExpansionZodiacBoat_Black"/>
            <child lootmax="0" lootmin="0" max="5" min="1" type="ExpansionZodiacBoat_Green"/>
        </children>
    </event>
	<event name="VehicleExpansionUtilityBoats">
        <nominal>1</nominal>
        <min>1</min>
        <max>1</max>
        <lifetime>300</lifetime>
        <restock>0</restock>
        <saferadius>500</saferadius>
        <distanceradius>500</distanceradius>
        <cleanupradius>200</cleanupradius>
        <flags deletable="0" init_random="0" remove_damaged="1"/>
        <position>fixed</position>
        <limit>mixed</limit>
        <active>1</active>
        <children>
            <child lootmax="0" lootmin="0" max="5" min="1" type="ExpansionUtilityBoat"/>
        </children>
    </event>-->
</events>