<?xml version="1.0" encoding="UTF-8" standalone="yes"?>
<types>
	<type name="Trapper_Hat_Black">
        <nominal>5</nominal>
        <lifetime>14400</lifetime>
        <restock>0</restock>
        <min>4</min>
        <quantmin>-1</quantmin>
        <quantmax>-1</quantmax>
        <cost>100</cost>
        <flags count_in_cargo="0" count_in_hoarder="0" count_in_map="1" count_in_player="0" crafted="0" deloot="0"/>
        <category name="clothes"/>
        <usage name="Village"/>
		<usage name="Hunting"/>
    </type>
	<type name="Trapper_Hat_Red_Checkered">
        <nominal>5</nominal>
        <lifetime>14400</lifetime>
        <restock>0</restock>
        <min>4</min>
        <quantmin>-1</quantmin>
        <quantmax>-1</quantmax>
        <cost>100</cost>
        <flags count_in_cargo="0" count_in_hoarder="0" count_in_map="1" count_in_player="0" crafted="0" deloot="0"/>
        <category name="clothes"/>
        <usage name="Village"/>
		<usage name="Hunting"/>
    </type>
	<type name="Trapper_Hat_Camo_Mossy_Oak">
        <nominal>4</nominal>
        <lifetime>14400</lifetime>
        <restock>0</restock>
        <min>3</min>
        <quantmin>-1</quantmin>
        <quantmax>-1</quantmax>
        <cost>100</cost>
        <flags count_in_cargo="0" count_in_hoarder="0" count_in_map="1" count_in_player="0" crafted="0" deloot="0"/>
        <category name="clothes"/>
		<usage name="Hunting"/>
    </type>
	<type name="Legging_Shorts_Black">
        <nominal>6</nominal>
        <lifetime>2700</lifetime>
        <restock>0</restock>
        <min>5</min>
        <quantmin>-1</quantmin>
        <quantmax>-1</quantmax>
        <cost>100</cost>
        <flags count_in_cargo="0" count_in_hoarder="0" count_in_map="1" count_in_player="0" crafted="0" deloot="0"/>
        <category name="clothes"/>
        <usage name="Town"/>
        <usage name="Village"/>
    </type>
	<type name="Fleece_Grey_Leggings">
        <nominal>6</nominal>
        <lifetime>2700</lifetime>
        <restock>0</restock>
        <min>5</min>
        <quantmin>-1</quantmin>
        <quantmax>-1</quantmax>
        <cost>100</cost>
        <flags count_in_cargo="0" count_in_hoarder="0" count_in_map="1" count_in_player="0" crafted="0" deloot="0"/>
        <category name="clothes"/>
        <usage name="Town"/>
        <usage name="Village"/>
    </type>
	<type name="Shabby_Hoodie_Grey">
        <nominal>3</nominal>
        <lifetime>2700</lifetime>
        <restock>0</restock>
        <min>2</min>
        <quantmin>-1</quantmin>
        <quantmax>-1</quantmax>
        <cost>100</cost>
        <flags count_in_cargo="0" count_in_hoarder="0" count_in_map="1" count_in_player="0" crafted="0" deloot="0"/>
        <category name="clothes"/>
        <usage name="Town"/>
        <usage name="Village"/>
    </type>
	<type name="Shabby_Hoodie_Black">
        <nominal>3</nominal>
        <lifetime>2700</lifetime>
        <restock>0</restock>
        <min>2</min>
        <quantmin>-1</quantmin>
        <quantmax>-1</quantmax>
        <cost>100</cost>
        <flags count_in_cargo="0" count_in_hoarder="0" count_in_map="1" count_in_player="0" crafted="0" deloot="0"/>
        <category name="clothes"/>
        <usage name="Town"/>
        <usage name="Village"/>
    </type>
	<type name="Shabby_Hoodie_Blue">
        <nominal>3</nominal>
        <lifetime>2700</lifetime>
        <restock>0</restock>
        <min>2</min>
        <quantmin>-1</quantmin>
        <quantmax>-1</quantmax>
        <cost>100</cost>
        <flags count_in_cargo="0" count_in_hoarder="0" count_in_map="1" count_in_player="0" crafted="0" deloot="0"/>
        <category name="clothes"/>
        <usage name="Town"/>
        <usage name="Village"/>
    </type>
	<type name="Shabby_Hoodie_Brown">
        <nominal>3</nominal>
        <lifetime>2700</lifetime>
        <restock>0</restock>
        <min>2</min>
        <quantmin>-1</quantmin>
        <quantmax>-1</quantmax>
        <cost>100</cost>
        <flags count_in_cargo="0" count_in_hoarder="0" count_in_map="1" count_in_player="0" crafted="0" deloot="0"/>
        <category name="clothes"/>
        <usage name="Town"/>
        <usage name="Village"/>
    </type>
	<type name="Shabby_Hoodie_Green">
        <nominal>3</nominal>
        <lifetime>2700</lifetime>
        <restock>0</restock>
        <min>2</min>
        <quantmin>-1</quantmin>
        <quantmax>-1</quantmax>
        <cost>100</cost>
        <flags count_in_cargo="0" count_in_hoarder="0" count_in_map="1" count_in_player="0" crafted="0" deloot="0"/>
        <category name="clothes"/>
        <usage name="Town"/>
        <usage name="Village"/>
    </type>
	<type name="Shabby_Hoodie_Red">
        <nominal>3</nominal>
        <lifetime>2700</lifetime>
        <restock>0</restock>
        <min>2</min>
        <quantmin>-1</quantmin>
        <quantmax>-1</quantmax>
        <cost>100</cost>
        <flags count_in_cargo="0" count_in_hoarder="0" count_in_map="1" count_in_player="0" crafted="0" deloot="0"/>
        <category name="clothes"/>
        <usage name="Town"/>
        <usage name="Village"/>
    </type>
	<type name="Shabby_Hoodie_Calligraphy">
        <nominal>3</nominal>
        <lifetime>2700</lifetime>
        <restock>0</restock>
        <min>2</min>
        <quantmin>-1</quantmin>
        <quantmax>-1</quantmax>
        <cost>100</cost>
        <flags count_in_cargo="0" count_in_hoarder="0" count_in_map="1" count_in_player="0" crafted="0" deloot="0"/>
        <category name="clothes"/>
        <usage name="Town"/>
        <usage name="Village"/>
    </type>
	<type name="Blue_Leggings">
        <nominal>6</nominal>
        <lifetime>2700</lifetime>
        <restock>0</restock>
        <min>1</min>
        <quantmin>-1</quantmin>
        <quantmax>-1</quantmax>
        <cost>100</cost>
        <flags count_in_cargo="0" count_in_hoarder="0" count_in_map="1" count_in_player="0" crafted="0" deloot="0"/>
        <category name="clothes"/>
        <usage name="Town"/>
        <usage name="Village"/>
    </type>
    <type name="Latex_Leggings">
        <nominal>6</nominal>
        <lifetime>2700</lifetime>
        <restock>0</restock>
        <min>1</min>
        <quantmin>-1</quantmin>
        <quantmax>-1</quantmax>
        <cost>100</cost>
        <flags count_in_cargo="0" count_in_hoarder="0" count_in_map="1" count_in_player="0" crafted="0" deloot="0"/>
        <category name="clothes"/>
        <usage name="Town"/>
        <usage name="Village"/>
    </type>
    <type name="Adidas_Leggings">
        <nominal>6</nominal>
        <lifetime>2700</lifetime>
        <restock>0</restock>
        <min>1</min>
        <quantmin>-1</quantmin>
        <quantmax>-1</quantmax>
        <cost>100</cost>
        <flags count_in_cargo="0" count_in_hoarder="0" count_in_map="1" count_in_player="0" crafted="0" deloot="0"/>
        <category name="clothes"/>
        <usage name="Town"/>
        <usage name="Village"/>
    </type>
    <type name="Red_Leggings">
        <nominal>6</nominal>
        <lifetime>2700</lifetime>
        <restock>0</restock>
        <min>1</min>
        <quantmin>-1</quantmin>
        <quantmax>-1</quantmax>
        <cost>100</cost>
        <flags count_in_cargo="0" count_in_hoarder="0" count_in_map="1" count_in_player="0" crafted="0" deloot="0"/>
        <category name="clothes"/>
        <usage name="Town"/>
        <usage name="Village"/>
    </type>
    <type name="Purple_Leggings">
        <nominal>6</nominal>
        <lifetime>2700</lifetime>
        <restock>0</restock>
        <min>1</min>
        <quantmin>-1</quantmin>
        <quantmax>-1</quantmax>
        <cost>100</cost>
        <flags count_in_cargo="0" count_in_hoarder="0" count_in_map="1" count_in_player="0" crafted="0" deloot="0"/>
        <category name="clothes"/>
        <usage name="Town"/>
        <usage name="Village"/>
    </type>
    <type name="Latex_White_Leggings">
        <nominal>6</nominal>
        <lifetime>2700</lifetime>
        <restock>0</restock>
        <min>1</min>
        <quantmin>-1</quantmin>
        <quantmax>-1</quantmax>
        <cost>100</cost>
        <flags count_in_cargo="0" count_in_hoarder="0" count_in_map="1" count_in_player="0" crafted="0" deloot="0"/>
        <category name="clothes"/>
        <usage name="Town"/>
        <usage name="Village"/>
    </type>
    <type name="PMK_5A_Gas_Mask">
        <nominal>2</nominal>
        <lifetime>7200</lifetime>
        <restock>0</restock>
        <min>1</min>
        <quantmin>-1</quantmin>
        <quantmax>-1</quantmax>
        <cost>100</cost>
        <flags count_in_cargo="0" count_in_hoarder="0" count_in_map="1" count_in_player="0" crafted="0" deloot="0"/>
        <category name="clothes"/>
        <usage name="Special"/>
        <value name="Tier2"/>
        <value name="Tier3"/>
    </type>
    <type name="Poncho_Red_Checkered">
        <nominal>6</nominal>
        <lifetime>5600</lifetime>
        <restock>0</restock>
        <min>1</min>
        <quantmin>-1</quantmin>
        <quantmax>-1</quantmax>
        <cost>100</cost>
        <flags count_in_cargo="0" count_in_hoarder="0" count_in_map="1" count_in_player="0" crafted="0" deloot="0"/>
        <category name="clothes"/>
        <usage name="Town"/>
        <usage name="Village"/>
    </type>
    <type name="Poncho_Blue_Checkered">
        <nominal>6</nominal>
        <lifetime>5600</lifetime>
        <restock>0</restock>
        <min>1</min>
        <quantmin>-1</quantmin>
        <quantmax>-1</quantmax>
        <cost>100</cost>
        <flags count_in_cargo="0" count_in_hoarder="0" count_in_map="1" count_in_player="0" crafted="0" deloot="0"/>
        <category name="clothes"/>
        <usage name="Town"/>
        <usage name="Village"/>
    </type>
    <type name="Poncho_Yellow_Checkered">
        <nominal>6</nominal>
        <lifetime>5600</lifetime>
        <restock>0</restock>
        <min>1</min>
        <quantmin>-1</quantmin>
        <quantmax>-1</quantmax>
        <cost>100</cost>
        <flags count_in_cargo="0" count_in_hoarder="0" count_in_map="1" count_in_player="0" crafted="0" deloot="0"/>
        <category name="clothes"/>
        <usage name="Town"/>
        <usage name="Village"/>
    </type>
    <type name="Poncho_Brown">
        <nominal>6</nominal>
        <lifetime>5600</lifetime>
        <restock>0</restock>
        <min>1</min>
        <quantmin>-1</quantmin>
        <quantmax>-1</quantmax>
        <cost>100</cost>
        <flags count_in_cargo="0" count_in_hoarder="0" count_in_map="1" count_in_player="0" crafted="0" deloot="0"/>
        <category name="clothes"/>
        <usage name="Town"/>
        <usage name="Village"/>
    </type>
    <type name="Poncho_Green">
        <nominal>6</nominal>
        <lifetime>5600</lifetime>
        <restock>0</restock>
        <min>1</min>
        <quantmin>-1</quantmin>
        <quantmax>-1</quantmax>
        <cost>100</cost>
        <flags count_in_cargo="0" count_in_hoarder="0" count_in_map="1" count_in_player="0" crafted="0" deloot="0"/>
        <category name="clothes"/>
        <usage name="Town"/>
        <usage name="Village"/>
    </type>
    <type name="Poncho_White">
        <nominal>1</nominal>
        <lifetime>5600</lifetime>
        <restock>0</restock>
        <min>0</min>
        <quantmin>-1</quantmin>
        <quantmax>-1</quantmax>
        <cost>100</cost>
        <flags count_in_cargo="0" count_in_hoarder="0" count_in_map="1" count_in_player="0" crafted="0" deloot="0"/>
        <category name="clothes"/>
        <usage name="Town"/>
        <usage name="Village"/>
    </type>
    <type name="Poncho_Red">
        <nominal>6</nominal>
        <lifetime>5600</lifetime>
        <restock>0</restock>
        <min>1</min>
        <quantmin>-1</quantmin>
        <quantmax>-1</quantmax>
        <cost>100</cost>
        <flags count_in_cargo="0" count_in_hoarder="0" count_in_map="1" count_in_player="0" crafted="0" deloot="0"/>
        <category name="clothes"/>
        <usage name="Town"/>
        <usage name="Village"/>
    </type>
    <type name="Poncho_Black">
        <nominal>6</nominal>
        <lifetime>5600</lifetime>
        <restock>0</restock>
        <min>1</min>
        <quantmin>-1</quantmin>
        <quantmax>-1</quantmax>
        <cost>100</cost>
        <flags count_in_cargo="0" count_in_hoarder="0" count_in_map="1" count_in_player="0" crafted="0" deloot="0"/>
        <category name="clothes"/>
        <usage name="Town"/>
        <usage name="Village"/>
    </type>
    <type name="Poncho_BlackAndWhite">
        <nominal>6</nominal>
        <lifetime>5600</lifetime>
        <restock>0</restock>
        <min>1</min>
        <quantmin>-1</quantmin>
        <quantmax>-1</quantmax>
        <cost>100</cost>
        <flags count_in_cargo="0" count_in_hoarder="0" count_in_map="1" count_in_player="0" crafted="0" deloot="0"/>
        <category name="clothes"/>
        <usage name="Town"/>
        <usage name="Village"/>
    </type>
    <type name="Poncho_BlackAndWhite2"> <!-- ugly -->
        <nominal>1</nominal>
        <lifetime>5600</lifetime>
        <restock>0</restock>
        <min>0</min>
        <quantmin>-1</quantmin>
        <quantmax>-1</quantmax>
        <cost>100</cost>
        <flags count_in_cargo="0" count_in_hoarder="0" count_in_map="1" count_in_player="0" crafted="0" deloot="0"/>
        <category name="clothes"/>
        <usage name="Town"/>
        <usage name="Village"/>
    </type>
    <type name="Fingerless_Gloves"> <!-- gloss leather -->
        <nominal>6</nominal>
        <lifetime>5600</lifetime>
        <restock>0</restock>
        <min>1</min>
        <quantmin>-1</quantmin>
        <quantmax>-1</quantmax>
        <cost>100</cost>
        <flags count_in_cargo="0" count_in_hoarder="0" count_in_map="1" count_in_player="0" crafted="0" deloot="0"/>
        <category name="clothes"/>
        <tag name="floor"/>
        <usage name="Town"/>
        <usage name="Village"/>
    </type>
    <type name="Fingerless_Gloves_Brown"> <!-- gloss leather -->
        <nominal>6</nominal>
        <lifetime>5600</lifetime>
        <restock>0</restock>
        <min>1</min>
        <quantmin>-1</quantmin>
        <quantmax>-1</quantmax>
        <cost>100</cost>
        <flags count_in_cargo="0" count_in_hoarder="0" count_in_map="1" count_in_player="0" crafted="0" deloot="0"/>
        <category name="clothes"/>
        <tag name="floor"/>
        <usage name="Town"/>
        <usage name="Village"/>
    </type>
    <type name="Fingerless_Gloves_Wool">
        <nominal>6</nominal>
        <lifetime>5600</lifetime>
        <restock>0</restock>
        <min>1</min>
        <quantmin>-1</quantmin>
        <quantmax>-1</quantmax>
        <cost>100</cost>
        <flags count_in_cargo="0" count_in_hoarder="0" count_in_map="1" count_in_player="0" crafted="0" deloot="0"/>
        <category name="clothes"/>
        <tag name="floor"/>
        <usage name="Town"/>
        <usage name="Village"/>
    </type>
    <type name="Fingerless_Gloves_Wool_Grey">
        <nominal>6</nominal>
        <lifetime>5600</lifetime>
        <restock>0</restock>
        <min>1</min>
        <quantmin>-1</quantmin>
        <quantmax>-1</quantmax>
        <cost>100</cost>
        <flags count_in_cargo="0" count_in_hoarder="0" count_in_map="1" count_in_player="0" crafted="0" deloot="0"/>
        <category name="clothes"/>
        <tag name="floor"/>
        <usage name="Town"/>
        <usage name="Village"/>
    </type>
    <type name="Fingerless_Gloves_Wool_Black">
        <nominal>6</nominal>
        <lifetime>5600</lifetime>
        <restock>0</restock>
        <min>1</min>
        <quantmin>-1</quantmin>
        <quantmax>-1</quantmax>
        <cost>100</cost>
        <flags count_in_cargo="0" count_in_hoarder="0" count_in_map="1" count_in_player="0" crafted="0" deloot="0"/>
        <category name="clothes"/>
        <tag name="floor"/>
        <usage name="Town"/>
        <usage name="Village"/>
    </type>
    <type name="Military_Sweater">
        <nominal>1</nominal>
        <lifetime>5600</lifetime>
        <restock>0</restock>
        <min>0</min>
        <quantmin>-1</quantmin>
        <quantmax>-1</quantmax>
        <cost>100</cost>
        <flags count_in_cargo="0" count_in_hoarder="0" count_in_map="1" count_in_player="0" crafted="0" deloot="0"/>
        <category name="clothes"/>
        <usage name="Military"/>
        <usage name="Hunting"/>
        <value name="Tier2"/>
        <value name="Tier3"/>
    </type>
    <type name="Military_Sweater_Red">
        <nominal>1</nominal>
        <lifetime>5600</lifetime>
        <restock>0</restock>
        <min>0</min>
        <quantmin>-1</quantmin>
        <quantmax>-1</quantmax>
        <cost>100</cost>
        <flags count_in_cargo="0" count_in_hoarder="0" count_in_map="1" count_in_player="0" crafted="0" deloot="0"/>
        <category name="clothes"/>
        <usage name="Military"/>
        <usage name="Hunting"/>
        <value name="Tier2"/>
        <value name="Tier3"/>
    </type>
    <type name="Military_Sweater_Blue">
        <nominal>1</nominal>
        <lifetime>5600</lifetime>
        <restock>0</restock>
        <min>0</min>
        <quantmin>-1</quantmin>
        <quantmax>-1</quantmax>
        <cost>100</cost>
        <flags count_in_cargo="0" count_in_hoarder="0" count_in_map="1" count_in_player="0" crafted="0" deloot="0"/>
        <category name="clothes"/>
        <usage name="Military"/>
        <usage name="Hunting"/>
        <value name="Tier2"/>
        <value name="Tier3"/>
    </type>
    <type name="Military_Sweater_Green">
        <nominal>6</nominal>
        <lifetime>5600</lifetime>
        <restock>0</restock>
        <min>1</min>
        <quantmin>-1</quantmin>
        <quantmax>-1</quantmax>
        <cost>100</cost>
        <flags count_in_cargo="0" count_in_hoarder="0" count_in_map="1" count_in_player="0" crafted="0" deloot="0"/>
        <category name="clothes"/>
        <usage name="Military"/>
        <usage name="Hunting"/>
        <value name="Tier2"/>
        <value name="Tier3"/>
    </type>
    <type name="Military_Sweater_Black">
        <nominal>6</nominal>
        <lifetime>5600</lifetime>
        <restock>0</restock>
        <min>1</min>
        <quantmin>-1</quantmin>
        <quantmax>-1</quantmax>
        <cost>100</cost>
        <flags count_in_cargo="0" count_in_hoarder="0" count_in_map="1" count_in_player="0" crafted="0" deloot="0"/>
        <category name="clothes"/>
        <usage name="Military"/>
        <usage name="Hunting"/>
        <value name="Tier2"/>
        <value name="Tier3"/>
    </type>
    <type name="Military_Sweater_White">
        <nominal>1</nominal>
        <lifetime>5600</lifetime>
        <restock>0</restock>
        <min>0</min>
        <quantmin>-1</quantmin>
        <quantmax>-1</quantmax>
        <cost>100</cost>
        <flags count_in_cargo="0" count_in_hoarder="0" count_in_map="1" count_in_player="0" crafted="0" deloot="0"/>
        <category name="clothes"/>
        <usage name="Military"/>
        <usage name="Hunting"/>
        <value name="Tier2"/>
        <value name="Tier3"/>
    </type>
    <type name="High_Knee_Sneakers">
        <nominal>6</nominal>
        <lifetime>5600</lifetime>
        <restock>0</restock>
        <min>1</min>
        <quantmin>-1</quantmin>
        <quantmax>-1</quantmax>
        <cost>100</cost>
        <flags count_in_cargo="0" count_in_hoarder="0" count_in_map="1" count_in_player="0" crafted="0" deloot="0"/>
        <category name="clothes"/>
        <tag name="floor"/>
        <usage name="Town"/>
        <usage name="Village"/>
    </type>
    <type name="High_Knee_Sneakers_Black"> <!-- ugly -->
        <nominal>1</nominal>
        <lifetime>5600</lifetime>
        <restock>0</restock>
        <min>0</min>
        <quantmin>-1</quantmin>
        <quantmax>-1</quantmax>
        <cost>100</cost>
        <flags count_in_cargo="0" count_in_hoarder="0" count_in_map="1" count_in_player="0" crafted="0" deloot="0"/>
        <category name="clothes"/>
        <tag name="floor"/>
        <usage name="Town"/>
        <usage name="Village"/>
    </type>
	<type name="Shemagh_Black">
        <nominal>6</nominal>
        <lifetime>7200</lifetime>
        <restock>0</restock>
        <min>3</min>
        <quantmin>-1</quantmin>
        <quantmax>-1</quantmax>
        <cost>100</cost>
        <flags count_in_cargo="0" count_in_hoarder="0" count_in_map="1" count_in_player="0" crafted="0" deloot="0"/>
        <category name="clothes"/>
        <usage name="Military"/>
        <value name="Tier2"/>
        <value name="Tier3"/>
	</type>
    <type name="Shemagh_Brown">
        <nominal>6</nominal>
        <lifetime>7200</lifetime>
        <restock>0</restock>
        <min>3</min>
        <quantmin>-1</quantmin>
        <quantmax>-1</quantmax>
        <cost>100</cost>
        <flags count_in_cargo="0" count_in_hoarder="0" count_in_map="1" count_in_player="0" crafted="0" deloot="0"/>
        <category name="clothes"/>
        <usage name="Military"/>
        <value name="Tier2"/>
        <value name="Tier3"/>
	</type>
    <type name="Shemagh_Green">
        <nominal>6</nominal>
        <lifetime>7200</lifetime>
        <restock>0</restock>
        <min>3</min>
        <quantmin>-1</quantmin>
        <quantmax>-1</quantmax>
        <cost>100</cost>
        <flags count_in_cargo="0" count_in_hoarder="0" count_in_map="1" count_in_player="0" crafted="0" deloot="0"/>
        <category name="clothes"/>
        <usage name="Military"/>
        <usage name="Hunting"/>
        <value name="Tier2"/>
        <value name="Tier3"/>
  </type>
    <type name="Shemagh_Red">
        <nominal>6</nominal>
        <lifetime>5600</lifetime>
        <restock>0</restock>
        <min>3</min>
        <quantmin>-1</quantmin>
        <quantmax>-1</quantmax>
        <cost>100</cost>
        <flags count_in_cargo="0" count_in_hoarder="0" count_in_map="1" count_in_player="0" crafted="0" deloot="0"/>
        <category name="clothes"/>
        <tag name="floor"/>
        <usage name="Town"/>
        <usage name="Village"/>
  </type>
    <type name="Shemagh_White">
        <nominal>6</nominal>
        <lifetime>5600</lifetime>
        <restock>0</restock>
        <min>3</min>
        <quantmin>-1</quantmin>
        <quantmax>-1</quantmax>
        <cost>100</cost>
        <flags count_in_cargo="0" count_in_hoarder="0" count_in_map="1" count_in_player="0" crafted="0" deloot="0"/>
        <category name="clothes"/>
        <tag name="floor"/>
        <usage name="Town"/>
        <usage name="Village"/>
  </type>
    <type name="Layered_Shirt_Base">
        <nominal>6</nominal>
        <lifetime>2700</lifetime>
        <restock>0</restock>
        <min>1</min>
        <quantmin>-1</quantmin>
        <quantmax>-1</quantmax>
        <cost>100</cost>
        <flags count_in_cargo="0" count_in_hoarder="0" count_in_map="1" count_in_player="0" crafted="0" deloot="0"/>
        <category name="clothes"/>
        <usage name="Town"/>
        <usage name="Village"/>
    </type>
    <type name="Layered_Shirt_White">
        <nominal>6</nominal>
        <lifetime>2700</lifetime>
        <restock>0</restock>
        <min>1</min>
        <quantmin>-1</quantmin>
        <quantmax>-1</quantmax>
        <cost>100</cost>
        <flags count_in_cargo="0" count_in_hoarder="0" count_in_map="1" count_in_player="0" crafted="0" deloot="0"/>
        <category name="clothes"/>
        <usage name="Town"/>
        <usage name="Village"/>
    </type>
    <type name="Layered_Shirt_Cheburashka">
        <nominal>6</nominal>
        <lifetime>2700</lifetime>
        <restock>0</restock>
        <min>1</min>
        <quantmin>-1</quantmin>
        <quantmax>-1</quantmax>
        <cost>100</cost>
        <flags count_in_cargo="0" count_in_hoarder="0" count_in_map="1" count_in_player="0" crafted="0" deloot="0"/>
        <category name="clothes"/>
        <usage name="Town"/>
        <usage name="Village"/>
    </type>
    <type name="Layered_Shirt_Courage">
        <nominal>6</nominal>
        <lifetime>2700</lifetime>
        <restock>0</restock>
        <min>1</min>
        <quantmin>-1</quantmin>
        <quantmax>-1</quantmax>
        <cost>100</cost>
        <flags count_in_cargo="0" count_in_hoarder="0" count_in_map="1" count_in_player="0" crafted="0" deloot="0"/>
        <category name="clothes"/>
        <usage name="Town"/>
        <usage name="Village"/>
    </type>
    <type name="Layered_Shirt_Lily">
        <nominal>1</nominal>
        <lifetime>2700</lifetime>
        <restock>0</restock>
        <min>0</min>
        <quantmin>-1</quantmin>
        <quantmax>-1</quantmax>
        <cost>100</cost>
        <flags count_in_cargo="0" count_in_hoarder="0" count_in_map="1" count_in_player="0" crafted="0" deloot="0"/>
        <category name="clothes"/>
        <usage name="Town"/>
        <usage name="Village"/>
    </type>
    <type name="Canvas_Backpack_Base">
        <nominal>3</nominal>
        <lifetime>21600</lifetime>
        <restock>0</restock>
        <min>1</min>
        <quantmin>-1</quantmin>
        <quantmax>-1</quantmax>
        <cost>100</cost>
        <flags count_in_cargo="0" count_in_hoarder="0" count_in_map="1" count_in_player="0" crafted="0" deloot="0"/>
        <category name="containers"/>
        <usage name="Town"/>
        <usage name="Village"/>
		<value name="Tier1"/>
        <value name="Tier2"/>
    </type>
    <type name="Canvas_Backpack_Black">
        <nominal>3</nominal>
        <lifetime>21600</lifetime>
        <restock>0</restock>
        <min>1</min>
        <quantmin>-1</quantmin>
        <quantmax>-1</quantmax>
        <cost>100</cost>
        <flags count_in_cargo="0" count_in_hoarder="0" count_in_map="1" count_in_player="0" crafted="0" deloot="0"/>
        <category name="containers"/>
        <usage name="Town"/>
        <usage name="Village"/>
		<value name="Tier1"/>
        <value name="Tier2"/>
    </type>
    <type name="Canvas_Backpack_White">
        <nominal>3</nominal>
        <lifetime>21600</lifetime>
        <restock>0</restock>
        <min>1</min>
        <quantmin>-1</quantmin>
        <quantmax>-1</quantmax>
        <cost>100</cost>
        <flags count_in_cargo="0" count_in_hoarder="0" count_in_map="1" count_in_player="0" crafted="0" deloot="0"/>
        <category name="containers"/>
        <usage name="Town"/>
        <usage name="Village"/>
		<value name="Tier1"/>
        <value name="Tier2"/>
    </type>
    <type name="Canvas_Backpack_Red">
        <nominal>3</nominal>
        <lifetime>21600</lifetime>
        <restock>0</restock>
        <min>1</min>
        <quantmin>-1</quantmin>
        <quantmax>-1</quantmax>
        <cost>100</cost>
        <flags count_in_cargo="0" count_in_hoarder="0" count_in_map="1" count_in_player="0" crafted="0" deloot="0"/>
        <category name="containers"/>
        <usage name="Town"/>
        <usage name="Village"/>
		<value name="Tier1"/>
        <value name="Tier2"/>
    </type>
    <type name="Canvas_Backpack_Blue">
        <nominal>3</nominal>
        <lifetime>21600</lifetime>
        <restock>0</restock>
        <min>1</min>
        <quantmin>-1</quantmin>
        <quantmax>-1</quantmax>
        <cost>100</cost>
        <flags count_in_cargo="0" count_in_hoarder="0" count_in_map="1" count_in_player="0" crafted="0" deloot="0"/>
        <category name="containers"/>
        <usage name="Town"/>
        <usage name="Village"/>
		<value name="Tier1"/>
        <value name="Tier2"/>
    </type>
    <type name="Canvas_Backpack_Purple">
        <nominal>3</nominal>
        <lifetime>21600</lifetime>
        <restock>0</restock>
        <min>1</min>
        <quantmin>-1</quantmin>
        <quantmax>-1</quantmax>
        <cost>100</cost>
        <flags count_in_cargo="0" count_in_hoarder="0" count_in_map="1" count_in_player="0" crafted="0" deloot="0"/>
        <category name="containers"/>
        <usage name="Town"/>
        <usage name="Village"/>
		<value name="Tier1"/>
        <value name="Tier2"/>
    </type>
    <type name="Golden_Winged_Pin">
        <nominal>6</nominal>
        <lifetime>21600</lifetime>
        <restock>0</restock>
        <min>1</min>
        <quantmin>-1</quantmin>
        <quantmax>-1</quantmax>
        <cost>100</cost>
        <flags count_in_cargo="0" count_in_hoarder="0" count_in_map="1" count_in_player="0" crafted="0" deloot="0"/>
        <category name="clothes"/>
        <usage name="Town"/>
        <usage name="Village"/>
    </type>
    <type name="Button_Pin_Radioactive">
        <nominal>6</nominal>
        <lifetime>21600</lifetime>
        <restock>0</restock>
        <min>1</min>
        <quantmin>-1</quantmin>
        <quantmax>-1</quantmax>
        <cost>100</cost>
        <flags count_in_cargo="0" count_in_hoarder="0" count_in_map="1" count_in_player="0" crafted="0" deloot="0"/>
        <category name="clothes"/>
        <usage name="Town"/>
        <usage name="Village"/>
    </type>
    <type name="Button_Pin_Daisy">
        <nominal>6</nominal>
        <lifetime>21600</lifetime>
        <restock>0</restock>
        <min>1</min>
        <quantmin>-1</quantmin>
        <quantmax>-1</quantmax>
        <cost>100</cost>
        <flags count_in_cargo="0" count_in_hoarder="0" count_in_map="1" count_in_player="0" crafted="0" deloot="0"/>
        <category name="clothes"/>
        <usage name="Town"/>
        <usage name="Village"/>
    </type>
    <type name="Sheriff_Badge">
        <nominal>6</nominal>
        <lifetime>21600</lifetime>
        <restock>0</restock>
        <min>1</min>
        <quantmin>-1</quantmin>
        <quantmax>-1</quantmax>
        <cost>100</cost>
        <flags count_in_cargo="0" count_in_hoarder="0" count_in_map="1" count_in_player="0" crafted="0" deloot="0"/>
        <category name="clothes"/>
        <usage name="Town"/>
        <usage name="Village"/>
    </type>
    <type name="Ragged_Eyepatch">
		<nominal>0</nominal>
		<lifetime>172800</lifetime>
		<restock>0</restock>
		<min>0</min>
		<quantmin>-1</quantmin>
		<quantmax>-1</quantmax>
		<cost>100</cost>
		<flags count_in_cargo="0" count_in_hoarder="0" count_in_map="0" count_in_player="0" crafted="1" deloot="0" />
		<category name="clothes"/>
        <usage name="Town"/>
        <usage name="Village"/>
    </type>
    <type name="Kneepads_Jeans_Base">
        <nominal>6</nominal>
        <lifetime>21600</lifetime>
        <restock>0</restock>
        <min>1</min>
        <quantmin>-1</quantmin>
        <quantmax>-1</quantmax>
        <cost>100</cost>
        <flags count_in_cargo="0" count_in_hoarder="0" count_in_map="1" count_in_player="0" crafted="0" deloot="0"/>
        <category name="clothes"/>
        <usage name="Town"/>
        <usage name="Village"/>
    </type>
    <type name="Kneepads_Jeans_Black">
        <nominal>6</nominal>
        <lifetime>21600</lifetime>
        <restock>0</restock>
        <min>1</min>
        <quantmin>-1</quantmin>
        <quantmax>-1</quantmax>
        <cost>100</cost>
        <flags count_in_cargo="0" count_in_hoarder="0" count_in_map="1" count_in_player="0" crafted="0" deloot="0"/>
        <category name="clothes"/>
        <usage name="Town"/>
        <usage name="Village"/>
    </type>
    <type name="Winter_Parka_Base">
        <nominal>12</nominal>
        <lifetime>21600</lifetime>
        <restock>0</restock>
        <min>6</min>
        <quantmin>-1</quantmin>
        <quantmax>-1</quantmax>
        <cost>100</cost>
        <flags count_in_cargo="0" count_in_hoarder="0" count_in_map="1" count_in_player="0" crafted="0" deloot="0"/>
        <category name="clothes"/>
        <usage name="Town"/>
        <usage name="Village"/>
    </type>
    <type name="Winter_Parka_White">
        <nominal>12</nominal>
        <lifetime>21600</lifetime>
        <restock>0</restock>
        <min>6</min>
        <quantmin>-1</quantmin>
        <quantmax>-1</quantmax>
        <cost>100</cost>
        <flags count_in_cargo="0" count_in_hoarder="0" count_in_map="1" count_in_player="0" crafted="0" deloot="0"/>
        <category name="clothes"/>
        <usage name="Town"/>
        <usage name="Village"/>
    </type>
    <type name="Winter_Parka_Green">
        <nominal>12</nominal>
        <lifetime>21600</lifetime>
        <restock>0</restock>
        <min>6</min>
        <quantmin>-1</quantmin>
        <quantmax>-1</quantmax>
        <cost>100</cost>
        <flags count_in_cargo="0" count_in_hoarder="0" count_in_map="1" count_in_player="0" crafted="0" deloot="0"/>
        <category name="clothes"/>
        <usage name="Town"/>
        <usage name="Village"/>
    </type>
    <type name="Medium_Sleeves_Shirt">
        <nominal>6</nominal>
        <lifetime>21600</lifetime>
        <restock>0</restock>
        <min>1</min>
        <quantmin>-1</quantmin>
        <quantmax>-1</quantmax>
        <cost>100</cost>
        <flags count_in_cargo="0" count_in_hoarder="0" count_in_map="1" count_in_player="0" crafted="0" deloot="0"/>
        <category name="clothes"/>
        <usage name="Town"/>
        <usage name="Village"/>
    </type>
    <type name="Medium_Sleeves_Shirt_Red">
        <nominal>6</nominal>
        <lifetime>21600</lifetime>
        <restock>0</restock>
        <min>1</min>
        <quantmin>-1</quantmin>
        <quantmax>-1</quantmax>
        <cost>100</cost>
        <flags count_in_cargo="0" count_in_hoarder="0" count_in_map="1" count_in_player="0" crafted="0" deloot="0"/>
        <category name="clothes"/>
        <usage name="Town"/>
        <usage name="Village"/>
    </type>
    <type name="Medium_Sleeves_Shirt_Blue">
        <nominal>6</nominal>
        <lifetime>21600</lifetime>
        <restock>0</restock>
        <min>1</min>
        <quantmin>-1</quantmin>
        <quantmax>-1</quantmax>
        <cost>100</cost>
        <flags count_in_cargo="0" count_in_hoarder="0" count_in_map="1" count_in_player="0" crafted="0" deloot="0"/>
        <category name="clothes"/>
        <usage name="Town"/>
        <usage name="Village"/>
    </type>
    <type name="FlipFlops_Colorbase">
        <nominal>6</nominal>
        <lifetime>21600</lifetime>
        <restock>0</restock>
        <min>1</min>
        <quantmin>-1</quantmin>
        <quantmax>-1</quantmax>
        <cost>100</cost>
        <flags count_in_cargo="0" count_in_hoarder="0" count_in_map="1" count_in_player="0" crafted="0" deloot="0"/>
        <category name="clothes"/>
        <usage name="Town"/>
        <usage name="Village"/>
    </type>
	<type name="HumanSkull">
		<nominal>0</nominal>
		<lifetime>172800</lifetime>
		<restock>0</restock>
		<min>0</min>
		<quantmin>-1</quantmin>
		<quantmax>-1</quantmax>
		<cost>100</cost>
		<flags count_in_cargo="0" count_in_hoarder="0" count_in_map="0" count_in_player="0" crafted="1" deloot="0" />
		<category name="tools" />
    </type>
	<type name="SkullMask">
		<nominal>1</nominal>
		<lifetime>172800</lifetime>
		<restock>0</restock>
		<min>0</min>
		<quantmin>-1</quantmin>
		<quantmax>-1</quantmax>
		<cost>100</cost>
		<flags count_in_cargo="0" count_in_hoarder="0" count_in_map="0" count_in_player="0" crafted="1" deloot="0" />
		<category name="tools" />
    </type>
    <type name="Slouch_Hat_Brown">
        <nominal>6</nominal>
        <lifetime>21600</lifetime>
        <restock>0</restock>
        <min>1</min>
        <quantmin>-1</quantmin>
        <quantmax>-1</quantmax>
        <cost>100</cost>
        <flags count_in_cargo="0" count_in_hoarder="0" count_in_map="1" count_in_player="0" crafted="0" deloot="0"/>
        <category name="clothes"/>
        <usage name="Military"/>
    </type>
        <type name="Eyepatch">
        <nominal>2</nominal>
        <lifetime>14400</lifetime>
        <restock>0</restock>
        <min>1</min>
        <quantmin>-1</quantmin>
        <quantmax>-1</quantmax>
        <cost>100</cost>
        <flags count_in_cargo="0" count_in_hoarder="0" count_in_map="1" count_in_player="0" crafted="0" deloot="0"/>
        <category name="tools"/>
        <usage name="Town"/>
        <usage name="Village"/>
        <usage name="Coast"/>
    </type>
    <type name="SK8_Sneakers_Black">
        <nominal>6</nominal>
        <lifetime>21600</lifetime>
        <restock>0</restock>
        <min>1</min>
        <quantmin>-1</quantmin>
        <quantmax>-1</quantmax>
        <cost>100</cost>
        <flags count_in_cargo="0" count_in_hoarder="0" count_in_map="1" count_in_player="0" crafted="0" deloot="0"/>
        <category name="clothes"/>
        <usage name="Town"/>
        <usage name="Village"/>
    </type>
    <type name="SK8_Sneakers_FullBlack">
        <nominal>6</nominal>
        <lifetime>21600</lifetime>
        <restock>0</restock>
        <min>1</min>
        <quantmin>-1</quantmin>
        <quantmax>-1</quantmax>
        <cost>100</cost>
        <flags count_in_cargo="0" count_in_hoarder="0" count_in_map="1" count_in_player="0" crafted="0" deloot="0"/>
        <category name="clothes"/>
        <usage name="Town"/>
        <usage name="Village"/>
    </type>
        <type name="SK8_Sneakers_Blue">
        <nominal>6</nominal>
        <lifetime>21600</lifetime>
        <restock>0</restock>
        <min>1</min>
        <quantmin>-1</quantmin>
        <quantmax>-1</quantmax>
        <cost>100</cost>
        <flags count_in_cargo="0" count_in_hoarder="0" count_in_map="1" count_in_player="0" crafted="0" deloot="0"/>
        <category name="clothes"/>
        <usage name="Town"/>
        <usage name="Village"/>
    </type>
    <type name="Round_Glasses">
        <nominal>1</nominal>
        <lifetime>21600</lifetime>
        <restock>0</restock>
        <min>0</min>
        <quantmin>-1</quantmin>
        <quantmax>-1</quantmax>
        <cost>100</cost>
        <flags count_in_cargo="0" count_in_hoarder="0" count_in_map="1" count_in_player="0" crafted="0" deloot="0"/>
        <category name="clothes"/>
        <usage name="Town"/>
        <usage name="Village"/>
    </type>
    <type name="Round_Glasses_Black">
        <nominal>6</nominal>
        <lifetime>21600</lifetime>
        <restock>0</restock>
        <min>1</min>
        <quantmin>-1</quantmin>
        <quantmax>-1</quantmax>
        <cost>100</cost>
        <flags count_in_cargo="0" count_in_hoarder="0" count_in_map="1" count_in_player="0" crafted="0" deloot="0"/>
        <category name="clothes"/>
        <usage name="Town"/>
        <usage name="Village"/>
    </type>
        <type name="Skinny_Jeans_Black">
        <nominal>6</nominal>
        <lifetime>21600</lifetime>
        <restock>0</restock>
        <min>1</min>
        <quantmin>-1</quantmin>
        <quantmax>-1</quantmax>
        <cost>100</cost>
        <flags count_in_cargo="0" count_in_hoarder="0" count_in_map="1" count_in_player="0" crafted="0" deloot="0"/>
        <category name="clothes"/>
        <usage name="Town"/>
        <usage name="Village"/>
    </type>
        <type name="Skinny_Jeans_Blue">
        <nominal>6</nominal>
        <lifetime>21600</lifetime>
        <restock>0</restock>
        <min>1</min>
        <quantmin>-1</quantmin>
        <quantmax>-1</quantmax>
        <cost>100</cost>
        <flags count_in_cargo="0" count_in_hoarder="0" count_in_map="1" count_in_player="0" crafted="0" deloot="0"/>
        <category name="clothes"/>
        <usage name="Town"/>
        <usage name="Village"/>
    </type>
        <type name="Tactical_Leg_Holster_Black">
        <nominal>2</nominal>
        <lifetime>7200</lifetime>
        <restock>0</restock>
        <min>1</min>
        <quantmin>-1</quantmin>
        <quantmax>-1</quantmax>
        <cost>100</cost>
        <flags count_in_cargo="0" count_in_hoarder="0" count_in_map="1" count_in_player="0" crafted="0" deloot="1"/>
        <category name="clothes"/>
        <usage name="Police"/>
        <usage name="Military"/>
        <value name="Tier3"/>
    </type>
    <type name="Scarf_Brown">
        <nominal>5</nominal>
        <lifetime>21600</lifetime>
        <restock>0</restock>
        <min>2</min>
        <quantmin>-1</quantmin>
        <quantmax>-1</quantmax>
        <cost>100</cost>
        <flags count_in_cargo="0" count_in_hoarder="0" count_in_map="1" count_in_player="0" crafted="0" deloot="0"/>
        <category name="clothes"/>
        <usage name="Town"/>
        <usage name="Village"/>
    </type>
    <type name="Scarf_ColorPalette1">
        <nominal>5</nominal>
        <lifetime>21600</lifetime>
        <restock>0</restock>
        <min>2</min>
        <quantmin>-1</quantmin>
        <quantmax>-1</quantmax>
        <cost>100</cost>
        <flags count_in_cargo="0" count_in_hoarder="0" count_in_map="1" count_in_player="0" crafted="0" deloot="0"/>
        <category name="clothes"/>
        <usage name="Town"/>
        <usage name="Village"/>
    </type>
    <type name="Scarf_Blue">
        <nominal>5</nominal>
        <lifetime>21600</lifetime>
        <restock>0</restock>
        <min>2</min>
        <quantmin>-1</quantmin>
        <quantmax>-1</quantmax>
        <cost>100</cost>
        <flags count_in_cargo="0" count_in_hoarder="0" count_in_map="1" count_in_player="0" crafted="0" deloot="0"/>
        <category name="clothes"/>
        <usage name="Town"/>
        <usage name="Village"/>
    </type>
	<type name="Kirza_Boots">
        <nominal>6</nominal>
        <lifetime>14400</lifetime>
        <restock>1800</restock>
        <min>1</min>
        <quantmin>-1</quantmin>
        <quantmax>-1</quantmax>
        <cost>100</cost>
        <flags count_in_cargo="0" count_in_hoarder="0" count_in_map="1" count_in_player="0" crafted="0" deloot="0"/>
        <category name="clothes"/>
        <tag name="floor"/>
        <usage name="Military"/>
    </type>
	<type name="Wool_GreatCoat_Navy">
        <nominal>3</nominal>
        <lifetime>21600</lifetime>
        <restock>0</restock>
        <min>1</min>
        <quantmin>-1</quantmin>
        <quantmax>-1</quantmax>
        <cost>100</cost>
        <flags count_in_cargo="0" count_in_hoarder="0" count_in_map="1" count_in_player="0" crafted="0" deloot="0"/>
        <category name="clothes"/>
        <usage name="Town"/>
        <usage name="Village"/>
        <value name="Tier2"/>
        <value name="Tier3"/>
    </type>
	<type name="Wool_GreatCoat_Olive">
        <nominal>3</nominal>
        <lifetime>21600</lifetime>
        <restock>0</restock>
        <min>1</min>
        <quantmin>-1</quantmin>
        <quantmax>-1</quantmax>
        <cost>100</cost>
        <flags count_in_cargo="0" count_in_hoarder="0" count_in_map="1" count_in_player="0" crafted="0" deloot="0"/>
        <category name="clothes"/>
        <usage name="Town"/>
        <usage name="Village"/>
        <value name="Tier2"/>
        <value name="Tier3"/>
    </type>
	<type name="Leather_Cloak_up">
		<lifetime>21600</lifetime>
		<quantmin>-1</quantmin>
		<quantmax>-1</quantmax>
		<cost>100</cost>
		<flags count_in_cargo="0" count_in_hoarder="0" count_in_map="0" count_in_player="0" crafted="1" deloot="0" />
		<category name="clothes" />
    </type>
	<type name="Leather_Cloak_down">
		<lifetime>21600</lifetime>
		<quantmin>-1</quantmin>
		<quantmax>-1</quantmax>
		<cost>100</cost>
		<flags count_in_cargo="0" count_in_hoarder="0" count_in_map="0" count_in_player="0" crafted="1" deloot="0" />
		<category name="clothes" />
    </type>
	<type name="Plague_Mask">
        <nominal>3</nominal>
        <lifetime>21600</lifetime>
        <restock>0</restock>
        <min>1</min>
        <quantmin>-1</quantmin>
        <quantmax>-1</quantmax>
        <cost>100</cost>
        <flags count_in_cargo="0" count_in_hoarder="0" count_in_map="1" count_in_player="0" crafted="0" deloot="0"/>
        <category name="clothes"/>
        <usage name="Underground"/>
    </type>
	<type name="Wool_GreatCoat_Grey">
        <nominal>3</nominal>
        <lifetime>21600</lifetime>
        <restock>0</restock>
        <min>1</min>
        <quantmin>-1</quantmin>
        <quantmax>-1</quantmax>
        <cost>100</cost>
        <flags count_in_cargo="0" count_in_hoarder="0" count_in_map="1" count_in_player="0" crafted="0" deloot="0"/>
        <category name="clothes"/>
        <usage name="Town"/>
        <usage name="Village"/>
        <value name="Tier2"/>
        <value name="Tier3"/>
    </type>
</types>
