<?xml version="1.0" encoding="UTF-8" standalone="yes"?>
<events>
	<!-- TURN ACTIVE IN WINTER, INACTIVE IN SUMMER -->
	<event name="VehicleSnowmobiles">
        <nominal>9</nominal>
        <min>6</min>
        <max>9</max>
        <lifetime>300</lifetime>
        <restock>0</restock>
        <saferadius>200</saferadius>
        <distanceradius>50</distanceradius>
        <cleanupradius>200</cleanupradius>
        <flags deletable="0" init_random="0" remove_damaged="1" sec_spawner="0"/>
        <position>fixed</position>
        <limit>mixed</limit>
        <active>0</active>
        <children>
            <child lootmax="0" lootmin="0" max="1" min="1" type="SavageSherpa"/>
            <child lootmax="0" lootmin="0" max="1" min="1" type="SavageSherpa_Black"/>
            <child lootmax="0" lootmin="0" max="1" min="1" type="SavageSherpa_Blue"/>
            <child lootmax="0" lootmin="0" max="1" min="1" type="SavageSherpa_Brown"/>
            <child lootmax="0" lootmin="0" max="1" min="1" type="SavageSherpa_Green"/>
            <child lootmax="0" lootmin="0" max="1" min="1" type="SavageSherpa_Mint"/>
            <child lootmax="0" lootmin="0" max="1" min="1" type="SavageSherpa_Pink"/>
            <child lootmax="0" lootmin="0" max="1" min="1" type="SavageSherpa_Purple"/>
            <child lootmax="0" lootmin="0" max="1" min="1" type="SavageSherpa_Red"/>
            <child lootmax="0" lootmin="0" max="1" min="1" type="SavageSherpa_Savage"/>
            <child lootmax="0" lootmin="0" max="1" min="1" type="SavageSherpa_Yellow"/>
            <child lootmax="0" lootmin="0" max="1" min="1" type="SavageSherpa_White"/>
            <child lootmax="0" lootmin="0" max="2" min="1" type="SavageSherpa_Cargo"/>
            <child lootmax="0" lootmin="0" max="1" min="1" type="SavageSherpa_Sport_Black"/>
            <child lootmax="0" lootmin="0" max="1" min="1" type="SavageSherpa_Sport_Blue"/>
            <child lootmax="0" lootmin="0" max="1" min="1" type="SavageSherpa_Sport_Red"/>
            <child lootmax="0" lootmin="0" max="1" min="1" type="SavageSherpa_Sport_DeepRed"/>
            <child lootmax="0" lootmin="0" max="1" min="1" type="SavageSherpa_Sport_Pink"/>
            <child lootmax="0" lootmin="0" max="1" min="1" type="SavageSherpa_Sport_Purple"/>
            <child lootmax="0" lootmin="0" max="1" min="1" type="SavageSherpa_Sport_White"/>
            <child lootmax="0" lootmin="0" max="1" min="1" type="SavageSherpa_Sport_DiamondCut"/>
        </children>
    </event>
	<event name="AnimalPolarBear">
        <nominal>0</nominal>
        <min>5</min>
        <max>8</max>
        <lifetime>180</lifetime>
        <restock>0</restock>
        <saferadius>200</saferadius>
        <distanceradius>0</distanceradius>
        <cleanupradius>0</cleanupradius>
        <flags deletable="0" init_random="0" remove_damaged="1"/>
        <position>fixed</position>
        <limit>custom</limit>
        <active>0</active>
        <children>
            <child lootmax="0" lootmin="0" max="1" min="1" type="Animal_ZenUrsusMaritimus"/>
        </children>
    </event>
	<event name="AnimalPolarBloodBear">
        <nominal>0</nominal>
        <min>1</min>
        <max>2</max>
        <lifetime>180</lifetime>
        <restock>0</restock>
        <saferadius>200</saferadius>
        <distanceradius>0</distanceradius>
        <cleanupradius>0</cleanupradius>
        <flags deletable="0" init_random="0" remove_damaged="1"/>
        <position>fixed</position>
        <limit>child</limit>
        <active>0</active>
        <children>
            <child lootmax="0" lootmin="0" max="1" min="1" type="Animal_ZenUrsusMaritimusRed"/>
        </children>
    </event>
	<!-- TURN ACTIVE IN SUMMER, INACTIVE IN WINTER -->
	<event name="AmbientSeagull">
		<nominal>3</nominal>
		<min>0</min>
		<max>50</max>
		<lifetime>33</lifetime>
		<restock>15</restock>
		<saferadius>200</saferadius>
		<distanceradius>0</distanceradius>
		<cleanupradius>0</cleanupradius>
		<flags deletable="0" init_random="0" remove_damaged="0"/>
		<position>fixed</position>
		<limit>mixed</limit>
		<active>1</active>
		<children>
			<child lootmax="0" lootmin="0" max="3" min="1" type="Animal_Seagull"/>
			<child lootmax="0" lootmin="0" max="3" min="1" type="Animal_Seagull_Airborne"/>
		</children>
	</event>
	<event name="AnimalSnake">
		<nominal>6</nominal>
		<min>4</min>
		<max>6</max>
		<lifetime>180</lifetime>
		<restock>0</restock>
		<saferadius>200</saferadius>
		<distanceradius>0</distanceradius>
		<cleanupradius>0</cleanupradius>
		<flags deletable="0" init_random="0" remove_damaged="1"/>
		<position>fixed</position>
		<limit>child</limit>
		<active>1</active>
		<children>
		<child lootmax="0" lootmin="0" max="4" min="0" type="Animal_Snake"/>
		</children>
	</event>
	<event name="AnimalBlackBear">
        <nominal>0</nominal>
        <min>1</min>
        <max>2</max>
        <lifetime>180</lifetime>
        <restock>0</restock>
        <saferadius>200</saferadius>
        <distanceradius>0</distanceradius>
        <cleanupradius>0</cleanupradius>
        <flags deletable="0" init_random="0" remove_damaged="1"/>
        <position>fixed</position>
        <limit>child</limit>
        <active>1</active>
        <children>
            <child lootmax="0" lootmin="0" max="1" min="1" type="Animal_ZenUrsusArctosBlack"/>
        </children>
    </event>
	<event name="AnimalBloodBear">
        <nominal>0</nominal>
        <min>1</min>
        <max>2</max>
        <lifetime>180</lifetime>
        <restock>0</restock>
        <saferadius>200</saferadius>
        <distanceradius>0</distanceradius>
        <cleanupradius>0</cleanupradius>
        <flags deletable="0" init_random="0" remove_damaged="1"/>
        <position>fixed</position>
        <limit>child</limit>
        <active>1</active>
        <children>
            <child lootmax="0" lootmin="0" max="1" min="1" type="Animal_ZenUrsusArctosRed"/>
        </children>
    </event>
	<event name="AnimalBear">
        <nominal>0</nominal>
        <min>5</min>
        <max>8</max>
        <lifetime>180</lifetime>
        <restock>0</restock>
        <saferadius>200</saferadius>
        <distanceradius>0</distanceradius>
        <cleanupradius>0</cleanupradius>
        <flags deletable="0" init_random="0" remove_damaged="1"/>
        <position>fixed</position>
        <limit>custom</limit>
        <active>1</active>
        <children>
            <child lootmax="0" lootmin="0" max="1" min="1" type="Animal_UrsusArctos"/>
        </children>
    </event>
	<event name="AnimalCrocodile1">
		<nominal>2</nominal>
        <min>1</min>
        <max>2</max>
        <lifetime>180</lifetime>
        <restock>0</restock>
        <saferadius>200</saferadius>
        <distanceradius>0</distanceradius>
        <cleanupradius>0</cleanupradius>
        <flags deletable="0" init_random="0" remove_damaged="1"/>
        <position>fixed</position>
        <limit>parent</limit>
        <active>1</active>
        <children>
            <child lootmax="0" lootmin="0" max="1" min="1" type="Animal_Crocodile"/>
        </children>
    </event>
	<event name="AnimalCrocodile2">
		<nominal>2</nominal>
        <min>1</min>
        <max>2</max>
        <lifetime>180</lifetime>
        <restock>0</restock>
        <saferadius>200</saferadius>
        <distanceradius>0</distanceradius>
        <cleanupradius>0</cleanupradius>
        <flags deletable="0" init_random="0" remove_damaged="1"/>
        <position>fixed</position>
        <limit>parent</limit>
        <active>1</active>
        <children>
            <child lootmax="0" lootmin="0" max="1" min="1" type="Animal_Crocodile_Green"/>
        </children>
    </event>
	<event name="AnimalCrocodile3">
		<nominal>2</nominal>
        <min>1</min>
        <max>2</max>
        <lifetime>180</lifetime>
        <restock>0</restock>
        <saferadius>200</saferadius>
        <distanceradius>0</distanceradius>
        <cleanupradius>0</cleanupradius>
        <flags deletable="0" init_random="0" remove_damaged="1"/>
        <position>fixed</position>
        <limit>parent</limit>
        <active>1</active>
        <children>
            <child lootmax="0" lootmin="0" max="1" min="1" type="Animal_Crocodile_Brown"/>
        </children>
    </event>
	<event name="AnimalCrocodile4">
		<nominal>2</nominal>
        <min>1</min>
        <max>2</max>
        <lifetime>180</lifetime>
        <restock>0</restock>
        <saferadius>200</saferadius>
        <distanceradius>0</distanceradius>
        <cleanupradius>0</cleanupradius>
        <flags deletable="0" init_random="0" remove_damaged="1"/>
        <position>fixed</position>
        <limit>parent</limit>
        <active>1</active>
        <children>
            <child lootmax="0" lootmin="0" max="1" min="1" type="Animal_Crocodile_Grey"/>
        </children>
    </event>
	<event name="AnimalCrocodile5">
		<nominal>1</nominal>
        <min>1</min>
        <max>1</max>
        <lifetime>180</lifetime>
        <restock>0</restock>
        <saferadius>200</saferadius>
        <distanceradius>0</distanceradius>
        <cleanupradius>0</cleanupradius>
        <flags deletable="0" init_random="0" remove_damaged="1"/>
        <position>fixed</position>
        <limit>parent</limit>
        <active>1</active>
        <children>
            <child lootmax="0" lootmin="0" max="1" min="1" type="Animal_Crocodile_Albine"/>
        </children>
    </event>
	<event name="TrajectoryApple">
        <nominal>140</nominal>
        <min>2</min>
        <max>4</max>
        <lifetime>180</lifetime>
        <restock>0</restock>
        <saferadius>25</saferadius>
        <distanceradius>100</distanceradius>
        <cleanupradius>25</cleanupradius>
        <flags deletable="0" init_random="0" remove_damaged="0"/>
        <position>player</position>
        <limit>mixed</limit>
        <active>1</active>
        <children>
            <child lootmax="0" lootmin="0" max="0" min="0" type="Apple"/>
        </children>
    </event>
    <event name="TrajectoryConiferous">
        <nominal>140</nominal>
        <min>2</min>
        <max>4</max>
        <lifetime>180</lifetime>
        <restock>0</restock>
        <saferadius>25</saferadius>
        <distanceradius>100</distanceradius>
        <cleanupradius>25</cleanupradius>
        <flags deletable="0" init_random="0" remove_damaged="0"/>
        <position>player</position>
        <limit>mixed</limit>
        <active>1</active>
        <children>
            <child lootmax="0" lootmin="0" max="0" min="0" type="BoletusMushroom"/>
            <child lootmax="0" lootmin="0" max="0" min="0" type="MacrolepiotaMushroom"/>
        </children>
    </event>
    <event name="TrajectoryDeciduous">
        <nominal>140</nominal>
        <min>2</min>
        <max>4</max>
        <lifetime>180</lifetime>
        <restock>0</restock>
        <saferadius>25</saferadius>
        <distanceradius>100</distanceradius>
        <cleanupradius>25</cleanupradius>
        <flags deletable="0" init_random="0" remove_damaged="0"/>
        <position>player</position>
        <limit>mixed</limit>
        <active>1</active>
        <children>
            <child lootmax="0" lootmin="0" max="0" min="0" type="LactariusMushroom"/>
        </children>
    </event>
    <event name="TrajectoryHumus">
        <nominal>140</nominal>
        <min>2</min>
        <max>4</max>
        <lifetime>180</lifetime>
        <restock>0</restock>
        <saferadius>25</saferadius>
        <distanceradius>100</distanceradius>
        <cleanupradius>25</cleanupradius>
        <flags deletable="0" init_random="0" remove_damaged="0"/>
        <position>player</position>
        <limit>mixed</limit>
        <active>1</active>
        <children>
            <child lootmax="0" lootmin="0" max="0" min="0" type="AgaricusMushroom"/>
            <child lootmax="0" lootmin="0" max="0" min="0" type="PleurotusMushroom"/>
        </children>
    </event>
    <event name="TrajectoryPear">
        <nominal>140</nominal>
        <min>2</min>
        <max>4</max>
        <lifetime>180</lifetime>
        <restock>0</restock>
        <saferadius>25</saferadius>
        <distanceradius>100</distanceradius>
        <cleanupradius>25</cleanupradius>
        <flags deletable="0" init_random="0" remove_damaged="0"/>
        <position>player</position>
        <limit>mixed</limit>
        <active>1</active>
        <children>
            <child lootmax="0" lootmin="0" max="0" min="0" type="Pear"/>
        </children>
    </event>
    <event name="TrajectoryPlum">
        <nominal>140</nominal>
        <min>2</min>
        <max>4</max>
        <lifetime>180</lifetime>
        <restock>0</restock>
        <saferadius>25</saferadius>
        <distanceradius>100</distanceradius>
        <cleanupradius>25</cleanupradius>
        <flags deletable="0" init_random="0" remove_damaged="0"/>
        <position>player</position>
        <limit>mixed</limit>
        <active>1</active>
        <children>
            <child lootmax="0" lootmin="0" max="0" min="0" type="Plum"/>
        </children>
    </event>
</events>