{
    "m_Version": 1,
    "Enabled": 1,
    "Weight": 100.0,
    "MissionMaxTime": 3600,
    "MissionName": "Random_Livonia",
    "Difficulty": 0,
    "Objective": 0,
    "Reward": "",
    "ShowNotification": 1,
    "Height": 450.0,
    "Speed": 25.0,
    "Container": "Random",
    "FallSpeed": 4.5,
    "DropLocation": {
        "x": 6300.0,
        "z": 6300.0,
        "Name": "Livonia",
        "Radius": 6300.0
    },
    "Infected": [],
    "ItemCount": -1,
    "InfectedCount": -1,
    "Loot": []
}