<?xml version="1.0" encoding="UTF-8" standalone="yes" ?>
<types>
    <type name="Prefab_Cabin">
        <lifetime>2419200</lifetime>
        <flags count_in_cargo="0" count_in_hoarder="0" count_in_map="1" count_in_player="0" crafted="1" deloot="0"/>
    </type>
	<type name="Cabin_Water_Pump">
        <lifetime>2419200</lifetime>
        <flags count_in_cargo="0" count_in_hoarder="0" count_in_map="1" count_in_player="0" crafted="1" deloot="0"/>
    </type>
	<type name="Cabin_Kit">
        <lifetime>14400</lifetime>
        <flags count_in_cargo="0" count_in_hoarder="0" count_in_map="1" count_in_player="0" crafted="1" deloot="0"/>
    </type>
</types>