{
    "ConfigVersion": 28,
    "ID": 1,
    "ObjectiveType": 7,
    "ObjectiveText": "Kill the Yellow King",
    "TimeLimit": -1,
    "Active": 1,
    "MaxDistance": -1.0,
    "MinDistance": -1.0,
    "AllowedWeapons": [],
    "AllowedDamageZones": [],
    "AISpawn": {
        "Name": "Quest Target",
        "Persist": 0,
        "Faction": "Shamans",
        "Formation": "RANDOM",
        "FormationLooseness": 0.0,
        "Loadout": "YellowKingLoadout",
        "Units": [
            "eAI_SurvivorM_Boris",
            "eAI_SurvivorM_Cyril",
            "eAI_SurvivorM_Denis",
            "eAI_SurvivorM_Elias",
            "eAI_SurvivorM_Francis",
            "eAI_SurvivorM_Guo",
            "eAI_SurvivorM_Hassan",
            "eAI_SurvivorM_Indar",
            "eAI_SurvivorM_Jose",
            "eAI_SurvivorM_Kaito",
            "eAI_SurvivorM_Lewis",
            "eAI_SurvivorM_Manua",
            "eAI_SurvivorM_Mirek",
            "eAI_SurvivorM_Niki",
            "eAI_SurvivorM_Oliver",
            "eAI_SurvivorM_Peter",
            "eAI_SurvivorM_Quinn",
            "eAI_SurvivorM_Rolf",
            "eAI_SurvivorM_Seth",
            "eAI_SurvivorM_Taiki"
        ],
        "NumberOfAI": 1,
        "Behaviour": "HALT",
        "Speed": "WALK",
        "UnderThreatSpeed": "SPRINT",
        "CanBeLooted": 1,
        "UnlimitedReload": 1,
        "SniperProneDistanceThreshold": 300.0,
        "AccuracyMin": 0.0,
        "AccuracyMax": 0.0,
        "ThreatDistanceLimit": 1000.0,
        "NoiseInvestigationDistanceLimit": -1.0,
        "DamageMultiplier": 1.0,
        "DamageReceivedMultiplier": 1.0,
        "MinDistRadius": 10.0,
        "MaxDistRadius": 150.0,
        "DespawnRadius": 300.0,
        "MinSpreadRadius": 0.0,
        "MaxSpreadRadius": 0.0,
        "Chance": 1.0,
        "WaypointInterpolation": "",
        "DespawnTime": 1.0,
        "RespawnTime": 1.0,
        "UseRandomWaypointAsStartPoint": 1,
        "Waypoints": [
            [
                648.326416015625,
                486.4576110839844,
                1148.830322265625
            ]
        ]
    }
}