{
    "m_Version": 4,
    "EnableGlobalChat": 0,
    "EnablePartyChat": 0,
    "EnableTransportChat": 0,
    "EnableExpansionChat": 0,
    "ChatColors": {
        "SystemChatColor": "EB45EBFF",
        "AdminChatColor": "FF392BFF",
        "GlobalChatColor": "58C3FFFF",
        "DirectChatColor": "FFFFFFFF",
        "TransportChatColor": "FFCE09FF",
        "PartyChatColor": "0AFA7AFF",
        "TransmitterChatColor": "F9FF49FF",
        "StatusMessageColor": "4B77BEFF",
        "ActionMessageColor": "F7CA18FF",
        "FriendlyMessageColor": "2ECC71FF",
        "ImportantMessageColor": "F22613FF",
        "DefaultMessageColor": "FFFFFFFF"
    },
    "BlacklistedWords": []
}