{
    "m_Version": 15,
    "DisableShootToUnlock": 0,
    "EnableGravecross": 0,
    "EnableAIGravecross": 0,
    "GravecrossDeleteBody": 1,
    "GravecrossTimeThreshold": 1200.0,
    "GravecrossSpawnTimeDelay": 180.0,
    "Mapping": {
        "UseCustomMappingModule": 0,
        "Mapping": [],
        "BuildingInteriors": 0,
        "Interiors": [
            "Land_House_1W02",
            "Land_House_1W06",
            "Land_House_1W07",
            "Land_House_1W11",
            "Land_House_2B02",
            "Land_House_2B04",
            "Land_Rail_Station_Big"
        ],
        "BuildingIvys": 0
    },
    "EnableLamps": 2,
    "EnableGenerators": 0,
    "EnableLighthouses": 1,
    "EnableHUDNightvisionOverlay": 1,
    "DisableMagicCrosshair": 1,
    "EnableAutoRun": 1,
    "UseDeathScreen": 0,
    "UseDeathScreenStatistics": 0,
    "UseExpansionMainMenuLogo": 0,
    "UseExpansionMainMenuIcons": 0,
    "UseExpansionMainMenuIntroScene": 1,
    "UseNewsFeedInGameMenu": 1,
    "UseHUDColors": 0,
    "HUDColors": {
        "StaminaBarColor": "FFFFFFFF",
        "StaminaBarColorHalf": "FFFFFFFF",
        "StaminaBarColorLow": "FFFFFFFF",
        "NotifierDividerColor": "DCDCDCFF",
        "TemperatureBurningColor": "DC0000FF",
        "TemperatureHotColor": "DCDC00FF",
        "TemperatureIdealColor": "DCDCDCFF",
        "TemperatureColdColor": "00CED1FF",
        "TemperatureFreezingColor": "1E90DCFF",
        "NotifiersIdealColor": "DCDCDCFF",
        "NotifiersHalfColor": "DCDC00FF",
        "NotifiersLowColor": "DC0000FF",
        "ReputationBaseColor": "DCDCDCFF",
        "ReputationMedColor": "DCDC00FF",
        "ReputationHighColor": "DC0000FF"
    },
    "EnableEarPlugs": 0,
    "InGameMenuLogoPath": "set:expansion_iconset image:logo_expansion_white"
}