{
    "m_Version": 8,
    "Safezone": 1,
    "AdminTools": 1,
    "ExplosionDamageSystem": 1,
    "VehicleCarKey": 1,
    "VehicleTowing": 0,
    "VehicleLockPicking": 0,
    "VehicleDestroyed": 0,
    "VehicleAttachments": 0,
    "VehicleEnter": 0,
    "VehicleLeave": 0,
    "VehicleDeleted": 0,
    "VehicleEngine": 0,
    "BaseBuildingRaiding": 0,
    "CodeLockRaiding": 0,
    "Territory": 0,
    "Killfeed": 0,
    "SpawnSelection": 0,
    "Party": 0,
    "MissionAirdrop": 0,
    "Chat": 0,
    "Market": 0,
    "ATM": 0,
    "AIGeneral": 0,
    "AIPatrol": 0,
    "AIObjectPatrol": 0,
    "LogToScripts": 0,
    "LogToADM": 0,
    "Hardline": 0,
    "Garage": 0,
    "VehicleCover": 0,
    "EntityStorage": 0,
    "Quests": 1
}