{
    "m_Version": 8,
    "EnableParties": 1,
    "MaxMembersInParty": 10,
    "UseWholeMapForInviteList": 0,
    "ShowPartyMember3DMarkers": 0,
    "ShowDistanceUnderPartyMembersMarkers": 0,
    "ShowNameOnPartyMembersMarkers": 0,
    "EnableQuickMarker": 0,
    "ShowDistanceUnderQuickMarkers": 0,
    "ShowNameOnQuickMarkers": 0,
    "CanCreatePartyMarkers": 1,
    "ShowPartyMemberHUD": 0,
    "ShowHUDMemberBlood": 1,
    "ShowHUDMemberStates": 1,
    "ShowHUDMemberStance": 1,
    "ShowPartyMemberMapMarkers": 1,
    "ShowHUDMemberDistance": 1,
    "ForcePartyToHaveTags": 0,
    "InviteCooldown": 0,
    "DisplayPartyTag": 1
}