{
    "m_Version": 5,
    "BaseBuildingRaidMode": 0,
    "ExplosionTime": 300.0,
    "ExplosiveDamageWhitelist": [],
    "EnableExplosiveWhitelist": 1,
    "ExplosionDamageMultiplier": 1.0,
    "ProjectileDamageMultiplier": 0.0,
    "CanRaidSafes": 1,
    "SafeRaidUseSchedule": 0,
    "SafeExplosionDamageMultiplier": 1.0,
    "SafeProjectileDamageMultiplier": 0.0,
    "SafeRaidTools": [
        "ExpansionPropaneTorch"
    ],
    "SafeRaidToolTimeSeconds": 300,
    "SafeRaidToolCycles": 1,
    "SafeRaidToolDamagePercent": 100.0,
    "CanRaidBarbedWire": 1,
    "BarbedWireRaidTools": [
        "ExpansionBoltCutters"
    ],
    "BarbedWireRaidToolTimeSeconds": 300,
    "BarbedWireRaidToolCycles": 5,
    "BarbedWireRaidToolDamagePercent": 100.0,
    "CanRaidLocksOnWalls": 0,
    "CanRaidLocksOnFences": 0,
    "CanRaidLocksOnTents": 0,
    "LockRaidTools": [],
    "LockOnWallRaidToolTimeSeconds": 900,
    "LockOnFenceRaidToolTimeSeconds": 900,
    "LockOnTentRaidToolTimeSeconds": 600,
    "LockRaidToolCycles": 5,
    "LockRaidToolDamagePercent": 100.0,
    "CanRaidLocksOnContainers": 1,
    "LockOnContainerRaidUseSchedule": 0,
    "LockOnContainerRaidTools": [
        "ExpansionPropaneTorch"
    ],
    "LockOnContainerRaidToolTimeSeconds": 600,
    "LockOnContainerRaidToolCycles": 5,
    "LockOnContainerRaidToolDamagePercent": 100.0,
    "Schedule": [
        {
            "Weekday": "Sunday",
            "StartHour": 0,
            "StartMinute": 0,
            "DurationMinutes": 1440
        },
        {
            "Weekday": "Monday",
            "StartHour": 0,
            "StartMinute": 0,
            "DurationMinutes": 1440
        },
        {
            "Weekday": "Tuesday",
            "StartHour": 0,
            "StartMinute": 0,
            "DurationMinutes": 1440
        },
        {
            "Weekday": "Wednesday",
            "StartHour": 0,
            "StartMinute": 0,
            "DurationMinutes": 1440
        },
        {
            "Weekday": "Thursday",
            "StartHour": 0,
            "StartMinute": 0,
            "DurationMinutes": 1440
        },
        {
            "Weekday": "Friday",
            "StartHour": 0,
            "StartMinute": 0,
            "DurationMinutes": 1440
        },
        {
            "Weekday": "Saturday",
            "StartHour": 0,
            "StartMinute": 0,
            "DurationMinutes": 1440
        }
    ]
}