{
    "m_Version": 4,
    "CanBuildAnywhere": 1,
    "AllowBuildingWithoutATerritory": 1,
    "DeployableOutsideATerritory": [],
    "DeployableInsideAEnemyTerritory": [
        "ExpansionSatchel",
		"HDSN_BreachingCharge",
		"HDSN_BreachingChargeHeavy",
		"Plastic_Explosive",
        "LandMineTrap",
        "BearTrap",
        "FishNetTrap",
        "RabbitSnareTrap",
        "SmallFishTrap",
        "TripwireTrap",
		"ZenNote",
		"Paper",
		"ZenSleepingBag_PackedBase",
		"CargoDroneKit",
		"SimpleDroneKit",
		"ReconDroneKit",
		"ReconDroneKit_ARCTIC",
		"ReconDroneKit_MULTICAMO",
		"ReconDroneKit_MULTICAMODARK",
		"ClaymoreMine",
		"Fireplace"
    ],
    "CanCraftVanillaBasebuilding": 1,
    "CanCraftExpansionBasebuilding": 0,
    "DestroyFlagOnDismantle": 1,
    "DismantleOutsideTerritory": 1,
    "DismantleInsideTerritory": 0,
    "DismantleAnywhere": 0,
    "CodelockActionsAnywhere": 1,
    "CodeLockLength": 6,
    "DoDamageWhenEnterWrongCodeLock": 1,
    "DamageWhenEnterWrongCodeLock": 1.0,
    "RememberCode": 1,
    "CanCraftTerritoryFlagKit": 1,
    "SimpleTerritory": 0,
    "AutomaticFlagOnCreation": 0,
    "GetTerritoryFlagKitAfterBuild": 0,
    "BuildZoneRequiredCustomMessage": "",
    "Zones": [
		{
            "Name": "Sanctuary Trader",
            "Center": [
                5643.119141,
				180.683838,
				10606.191406
            ],
            "Radius": 350.0,
            "Items": [
				"Paper",
				"PowerGenerator",
				"WoodenCrate",
				"ShelterKit",
				"MediumTent",
				"LargeTent",
				"CarTent",
				"PartyTent",
				"SleepingBag",
				"Zen_BoomBox",
				"ZenNote",
				"bl_plant",
				"UnfinishedDryingFrame",
				"DryingFrame",
				"CableReel",
				"Spotlight",
				"ZenSleepingBag_PackedBase",
				"Fireplace"
			],
            "IsWhitelist": 1,
            "CustomMessage": "Sebastian doesn't allow building or placing traps near the Sanctuary Trader Zone!"
        },
		{
            "Name": "Military",
            "Center": [
               4489.65,
			   0.0,
			   4818.16
            ],
            "Radius": 100.0,
            "Items": [
				"Trap",
				"Paper",
				"Fireplace",
				"LandMineTrap",
				"ClaymoreMine",
				"PowerGenerator",
				"Plastic_Explosive",
				"ImprovisedExplosive",
				"WoodenCrate",
				"ShelterKit",
				"MediumTent",
				"LargeTent",
				"CarTent",
				"PartyTent",
				"SleepingBag",
				"Zen_BoomBox",
				"ZenNote",
				"bl_plant",
				"UnfinishedDryingFrame",
				"DryingFrame",
				"CableReel",
				"Spotlight",
				"ZenSleepingBag_PackedBase"
			],
            "IsWhitelist": 1,
            "CustomMessage": "You cannot build within 100m of this military zone!"
        },
		{
            "Name": "Military",
            "Center": [
               2153.04,
			   0.0,
			   11042.20
            ],
            "Radius": 500.0,
            "Items": [
				"Trap",
				"Paper",
				"Fireplace",
				"LandMineTrap",
				"ClaymoreMine",
				"PowerGenerator",
				"Plastic_Explosive",
				"ImprovisedExplosive",
				"WoodenCrate",
				"ShelterKit",
				"MediumTent",
				"LargeTent",
				"CarTent",
				"PartyTent",
				"SleepingBag",
				"Zen_BoomBox",
				"ZenNote",
				"bl_plant",
				"UnfinishedDryingFrame",
				"DryingFrame",
				"CableReel",
				"Spotlight",
				"ZenSleepingBag_PackedBase"
			],
            "IsWhitelist": 1,
            "CustomMessage": "You cannot build within 500m of this military zone!"
        },
		{
            "Name": "Military",
            "Center": [
               4134.28,
			   0.0,
			   10429.69
            ],
            "Radius": 500.0,
            "Items": [
				"Trap",
				"Paper",
				"Fireplace",
				"LandMineTrap",
				"ClaymoreMine",
				"PowerGenerator",
				"Plastic_Explosive",
				"ImprovisedExplosive",
				"WoodenCrate",
				"ShelterKit",
				"MediumTent",
				"LargeTent",
				"CarTent",
				"PartyTent",
				"SleepingBag",
				"Zen_BoomBox",
				"ZenNote",
				"bl_plant",
				"UnfinishedDryingFrame",
				"DryingFrame",
				"CableReel",
				"Spotlight",
				"ZenSleepingBag_PackedBase"
			],
            "IsWhitelist": 1,
            "CustomMessage": "You cannot build within 500m of this military zone!"
        },
		{
            "Name": "Military",
            "Center": [
               8245.23,
			   0.0,
			   11131.32
            ],
            "Radius": 100.0,
            "Items": [
				"Trap",
				"Paper",
				"Fireplace",
				"LandMineTrap",
				"ClaymoreMine",
				"PowerGenerator",
				"Plastic_Explosive",
				"ImprovisedExplosive",
				"WoodenCrate",
				"ShelterKit",
				"MediumTent",
				"LargeTent",
				"CarTent",
				"PartyTent",
				"SleepingBag",
				"Zen_BoomBox",
				"ZenNote",
				"bl_plant",
				"UnfinishedDryingFrame",
				"DryingFrame",
				"CableReel",
				"Spotlight",
				"ZenSleepingBag_PackedBase"
			],
            "IsWhitelist": 1,
            "CustomMessage": "You cannot build within 100m of this military zone!"
        },
		{
            "Name": "Military",
            "Center": [
               4986.0,
			   0.0,
			   2145.0
            ],
            "Radius": 500.0,
            "Items": [
				"Trap",
				"Paper",
				"Fireplace",
				"LandMineTrap",
				"ClaymoreMine",
				"PowerGenerator",
				"Plastic_Explosive",
				"ImprovisedExplosive",
				"WoodenCrate",
				"ShelterKit",
				"MediumTent",
				"LargeTent",
				"CarTent",
				"PartyTent",
				"SleepingBag",
				"Zen_BoomBox",
				"ZenNote",
				"bl_plant",
				"UnfinishedDryingFrame",
				"DryingFrame",
				"CableReel",
				"Spotlight",
				"ZenSleepingBag_PackedBase"
			],
            "IsWhitelist": 1,
            "CustomMessage": "You cannot build within 500m of this military zone!"
        },
		{
            "Name": "Military",
            "Center": [
               4986.0,
			   0.0,
			   2145.0
            ],
            "Radius": 500.0,
            "Items": [
				"Trap",
				"Paper",
				"Fireplace",
				"LandMineTrap",
				"ClaymoreMine",
				"PowerGenerator",
				"Plastic_Explosive",
				"ImprovisedExplosive",
				"WoodenCrate",
				"ShelterKit",
				"MediumTent",
				"LargeTent",
				"CarTent",
				"PartyTent",
				"SleepingBag",
				"Zen_BoomBox",
				"ZenNote",
				"bl_plant",
				"UnfinishedDryingFrame",
				"DryingFrame",
				"CableReel",
				"Spotlight",
				"ZenSleepingBag_PackedBase"
			],
            "IsWhitelist": 1,
            "CustomMessage": "You cannot build within 500m of this military zone!"
        },
		{
            "Name": "Military",
            "Center": [
               702.0,
			   0.0,
			   1227.0
            ],
            "Radius": 500.0,
            "Items": [
				"Trap",
				"Paper",
				"Fireplace",
				"LandMineTrap",
				"ClaymoreMine",
				"PowerGenerator",
				"Plastic_Explosive",
				"ImprovisedExplosive",
				"WoodenCrate",
				"ShelterKit",
				"MediumTent",
				"LargeTent",
				"CarTent",
				"PartyTent",
				"SleepingBag",
				"Zen_BoomBox",
				"ZenNote",
				"bl_plant",
				"UnfinishedDryingFrame",
				"DryingFrame",
				"CableReel",
				"Spotlight",
				"ZenSleepingBag_PackedBase"
			],
            "IsWhitelist": 1,
            "CustomMessage": "You cannot build within 500m of this military zone!"
        },
		{
            "Name": "Military",
            "Center": [
               7454.0,
			   0.0,
			   2714.0
            ],
            "Radius": 500.0,
            "Items": [
				"Trap",
				"Paper",
				"Fireplace",
				"LandMineTrap",
				"ClaymoreMine",
				"PowerGenerator",
				"Plastic_Explosive",
				"ImprovisedExplosive",
				"WoodenCrate",
				"ShelterKit",
				"MediumTent",
				"LargeTent",
				"CarTent",
				"PartyTent",
				"SleepingBag",
				"Zen_BoomBox",
				"ZenNote",
				"bl_plant",
				"UnfinishedDryingFrame",
				"DryingFrame",
				"CableReel",
				"Spotlight",
				"ZenSleepingBag_PackedBase"
			],
            "IsWhitelist": 1,
            "CustomMessage": "You cannot build within 500m of this military zone!"
        },
		{
            "Name": "Military",
            "Center": [
               5612.0,
			   0.0,
			   3780.0
            ],
            "Radius": 150.0,
            "Items": [
				"Trap",
				"Paper",
				"Fireplace",
				"LandMineTrap",
				"ClaymoreMine",
				"PowerGenerator",
				"Plastic_Explosive",
				"ImprovisedExplosive",
				"WoodenCrate",
				"ShelterKit",
				"MediumTent",
				"LargeTent",
				"CarTent",
				"PartyTent",
				"SleepingBag",
				"Zen_BoomBox",
				"ZenNote",
				"bl_plant",
				"UnfinishedDryingFrame",
				"DryingFrame",
				"CableReel",
				"Spotlight",
				"ZenSleepingBag_PackedBase"
			],
            "IsWhitelist": 1,
            "CustomMessage": "You cannot build within 150m of this military zone!"
        },
		{
            "Name": "Military",
            "Center": [
               8920.0,
			   0.0,
			   2061.0
            ],
            "Radius": 100.0,
            "Items": [
				"Trap",
				"Paper",
				"Fireplace",
				"LandMineTrap",
				"ClaymoreMine",
				"PowerGenerator",
				"Plastic_Explosive",
				"ImprovisedExplosive",
				"WoodenCrate",
				"ShelterKit",
				"MediumTent",
				"LargeTent",
				"CarTent",
				"PartyTent",
				"SleepingBag",
				"Zen_BoomBox",
				"ZenNote",
				"bl_plant",
				"UnfinishedDryingFrame",
				"DryingFrame",
				"CableReel",
				"Spotlight",
				"ZenSleepingBag_PackedBase"
			],
            "IsWhitelist": 1,
            "CustomMessage": "You cannot build within 100m of this military zone!"
        },
		{
            "Name": "Military",
            "Center": [
               9907.0,
			   0.0,
			   3882.0
            ],
            "Radius": 250.0,
            "Items": [
				"Trap",
				"Paper",
				"Fireplace",
				"LandMineTrap",
				"ClaymoreMine",
				"PowerGenerator",
				"Plastic_Explosive",
				"ImprovisedExplosive",
				"WoodenCrate",
				"ShelterKit",
				"MediumTent",
				"LargeTent",
				"CarTent",
				"PartyTent",
				"SleepingBag",
				"Zen_BoomBox",
				"ZenNote",
				"bl_plant",
				"UnfinishedDryingFrame",
				"DryingFrame",
				"CableReel",
				"Spotlight",
				"ZenSleepingBag_PackedBase"
			],
            "IsWhitelist": 1,
            "CustomMessage": "You cannot build within 250m of this military zone!"
        },
		{
            "Name": "Military",
            "Center": [
               9907.0,
			   0.0,
			   3882.0
            ],
            "Radius": 250.0,
            "Items": [
				"Trap",
				"Paper",
				"Fireplace",
				"LandMineTrap",
				"ClaymoreMine",
				"PowerGenerator",
				"Plastic_Explosive",
				"ImprovisedExplosive",
				"WoodenCrate",
				"ShelterKit",
				"MediumTent",
				"LargeTent",
				"CarTent",
				"PartyTent",
				"SleepingBag",
				"Zen_BoomBox",
				"ZenNote",
				"bl_plant",
				"UnfinishedDryingFrame",
				"DryingFrame",
				"CableReel",
				"Spotlight",
				"ZenSleepingBag_PackedBase"
			],
            "IsWhitelist": 1,
            "CustomMessage": "You cannot build within 250m of this military zone!"
        },
		{
            "Name": "Military",
            "Center": [
               9888.0,
			   0.0,
			   8540.0
            ],
            "Radius": 250.0,
            "Items": [
				"Trap",
				"Paper",
				"Fireplace",
				"LandMineTrap",
				"ClaymoreMine",
				"PowerGenerator",
				"Plastic_Explosive",
				"ImprovisedExplosive",
				"WoodenCrate",
				"ShelterKit",
				"MediumTent",
				"LargeTent",
				"CarTent",
				"PartyTent",
				"SleepingBag",
				"Zen_BoomBox",
				"ZenNote",
				"bl_plant",
				"UnfinishedDryingFrame",
				"DryingFrame",
				"CableReel",
				"Spotlight",
				"ZenSleepingBag_PackedBase"
			],
            "IsWhitelist": 1,
            "CustomMessage": "You cannot build within 250m of this military zone!"
        },
		{
            "Name": "Military",
            "Center": [
               9023.0,
			   0.0,
			   6620.0
            ],
            "Radius": 250.0,
            "Items": [
				"Trap",
				"Paper",
				"Fireplace",
				"LandMineTrap",
				"ClaymoreMine",
				"PowerGenerator",
				"Plastic_Explosive",
				"ImprovisedExplosive",
				"WoodenCrate",
				"ShelterKit",
				"MediumTent",
				"LargeTent",
				"CarTent",
				"PartyTent",
				"SleepingBag",
				"Zen_BoomBox",
				"ZenNote",
				"bl_plant",
				"UnfinishedDryingFrame",
				"DryingFrame",
				"CableReel",
				"Spotlight",
				"ZenSleepingBag_PackedBase"
			],
            "IsWhitelist": 1,
            "CustomMessage": "You cannot build within 250m of this military zone!"
        },
		{
            "Name": "Military",
            "Center": [
               7704.0,
			   0.0,
			   5945.0
            ],
            "Radius": 500.0,
            "Items": [
				"Trap",
				"Paper",
				"Fireplace",
				"LandMineTrap",
				"ClaymoreMine",
				"PowerGenerator",
				"Plastic_Explosive",
				"ImprovisedExplosive",
				"WoodenCrate",
				"ShelterKit",
				"MediumTent",
				"LargeTent",
				"CarTent",
				"PartyTent",
				"SleepingBag",
				"Zen_BoomBox",
				"ZenNote",
				"bl_plant",
				"UnfinishedDryingFrame",
				"DryingFrame",
				"CableReel",
				"Spotlight",
				"ZenSleepingBag_PackedBase"
			],
            "IsWhitelist": 1,
            "CustomMessage": "You cannot build within 500m of this military zone!"
        },
		{
            "Name": "Military",
            "Center": [
               4424.0,
			   0.0,
			   6703.0
            ],
            "Radius": 100.0,
            "Items": [
				"Trap",
				"Paper",
				"Fireplace",
				"LandMineTrap",
				"ClaymoreMine",
				"PowerGenerator",
				"Plastic_Explosive",
				"ImprovisedExplosive",
				"WoodenCrate",
				"ShelterKit",
				"MediumTent",
				"LargeTent",
				"CarTent",
				"PartyTent",
				"SleepingBag",
				"Zen_BoomBox",
				"ZenNote",
				"bl_plant",
				"UnfinishedDryingFrame",
				"DryingFrame",
				"CableReel",
				"Spotlight",
				"ZenSleepingBag_PackedBase"
			],
            "IsWhitelist": 1,
            "CustomMessage": "You cannot build within 100m of this military zone!"
        },
		{
            "Name": "Military",
            "Center": [
               7795.0,
			   0.0,
			   9851.0
            ],
            "Radius": 500.0,
            "Items": [
				"Trap",
				"Paper",
				"Fireplace",
				"LandMineTrap",
				"ClaymoreMine",
				"PowerGenerator",
				"Plastic_Explosive",
				"ImprovisedExplosive",
				"WoodenCrate",
				"ShelterKit",
				"MediumTent",
				"LargeTent",
				"CarTent",
				"PartyTent",
				"SleepingBag",
				"Zen_BoomBox",
				"ZenNote",
				"bl_plant",
				"UnfinishedDryingFrame",
				"DryingFrame",
				"CableReel",
				"Spotlight",
				"ZenSleepingBag_PackedBase"
			],
            "IsWhitelist": 1,
            "CustomMessage": "You cannot build within 500m of this military zone!"
        },
		{
            "Name": "Military",
            "Center": [
               6416.0,
			   0.0,
			   8162.0
            ],
            "Radius": 100.0,
            "Items": [
				"Trap",
				"Paper",
				"Fireplace",
				"LandMineTrap",
				"ClaymoreMine",
				"PowerGenerator",
				"Plastic_Explosive",
				"ImprovisedExplosive",
				"WoodenCrate",
				"ShelterKit",
				"MediumTent",
				"LargeTent",
				"CarTent",
				"PartyTent",
				"SleepingBag",
				"Zen_BoomBox",
				"ZenNote",
				"bl_plant",
				"UnfinishedDryingFrame",
				"DryingFrame",
				"CableReel",
				"Spotlight",
				"ZenSleepingBag_PackedBase"
			],
            "IsWhitelist": 1,
            "CustomMessage": "You cannot build within 100m of this military zone!"
        },
		{
            "Name": "Military",
            "Center": [
               9715.347656,
			   209.711411,
			   8511.541992
            ],
            "Radius": 100.0,
            "Items": [
				"Trap",
				"Paper",
				"Fireplace",
				"LandMineTrap",
				"ClaymoreMine",
				"PowerGenerator",
				"Plastic_Explosive",
				"ImprovisedExplosive",
				"WoodenCrate",
				"ShelterKit",
				"MediumTent",
				"LargeTent",
				"CarTent",
				"PartyTent",
				"SleepingBag",
				"Zen_BoomBox",
				"ZenNote",
				"bl_plant",
				"UnfinishedDryingFrame",
				"DryingFrame",
				"CableReel",
				"Spotlight",
				"ZenSleepingBag_PackedBase"
			],
            "IsWhitelist": 1,
            "CustomMessage": "You cannot build within 100m of this military zone!"
        },
		{
            "Name": "Military",
            "Center": [
               4988.123047,
			   521.591187,
			   2153.803467
            ],
            "Radius": 500.0,
            "Items": [
				"Trap",
				"Paper",
				"Fireplace",
				"LandMineTrap",
				"ClaymoreMine",
				"PowerGenerator",
				"Plastic_Explosive",
				"ImprovisedExplosive",
				"WoodenCrate",
				"ShelterKit",
				"MediumTent",
				"LargeTent",
				"CarTent",
				"PartyTent",
				"SleepingBag",
				"Zen_BoomBox",
				"ZenNote",
				"bl_plant",
				"UnfinishedDryingFrame",
				"DryingFrame",
				"CableReel",
				"Spotlight",
				"ZenSleepingBag_PackedBase"
			],
            "IsWhitelist": 1,
            "CustomMessage": "You cannot build within 500m of this military zone!"
        },
		{
            "Name": "Military",
            "Center": [
               685.180359,
			   574.565369,
			   1186.509521
            ],
            "Radius": 500.0,
            "Items": [
				"Trap",
				"Paper",
				"Fireplace",
				"LandMineTrap",
				"ClaymoreMine",
				"PowerGenerator",
				"Plastic_Explosive",
				"ImprovisedExplosive",
				"WoodenCrate",
				"ShelterKit",
				"MediumTent",
				"LargeTent",
				"CarTent",
				"PartyTent",
				"SleepingBag",
				"Zen_BoomBox",
				"ZenNote",
				"bl_plant",
				"UnfinishedDryingFrame",
				"DryingFrame",
				"CableReel",
				"Spotlight",
				"ZenSleepingBag_PackedBase"
			],
            "IsWhitelist": 1,
            "CustomMessage": "You cannot build within 500m of this military zone!"
        },
		{
            "Name": "Quest",
            "Center": [
               1780.704590, 362.477539, 3822.643311
            ],
            "Radius": 100.0,
            "Items": [
				"Trap",
				"Paper",
				"Fireplace",
				"LandMineTrap",
				"ClaymoreMine",
				"PowerGenerator",
				"Plastic_Explosive",
				"ImprovisedExplosive",
				"WoodenCrate",
				"ShelterKit",
				"MediumTent",
				"LargeTent",
				"CarTent",
				"PartyTent",
				"SleepingBag",
				"Zen_BoomBox",
				"ZenNote",
				"bl_plant",
				"UnfinishedDryingFrame",
				"DryingFrame",
				"CableReel",
				"Spotlight",
				"ZenSleepingBag_PackedBase"
			],
            "IsWhitelist": 1,
            "CustomMessage": "You cannot build within 100m of this quest zone!"
        },
		{
            "Name": "Quest",
            "Center": [
               1893.460693, 268.885834, 4526.020020
            ],
            "Radius": 100.0,
            "Items": [
				"Trap",
				"Paper",
				"Fireplace",
				"LandMineTrap",
				"ClaymoreMine",
				"PowerGenerator",
				"Plastic_Explosive",
				"ImprovisedExplosive",
				"WoodenCrate",
				"ShelterKit",
				"MediumTent",
				"LargeTent",
				"CarTent",
				"PartyTent",
				"SleepingBag",
				"Zen_BoomBox",
				"ZenNote",
				"bl_plant",
				"UnfinishedDryingFrame",
				"DryingFrame",
				"CableReel",
				"Spotlight",
				"ZenSleepingBag_PackedBase"
			],
            "IsWhitelist": 1,
            "CustomMessage": "You cannot build within 100m of this quest zone!"
        },
		{
            "Name": "Quest",
            "Center": [
              7417.014160, 287.147980, 2616.622803
            ],
            "Radius": 20.0,
            "Items": [
				"Trap",
				"Paper",
				"Fireplace",
				"LandMineTrap",
				"ClaymoreMine",
				"PowerGenerator",
				"Plastic_Explosive",
				"ImprovisedExplosive",
				"WoodenCrate",
				"ShelterKit",
				"MediumTent",
				"LargeTent",
				"CarTent",
				"PartyTent",
				"SleepingBag",
				"Zen_BoomBox",
				"ZenNote",
				"bl_plant",
				"UnfinishedDryingFrame",
				"DryingFrame",
				"CableReel",
				"Spotlight",
				"ZenSleepingBag_PackedBase"
			],
            "IsWhitelist": 1,
            "CustomMessage": "You cannot build within 100m of this quest zone!"
        },
		{
            "Name": "Quest",
            "Center": [
               7413.187988, 4984.945313, 2596.521240
            ],
            "Radius": 200.0,
            "Items": [
				"Trap",
				"Paper",
				"Fireplace",
				"LandMineTrap",
				"ClaymoreMine",
				"PowerGenerator",
				"Plastic_Explosive",
				"ImprovisedExplosive",
				"WoodenCrate",
				"ShelterKit",
				"MediumTent",
				"LargeTent",
				"CarTent",
				"PartyTent",
				"SleepingBag",
				"Zen_BoomBox",
				"ZenNote",
				"bl_plant",
				"UnfinishedDryingFrame",
				"DryingFrame",
				"CableReel",
				"Spotlight",
				"ZenSleepingBag_PackedBase"
			],
            "IsWhitelist": 1,
            "CustomMessage": "You cannot build within 200m of this quest zone!"
        },
		{
            "Name": "Quest",
            "Center": [
               11058.907227, 284.877106, 3761.121094
            ],
            "Radius": 200.0,
            "Items": [
				"Trap",
				"Paper",
				"Fireplace",
				"LandMineTrap",
				"ClaymoreMine",
				"PowerGenerator",
				"Plastic_Explosive",
				"ImprovisedExplosive",
				"WoodenCrate",
				"ShelterKit",
				"MediumTent",
				"LargeTent",
				"CarTent",
				"PartyTent",
				"SleepingBag",
				"Zen_BoomBox",
				"ZenNote",
				"bl_plant",
				"UnfinishedDryingFrame",
				"DryingFrame",
				"CableReel",
				"Spotlight",
				"ZenSleepingBag_PackedBase"
			],
            "IsWhitelist": 1,
            "CustomMessage": "You cannot build within 200m of this quest zone!"
        }
	],
    "ZonesAreNoBuildZones": 1,
    "CodelockAttachMode": 1,
    "DismantleFlagMode": -1,
    "FlagMenuMode": 2,
    "OverrideVanillaEntityPlacement": 0,
    "EnableVirtualStorage": 0,
    "VirtualStorageExcludedContainers": [
        "ExpansionAirdropContainerBase"
    ]
}