{
    "m_Version": 5,
    "EnableMap": 1,
    "UseMapOnMapItem": 1,
    "ShowPlayerPosition": 2,
    "ShowMapStats": 0,
    "NeedPenItemForCreateMarker": 1,
    "NeedGPSItemForCreateMarker": 0,
    "CanCreateMarker": 1,
    "CanCreate3DMarker": 0,
    "CanOpenMapWithKeyBinding": 1,
    "ShowDistanceOnPersonalMarkers": 0,
    "EnableHUDGPS": 1,
    "NeedGPSItemForKeyBinding": 1,
    "NeedMapItemForKeyBinding": 1,
    "EnableServerMarkers": 1,
    "ShowNameOnServerMarkers": 1,
    "ShowDistanceOnServerMarkers": 1,
    "ServerMarkers": [
        {
            "m_UID": "BlackMarketTrader",
            "m_Visibility": 4,
            "m_Is3D": 0,
            "m_Text": "Black Market Trader",
            "m_IconName": "Gun",
            "m_Color": -65536,
            "m_Position": [
                5157.70263671875,
                520.8973999023438,
                2232.950927734375
            ],
            "m_Locked": 1,
            "m_Persist": 1
        },
        {
            "m_UID": "GeneralTrader",
            "m_Visibility": 4,
            "m_Is3D": 0,
            "m_Text": "Sanctuary Trader",
            "m_IconName": "Trader",
            "m_Color": -65536,
            "m_Position": [
                5645.36669921875,
                180.6439666748047,
                10610.8232421875
            ],
            "m_Locked": 1,
            "m_Persist": 1
        },
        {
            "m_UID": "PowerStation",
            "m_Visibility": 4,
            "m_Is3D": 0,
            "m_Text": "Power Station",
            "m_IconName": "Batteries",
            "m_Color": -65536,
            "m_Position": [
                11615.8642578125,
                252.7118682861328,
                7197.10400390625
            ],
            "m_Locked": 1,
            "m_Persist": 1
        },
        {
            "m_UID": "ContamZone",
            "m_Visibility": 4,
            "m_Is3D": 0,
            "m_Text": "Contaminated Zone",
            "m_IconName": "Radiation",
            "m_Color": -65536,
            "m_Position": [
                7386.939941,
				287.040009,
				2625.310059
            ],
            "m_Locked": 1,
            "m_Persist": 1
        }
    ],
    "EnableHUDCompass": 1,
    "NeedCompassItemForHUDCompass": 1,
    "NeedGPSItemForHUDCompass": 1,
    "CompassColor": -1,
    "CreateDeathMarker": 0,
    "PlayerLocationNotifier": 0,
    "CompassBadgesColor": -1946157056
}