{
    "m_Version": 15,
    "MarketSystemEnabled": 1,
    "NetworkCategories": [],
    "CurrencyIcon": "DayZExpansion/Core/GUI/icons/misc/T_Nails_256x256.edds",
    "ATMSystemEnabled": 1,
    "MaxDepositMoney": 500,
    "DefaultDepositMoney": 0,
    "ATMPlayerTransferEnabled": 1,
    "ATMPartyLockerEnabled": 1,
    "MaxPartyDepositMoney": 1000,
    "UseWholeMapForATMPlayerList": 1,
    "SellPricePercent": 30.0,
    "NetworkBatchSize": 10,
    "MaxVehicleDistanceToTrader": 80.0,
    "MaxLargeVehicleDistanceToTrader": 99999.0,
    "LargeVehicles": [
        "expansionlhd"
    ],
    "LandSpawnPositions": [
        {
            "Position": [
                5648.64990234375,
                180.7290802001953,
                10611.5
            ],
            "Orientation": [
                136.49899291992188,
                0.0,
                -0.14845100045204163
            ]
        }
    ],
    "AirSpawnPositions": [
        {
            "Position": [
                3999.662109375,
                240.574951171875,
                10196.234375
            ],
            "Orientation": [
                -0.21892699599266053,
                0.0,
                0.2238830029964447
            ]
        }
    ],
    "WaterSpawnPositions": [],
    "MarketMenuColors": {
        "BaseColorVignette": "000000C8",
        "BaseColorHeaders": "13171BFF",
        "BaseColorLabels": "27272DFF",
        "BaseColorText": "FBFCFEFF",
        "BaseColorCheckboxes": "FBFCFEFF",
        "BaseColorInfoSectionBackground": "2225268C",
        "BaseColorTooltipsHeaders": "000000F0",
        "BaseColorTooltipsBackground": "000000DC",
        "ColorDecreaseQuantityButton": "DD262614",
        "ColorDecreaseQuantityIcon": "DD262628",
        "ColorSetQuantityButton": "C7265114",
        "ColorIncreaseQuantityButton": "A0CC7114",
        "ColorIncreaseQuantityIcon": "A0CC7128",
        "ColorSellPanel": "27272DFF",
        "ColorSellButton": "DD262628",
        "ColorBuyPanel": "27272DFF",
        "ColorBuyButton": "A0CC7128",
        "ColorMarketIcon": "E241428C",
        "ColorFilterOptionsButton": "C726518C",
        "ColorFilterOptionsIcon": "C726518C",
        "ColorSearchFilterButton": "C726518C",
        "ColorCategoryButton": "C726518C",
        "ColorCategoryCollapseIcon": "C726518C",
        "ColorCurrencyDenominationText": "FFB418FF",
        "ColorItemButton": "C726518C",
        "ColorItemInfoIcon": "FFB418FF",
        "ColorItemInfoTitle": "FFB418FF",
        "ColorItemInfoHasContainerItems": "FFB418FF",
        "ColorItemInfoHasAttachments": "FFB418FF",
        "ColorItemInfoHasBullets": "FFB418FF",
        "ColorItemInfoIsAttachment": "FFB418FF",
        "ColorItemInfoIsEquipped": "FFB418FF",
        "ColorItemInfoAttachments": "FFB418FF",
        "ColorToggleCategoriesText": "C726518C",
        "ColorCategoryCorners": "FBFCFEFF",
        "ColorCategoryBackground": "222526FF"
    },
    "Currencies": [
        "nail"
    ],
    "VehicleKeys": [
        ""
    ],
    "MaxSZVehicleParkingTime": 1800.0,
    "SZVehicleParkingTicketFine": 0,
    "SZVehicleParkingFineUseKey": 1,
    "TrainSpawnPositions": [],
    "DisallowUnpersisted": 0
}