<?xml version="1.0" encoding="UTF-8" standalone="yes"?>
<types>
	<!-- Easter -->
	<type name="Zen_EasterEgg">
        <nominal>0</nominal>
        <lifetime>14400</lifetime>
        <restock>1800</restock>
        <min>0</min>
        <quantmin>100</quantmin>
        <quantmax>100</quantmax>
        <cost>100</cost>
        <flags count_in_cargo="0" count_in_hoarder="0" count_in_map="1" count_in_player="0" crafted="0" deloot="0"/>
        <category name="food"/>
    </type>
	<!-- Anniversary -->
	<type name="AnniversaryBox">
        <nominal>0</nominal>
        <lifetime>14400</lifetime>
        <restock>7200</restock>
        <min>0</min>
        <quantmin>-1</quantmin>
        <quantmax>-1</quantmax>
        <cost>100</cost>
        <flags count_in_cargo="0" count_in_hoarder="0" count_in_map="1" count_in_player="0" crafted="0" deloot="0"/>
        <category name="containers"/>
        <usage name="Village"/>
    </type>
    <type name="Anniversary_FireworksLauncher">
        <nominal>6</nominal>
        <lifetime>14400</lifetime>
        <restock>3600</restock>
        <min>3</min>
        <quantmin>-1</quantmin>
        <quantmax>-1</quantmax>
        <cost>100</cost>
        <flags count_in_cargo="0" count_in_hoarder="0" count_in_map="1" count_in_player="0" crafted="0" deloot="0"/>
        <category name="tools"/>
    </type>
	<type name="Tshirt_10thAnniversary">
        <nominal>0</nominal>
        <lifetime>14400</lifetime>
        <restock>7200</restock>
        <min>0</min>
        <quantmin>-1</quantmin>
        <quantmax>-1</quantmax>
        <cost>100</cost>
        <flags count_in_cargo="0" count_in_hoarder="0" count_in_map="1" count_in_player="0" crafted="0" deloot="0"/>
        <category name="clothes"/>
        <usage name="Town"/>
        <usage name="Village"/>
    </type>
	<!-- Halloween etc etc -->
	<type name="CrookedNose">
        <nominal>1</nominal>
        <lifetime>14400</lifetime>
        <restock>3600</restock>
        <min>0</min>
        <quantmin>-1</quantmin>
        <quantmax>-1</quantmax>
        <cost>100</cost>
        <flags count_in_cargo="0" count_in_hoarder="0" count_in_map="1" count_in_player="0" crafted="0" deloot="1"/>
        <usage name="Village"/>
    </type>
	<type name="WitchHat">
        <nominal>1</nominal>
        <lifetime>14400</lifetime>
        <restock>3600</restock>
        <min>0</min>
        <quantmin>-1</quantmin>
        <quantmax>-1</quantmax>
        <cost>100</cost>
        <flags count_in_cargo="0" count_in_hoarder="0" count_in_map="1" count_in_player="0" crafted="0" deloot="1"/>
        <usage name="Village"/>
    </type>
    <type name="WitchHood_Black">
        <nominal>1</nominal>
        <lifetime>14400</lifetime>
        <restock>3600</restock>
        <min>0</min>
        <quantmin>-1</quantmin>
        <quantmax>-1</quantmax>
        <cost>100</cost>
        <flags count_in_cargo="0" count_in_hoarder="0" count_in_map="1" count_in_player="0" crafted="0" deloot="1"/>
        <usage name="Village"/>
    </type>
    <type name="WitchHood_Brown">
        <nominal>1</nominal>
        <lifetime>14400</lifetime>
        <restock>3600</restock>
        <min>0</min>
        <quantmin>-1</quantmin>
        <quantmax>-1</quantmax>
        <cost>100</cost>
        <flags count_in_cargo="0" count_in_hoarder="0" count_in_map="1" count_in_player="0" crafted="0" deloot="1"/>
        <usage name="Village"/>
    </type>
    <type name="WitchHoodCoif_Black">
        <nominal>1</nominal>
        <lifetime>14400</lifetime>
        <restock>3600</restock>
        <min>0</min>
        <quantmin>-1</quantmin>
        <quantmax>-1</quantmax>
        <cost>100</cost>
        <flags count_in_cargo="0" count_in_hoarder="0" count_in_map="1" count_in_player="0" crafted="1" deloot="0"/>
        <category name="clothes"/>
    </type>
    <type name="WitchHoodCoif_Brown">
        <nominal>1</nominal>
        <lifetime>14400</lifetime>
        <restock>3600</restock>
        <min>0</min>
        <quantmin>-1</quantmin>
        <quantmax>-1</quantmax>
        <cost>100</cost>
        <flags count_in_cargo="0" count_in_hoarder="0" count_in_map="1" count_in_player="0" crafted="1" deloot="0"/>
        <category name="clothes"/>
    </type>
    <type name="WitchHoodCoif_Red">
        <nominal>1</nominal>
        <lifetime>14400</lifetime>
        <restock>3600</restock>
        <min>0</min>
        <quantmin>-1</quantmin>
        <quantmax>-1</quantmax>
        <cost>100</cost>
        <flags count_in_cargo="0" count_in_hoarder="0" count_in_map="1" count_in_player="0" crafted="1" deloot="0"/>
        <category name="clothes"/>
    </type>
    <type name="WitchHood_Red">
        <nominal>1</nominal>
        <lifetime>14400</lifetime>
        <restock>3600</restock>
        <min>0</min>
        <quantmin>-1</quantmin>
        <quantmax>-1</quantmax>
        <cost>100</cost>
        <flags count_in_cargo="0" count_in_hoarder="0" count_in_map="1" count_in_player="0" crafted="0" deloot="1"/>
        <usage name="Village"/>
    </type>
	<type name="PumpkinHelmet">
        <nominal>0</nominal>
        <lifetime>14400</lifetime>
        <restock>14400</restock>
        <min>0</min>
        <quantmin>-1</quantmin>
        <quantmax>-1</quantmax>
        <cost>100</cost>
        <flags count_in_cargo="0" count_in_hoarder="0" count_in_map="1" count_in_player="0" crafted="0" deloot="0"/>
        <category name="clothes"/>
    </type>
	<type name="Broom_Birch">
        <nominal>0</nominal>
        <lifetime>14400</lifetime>
        <restock>3600</restock>
        <min>0</min>
        <quantmin>-1</quantmin>
        <quantmax>-1</quantmax>
        <cost>100</cost>
        <flags count_in_cargo="0" count_in_hoarder="0" count_in_map="1" count_in_player="0" crafted="0" deloot="1"/>
        <usage name="Village"/>
    </type>
	<type name="Cauldron">
        <nominal>0</nominal>
        <lifetime>14400</lifetime>
        <restock>3600</restock>
        <min>0</min>
        <quantmin>-1</quantmin>
        <quantmax>-1</quantmax>
        <cost>100</cost>
        <flags count_in_cargo="0" count_in_hoarder="0" count_in_map="1" count_in_player="0" crafted="0" deloot="1"/>
        <usage name="Village"/>
    </type>
	<!-- Eyemasks -->
	<type name="EyeMask_NewYears">
        <nominal>6</nominal>
        <lifetime>14400</lifetime>
        <restock>3600</restock>
        <min>3</min>
        <quantmin>-1</quantmin>
        <quantmax>-1</quantmax>
        <cost>100</cost>
        <flags count_in_cargo="0" count_in_hoarder="0" count_in_map="1" count_in_player="0" crafted="0" deloot="0"/>
        <category name="clothes"/>
        <usage name="Town"/>
        <usage name="Village"/>
        <usage name="Village"/>
    </type>
	<type name="EyeMask_Dead">
        <nominal>1</nominal>
        <lifetime>14400</lifetime>
        <restock>3600</restock>
        <min>0</min>
        <quantmin>-1</quantmin>
        <quantmax>-1</quantmax>
        <cost>100</cost>
        <flags count_in_cargo="0" count_in_hoarder="0" count_in_map="1" count_in_player="0" crafted="0" deloot="0"/>
        <category name="clothes"/>
        <usage name="Village"/>
    </type>
	<type name="EyeMask_Valentines">
        <nominal>1</nominal>
        <lifetime>14400</lifetime>
        <restock>3600</restock>
        <min>0</min>
        <quantmin>-1</quantmin>
        <quantmax>-1</quantmax>
        <cost>100</cost>
        <flags count_in_cargo="0" count_in_hoarder="0" count_in_map="0" count_in_player="0" crafted="0" deloot="0"/>
        <category name="clothes"/>
        <usage name="Village"/>
    </type>
	<!-- Christmas -->
	<type name="Candycane_Green">
        <nominal>1</nominal>
        <lifetime>14400</lifetime>
        <restock>3600</restock>
        <min>0</min>
        <quantmin>100</quantmin>
        <quantmax>100</quantmax>
        <cost>100</cost>
        <flags count_in_cargo="0" count_in_hoarder="0" count_in_map="1" count_in_player="0" crafted="0" deloot="0"/>
        <category name="food"/>
        <usage name="Town"/>
        <usage name="Village"/>
    </type>
    <type name="Candycane_Red">
        <nominal>1</nominal>
        <lifetime>14400</lifetime>
        <restock>3600</restock>
        <min>0</min>
        <quantmin>100</quantmin>
        <quantmax>100</quantmax>
        <cost>100</cost>
        <flags count_in_cargo="0" count_in_hoarder="0" count_in_map="1" count_in_player="0" crafted="0" deloot="0"/>
        <category name="food"/>
        <usage name="Town"/>
        <usage name="Village"/>
    </type>
    <type name="Candycane_RedGreen">
        <nominal>1</nominal>
        <lifetime>14400</lifetime>
        <restock>3600</restock>
        <min>0</min>
        <quantmin>100</quantmin>
        <quantmax>100</quantmax>
        <cost>100</cost>
        <flags count_in_cargo="0" count_in_hoarder="0" count_in_map="1" count_in_player="0" crafted="0" deloot="0"/>
        <category name="food"/>
        <usage name="Town"/>
        <usage name="Village"/>
    </type>
    <type name="Candycane_Yellow">
        <nominal>1</nominal>
        <lifetime>14400</lifetime>
        <restock>3600</restock>
        <min>0</min>
        <quantmin>100</quantmin>
        <quantmax>100</quantmax>
        <cost>100</cost>
        <flags count_in_cargo="0" count_in_hoarder="0" count_in_map="1" count_in_player="0" crafted="0" deloot="0"/>
        <category name="food"/>
        <usage name="Town"/>
        <usage name="Village"/>
    </type>
	<type name="ChristmasHeadband_Antlers">
        <nominal>3</nominal>
        <lifetime>14400</lifetime>
        <restock>3600</restock>
        <min>2</min>
        <quantmin>-1</quantmin>
        <quantmax>-1</quantmax>
        <cost>100</cost>
        <flags count_in_cargo="0" count_in_hoarder="0" count_in_map="1" count_in_player="0" crafted="0" deloot="0"/>
        <category name="clothes"/>
        <usage name="Lunapark"/>
    </type>
    <type name="ChristmasHeadband_Gingerbread">
        <nominal>2</nominal>
        <lifetime>14400</lifetime>
        <restock>3600</restock>
        <min>1</min>
        <quantmin>-1</quantmin>
        <quantmax>-1</quantmax>
        <cost>100</cost>
        <flags count_in_cargo="0" count_in_hoarder="0" count_in_map="1" count_in_player="0" crafted="0" deloot="0"/>
        <category name="clothes"/>
        <usage name="Lunapark"/>
    </type>
    <type name="ChristmasHeadband_Trees">
        <nominal>3</nominal>
        <lifetime>14400</lifetime>
        <restock>3600</restock>
        <min>2</min>
        <quantmin>-1</quantmin>
        <quantmax>-1</quantmax>
        <cost>100</cost>
        <flags count_in_cargo="0" count_in_hoarder="0" count_in_map="1" count_in_player="0" crafted="0" deloot="0"/>
        <category name="clothes"/>
        <usage name="Lunapark"/>
    </type>
	<type name="SantasBeard">
        <nominal>3</nominal>
        <lifetime>14400</lifetime>
        <restock>3600</restock>
        <min>2</min>
        <quantmin>-1</quantmin>
        <quantmax>-1</quantmax>
        <cost>100</cost>
        <flags count_in_cargo="0" count_in_hoarder="0" count_in_map="1" count_in_player="0" crafted="0" deloot="0"/>
        <category name="clothes"/>
        <tag name="shelves"/>
        <usage name="Town"/>
        <usage name="Village"/>
        <usage name="Village"/>
    </type>
    <type name="SantasHat">
        <nominal>3</nominal>
        <lifetime>14400</lifetime>
        <restock>3600</restock>
        <min>2</min>
        <quantmin>-1</quantmin>
        <quantmax>-1</quantmax>
        <cost>100</cost>
        <flags count_in_cargo="0" count_in_hoarder="0" count_in_map="1" count_in_player="0" crafted="0" deloot="0"/>
        <category name="clothes"/>
        <tag name="shelves"/>
        <usage name="Town"/>
    </type>
	<type name="WoolGlovesFingerless_ChristmasBlue">
        <nominal>3</nominal>
        <lifetime>14400</lifetime>
        <restock>3600</restock>
        <min>2</min>
        <quantmin>-1</quantmin>
        <quantmax>-1</quantmax>
        <cost>100</cost>
        <flags count_in_cargo="0" count_in_hoarder="0" count_in_map="1" count_in_player="0" crafted="0" deloot="0"/>
        <category name="clothes"/>
        <usage name="Village"/>
    </type>
    <type name="WoolGlovesFingerless_ChristmasRed">
        <nominal>3</nominal>
        <lifetime>14400</lifetime>
        <restock>3600</restock>
        <min>2</min>
        <quantmin>-1</quantmin>
        <quantmax>-1</quantmax>
        <cost>100</cost>
        <flags count_in_cargo="0" count_in_hoarder="0" count_in_map="1" count_in_player="0" crafted="0" deloot="0"/>
        <category name="clothes"/>
        <usage name="Village"/>
    </type>
	<type name="WoolGloves_ChristmasBlue">
        <nominal>3</nominal>
        <lifetime>14400</lifetime>
        <restock>3600</restock>
        <min>2</min>
        <quantmin>-1</quantmin>
        <quantmax>-1</quantmax>
        <cost>100</cost>
        <flags count_in_cargo="0" count_in_hoarder="0" count_in_map="1" count_in_player="0" crafted="0" deloot="0"/>
        <category name="clothes"/>
        <usage name="Village"/>
    </type>
    <type name="WoolGloves_ChristmasRed">
        <nominal>3</nominal>
        <lifetime>14400</lifetime>
        <restock>3600</restock>
        <min>2</min>
        <quantmin>-1</quantmin>
        <quantmax>-1</quantmax>
        <cost>100</cost>
        <flags count_in_cargo="0" count_in_hoarder="0" count_in_map="1" count_in_player="0" crafted="0" deloot="0"/>
        <category name="clothes"/>
        <usage name="Village"/>
    </type>
	<type name="EyeMask_Christmas">
        <nominal>3</nominal>
        <lifetime>14400</lifetime>
        <restock>3600</restock>
        <min>2</min>
        <quantmin>-1</quantmin>
        <quantmax>-1</quantmax>
        <cost>100</cost>
        <flags count_in_cargo="0" count_in_hoarder="0" count_in_map="1" count_in_player="0" crafted="0" deloot="0"/>
        <category name="clothes"/>
        <usage name="Village"/>
    </type>
	<type name="GiftBox_Large_1">
        <nominal>0</nominal>
        <lifetime>7200</lifetime>
        <restock>3600</restock>
        <min>0</min>
        <quantmin>-1</quantmin>
        <quantmax>-1</quantmax>
        <cost>100</cost>
        <flags count_in_cargo="0" count_in_hoarder="0" count_in_map="1" count_in_player="0" crafted="0" deloot="1"/>
        <category name="containers"/>
        <usage name="Military"/>
    </type>
    <type name="GiftBox_Large_2">
        <nominal>0</nominal>
        <lifetime>7200</lifetime>
        <restock>3600</restock>
        <min>0</min>
        <quantmin>-1</quantmin>
        <quantmax>-1</quantmax>
        <cost>100</cost>
        <flags count_in_cargo="0" count_in_hoarder="0" count_in_map="1" count_in_player="0" crafted="0" deloot="1"/>
        <category name="containers"/>
        <usage name="Military"/>
    </type>
    <type name="GiftBox_Large_3">
        <nominal>0</nominal>
        <lifetime>7200</lifetime>
        <restock>3600</restock>
        <min>0</min>
        <quantmin>-1</quantmin>
        <quantmax>-1</quantmax>
        <cost>100</cost>
        <flags count_in_cargo="0" count_in_hoarder="0" count_in_map="1" count_in_player="0" crafted="0" deloot="1"/>
        <category name="containers"/>
        <usage name="Military"/>
    </type>
    <type name="GiftBox_Large_4">
        <nominal>0</nominal>
        <lifetime>7200</lifetime>
        <restock>3600</restock>
        <min>0</min>
        <quantmin>-1</quantmin>
        <quantmax>-1</quantmax>
        <cost>100</cost>
        <flags count_in_cargo="0" count_in_hoarder="0" count_in_map="1" count_in_player="0" crafted="0" deloot="1"/>
        <category name="containers"/>
        <usage name="Military"/>
    </type>
    <type name="GiftBox_Medium_1">
        <nominal>1</nominal>
        <lifetime>7200</lifetime>
        <restock>3600</restock>
        <min>0</min>
        <quantmin>-1</quantmin>
        <quantmax>-1</quantmax>
        <cost>100</cost>
        <flags count_in_cargo="0" count_in_hoarder="0" count_in_map="1" count_in_player="0" crafted="0" deloot="1"/>
        <category name="containers"/>
        <usage name="Military"/>
    </type>
    <type name="GiftBox_Medium_2">
        <nominal>1</nominal>
        <lifetime>7200</lifetime>
        <restock>3600</restock>
        <min>0</min>
        <quantmin>-1</quantmin>
        <quantmax>-1</quantmax>
        <cost>100</cost>
        <flags count_in_cargo="0" count_in_hoarder="0" count_in_map="1" count_in_player="0" crafted="0" deloot="1"/>
        <category name="containers"/>
        <usage name="Military"/>
    </type>
    <type name="GiftBox_Medium_3">
        <nominal>1</nominal>
        <lifetime>7200</lifetime>
        <restock>3600</restock>
        <min>0</min>
        <quantmin>-1</quantmin>
        <quantmax>-1</quantmax>
        <cost>100</cost>
        <flags count_in_cargo="0" count_in_hoarder="0" count_in_map="1" count_in_player="0" crafted="0" deloot="1"/>
        <category name="containers"/>
        <usage name="Military"/>
    </type>
    <type name="GiftBox_Medium_4">
        <nominal>1</nominal>
        <lifetime>7200</lifetime>
        <restock>3600</restock>
        <min>0</min>
        <quantmin>-1</quantmin>
        <quantmax>-1</quantmax>
        <cost>100</cost>
        <flags count_in_cargo="0" count_in_hoarder="0" count_in_map="1" count_in_player="0" crafted="0" deloot="1"/>
        <category name="containers"/>
        <usage name="Military"/>
    </type>
    <type name="GiftBox_Small_1">
        <nominal>0</nominal>
        <lifetime>7200</lifetime>
        <restock>3600</restock>
        <min>0</min>
        <quantmin>-1</quantmin>
        <quantmax>-1</quantmax>
        <cost>100</cost>
        <flags count_in_cargo="0" count_in_hoarder="0" count_in_map="1" count_in_player="0" crafted="0" deloot="1"/>
        <category name="containers"/>
        <usage name="Military"/>
    </type>
    <type name="GiftBox_Small_2">
        <nominal>0</nominal>
        <lifetime>7200</lifetime>
        <restock>3600</restock>
        <min>0</min>
        <quantmin>-1</quantmin>
        <quantmax>-1</quantmax>
        <cost>100</cost>
        <flags count_in_cargo="0" count_in_hoarder="0" count_in_map="1" count_in_player="0" crafted="0" deloot="1"/>
        <category name="containers"/>
        <usage name="Military"/>
    </type>
    <type name="GiftBox_Small_3">
        <nominal>0</nominal>
        <lifetime>7200</lifetime>
        <restock>3600</restock>
        <min>0</min>
        <quantmin>-1</quantmin>
        <quantmax>-1</quantmax>
        <cost>100</cost>
        <flags count_in_cargo="0" count_in_hoarder="0" count_in_map="1" count_in_player="0" crafted="0" deloot="1"/>
        <category name="containers"/>
        <usage name="Military"/>
    </type>
    <type name="GiftBox_Small_4">
        <nominal>0</nominal>
        <lifetime>7200</lifetime>
        <restock>3600</restock>
        <min>0</min>
        <quantmin>-1</quantmin>
        <quantmax>-1</quantmax>
        <cost>100</cost>
        <flags count_in_cargo="0" count_in_hoarder="0" count_in_map="1" count_in_player="0" crafted="0" deloot="1"/>
        <category name="containers"/>
        <usage name="Military"/>
    </type>
    <type name="GiftWrapPaper">
        <nominal>6</nominal>
        <lifetime>14400</lifetime>
        <restock>3600</restock>
        <min>5</min>
        <quantmin>-1</quantmin>
        <quantmax>-1</quantmax>
        <cost>100</cost>
        <flags count_in_cargo="0" count_in_hoarder="0" count_in_map="1" count_in_player="0" crafted="0" deloot="0"/>
        <category name="tools"/>
    </type>
	<type name="MorozkoHat">
        <nominal>3</nominal>
        <lifetime>14400</lifetime>
        <restock>3600</restock>
        <min>2</min>
        <quantmin>-1</quantmin>
        <quantmax>-1</quantmax>
        <cost>100</cost>
        <flags count_in_cargo="0" count_in_hoarder="0" count_in_map="1" count_in_player="0" crafted="0" deloot="0"/>
        <category name="clothes"/>
        <usage name="Town"/>
        <usage name="Village"/>
        <usage name="Village"/>
    </type>
</types>
