{
    "PlayerData": {
        "WU7eClZ1TleVro6BQyV5BiSvEKqOTgyV081sRbJbQe4=": {
            "BedType": "bl_pallet_bed_m",
            "DogType": "",
            "Position": [
                12439.255859375,
                345.8872985839844,
                2795.30517578125
            ]
        },
        "w6Bvbe_xcIvDOCyxs5IOQwJSzBy9spzVV7K0JtISNKs=": {
            "BedType": "bl_pallet_bed_s",
            "DogType": "",
            "Position": [
                9585.9013671875,
                421.8941345214844,
                1127.6702880859376
            ]
        },
        "5yfOlZtPaRFIZEXXaTlsW-Yz3KLnQmLgXejhIxHNsoo=": {
            "BedType": "bl_pallet_bed_s",
            "DogType": "",
            "Position": [
                11039.4794921875,
                192.04364013671876,
                9044.927734375
            ]
        },
        "A-2AGx1pS42I4haSiKI0RM8BFHpzwAMKOYE5KhV3_co=": {
            "BedType": "bl_pallet_bed_s",
            "DogType": "",
            "Position": [
                11039.4794921875,
                192.04364013671876,
                9044.927734375
            ]
        },
        "Z-XbzPYFagJAcNLfNsDFXGznhxTBItdwl67JPbEeVbQ=": {
            "BedType": "bl_pallet_bed_m",
            "DogType": "",
            "Position": [
                1224.434326171875,
                188.60763549804688,
                7409.041015625
            ]
        },
        "3T9KJZ4gfBMHNstPe9iFwF92aGObkqRjYWuzlQdn_5I=": {
            "BedType": "bl_pallet_bed_s",
            "DogType": "",
            "Position": [
                9585.9013671875,
                421.8941345214844,
                1127.6702880859376
            ]
        },
        "ydGp3V6mUCS9vgjCVTTs6elZqGggTSA2FvCrTEAgGM0=": {
            "BedType": "bl_pallet_bed_m",
            "DogType": "",
            "Position": [
                9372.44140625,
                196.26199340820313,
                11003.1044921875
            ]
        },
        "_pajZOpZluFo24tv0EbhTT4BPgydkXnqrRXj9JLNblE=": {
            "BedType": "bl_pallet_bed_m",
            "DogType": "",
            "Position": [
                11431.580078125,
                353.5547790527344,
                2853.11572265625
            ]
        },
        "72yLdpsngx3iTsg2gjrA6EReOiJy17NcKlJM4cQsM8c=": {
            "BedType": "bl_pallet_bed_s",
            "DogType": "",
            "Position": [
                3484.649169921875,
                237.3982391357422,
                6534.2958984375
            ]
        },
        "xWv1hG_Ebdqh0laGJfvcj5SNdHUG1e0IAkbOUsy6h6s=": {
            "BedType": "bl_pallet_bed_m",
            "DogType": "",
            "Position": [
                11431.580078125,
                353.5547790527344,
                2853.11572265625
            ]
        },
        "mYRrUZjcjUfnxmSakn4oss9mz2daKJ0K1frGpam-pTQ=": {
            "BedType": "bl_pallet_bed_s",
            "DogType": "",
            "Position": [
                9585.9013671875,
                421.8941345214844,
                1127.6702880859376
            ]
        },
        "NSgYq0thQR4R2RaYF7UR5V0jcCiuiMFrnbh3uxmAV9g=": {
            "BedType": "bl_pallet_bed_s",
            "DogType": "",
            "Position": [
                1744.1724853515626,
                376.1004333496094,
                12294.0078125
            ]
        }
    }
}