{
    "loglevel": 0,
    "BubakLocations": [
        {
            "name": "ContaminatedZoneBunkerZombies",
            "workinghours": "0-24",
            "triggerdependency": [],
            "triggerpos": "7471.581055 5286.666992 2676.338379",
            "triggermins": "",
            "triggermaxs": "",
            "triggerradius": 200.0,
            "triggercylradius": 0.0,
            "triggercylheight": 200.0,
            "notification": "",
            "notificationtime": 2,
            "triggerdelay": 3600,
            "spawnerpos": [
                "7448.856445 5288.373047 2755.380371",
                "7453.282715 5286.946777 2713.583496",
                "7456.736328, 5292.126953, 2691.837891",
                "7496.298340, 5293.425293, 2652.670654",
                "7496.640625, 5293.222656, 2685.668945",
                "7478.863770, 5287.368164, 2656.050049",
                "7421.880859, 5287.123047, 2668.250977",
                "7438.047852, 5286.964844, 2744.449951"
            ],
            "spawnradius": -1.0,
            "bubaknum": 3,
            "onlyfilluptobubaknum": 0,
            "itemrandomdmg": 0,
            "bubaci": [
                "ZmbM_US_OCP_WesternNBCSuit",
                "ZmbM_NBC_Grey"
            ],
            "bubakinventory": []
        },
        {
            "name": "ContaminatedZoneBunkerAnimal",
            "workinghours": "0-24",
            "triggerdependency": [],
            "triggerpos": "7373.231445 4980.018555 2566.168701",
            "triggermins": "",
            "triggermaxs": "",
            "triggerradius": 150.0,
            "triggercylradius": 0.0,
            "triggercylheight": 0.0,
            "notification": "",
            "notificationtime": 2,
            "triggerdelay": 3600,
            "spawnerpos": [
                "7448.856445 5288.373047 2755.380371",
                "7453.282715 5286.946777 2713.583496",
                "7456.736328, 5292.126953, 2691.837891",
                "7496.298340, 5293.425293, 2652.670654",
                "7496.640625, 5293.222656, 2685.668945",
                "7478.863770, 5287.368164, 2656.050049",
                "7421.880859, 5287.123047, 2668.250977",
                "7438.047852, 5286.964844, 2744.449951"
            ],
            "spawnradius": -1.0,
            "bubaknum": 1,
            "onlyfilluptobubaknum": 0,
            "itemrandomdmg": 0,
            "bubaci": [
                "Animal_ContaminatedWolf"
            ],
            "bubakinventory": []
        },
        {
            "name": "Swarog Tower",
            "workinghours": "0-24",
            "triggerdependency": [],
            "triggerpos": "5178.245117 505.30423 2217.539551",
            "triggermins": "",
            "triggermaxs": "",
            "triggerradius": 300.0,
            "triggercylradius": 0.0,
            "triggercylheight": 0.0,
            "notification": "",
            "notificationtime": 2,
            "triggerdelay": 7200,
            "spawnerpos": [
                "5176.850586 521.642517 2220.982666",
                "5159.213867 520.897339 2234.730713",
                "5180.507324 534.999878 2249.851318",
                "5187.175293 517.159424 2226.647217",
                "5178.244629 517.666992 2222.089111",
                "5178.658691 512.655212 2219.126465",
                "5178.461426 507.771790 2219.268311",
                "5171.751953 505.182770 2219.215576"
            ],
            "spawnradius": -1.0,
            "bubaknum": 5,
            "onlyfilluptobubaknum": 0,
            "itemrandomdmg": 0,
            "bubaci": [
                "ZmbM_SoldierNormal",
                "ZmbM_usSoldier_normal_Woodland",
                "ZmbM_usSoldier_normal_Desert",
                "ZmbM_usSoldier_Officer_Desert",
                "ZmbM_PatrolNormal_PautRev",
                "ZmbM_PatrolNormal_Autumn",
                "ZmbM_PatrolNormal_Flat",
                "ZmbM_PatrolNormal_Summer"
            ],
            "bubakinventory": []
        },
        {
            "name": "ContaminationZone",
            "workinghours": "0-24",
            "triggerdependency": [],
            "triggerpos": "7500.00 290 2746.88",
            "triggermins": "",
            "triggermaxs": "",
            "triggerradius": 500.0,
            "triggercylradius": 0.0,
            "triggercylheight": 0.0,
            "notification": "",
            "notificationtime": 2,
            "triggerdelay": 3600,
            "spawnerpos": [
                "7502.520508 333.908350 2732.471191"
            ],
            "spawnradius": 1.0,
            "bubaknum": 2,
            "onlyfilluptobubaknum": 0,
            "itemrandomdmg": 0,
            "bubaci": [
                "Animal_ContaminatedWolf",
                "Animal_ContaminatedWolf",
                "Animal_ContaminatedWolf",
                "Animal_ContaminatedWolf",
                "Animal_ContaminatedWolf",
                "Animal_ContaminatedWolf",
                "Animal_ContaminatedWolf",
                "Animal_ContaminatedWolf",
                "Animal_ContaminatedWolf",
                "Animal_ContaminatedBear"
            ],
            "bubakinventory": []
        },
        {
            "name": "Prison",
            "workinghours": "0-24",
            "triggerdependency": [],
            "triggerpos": "5505.067383 311.428619 8742.743164",
            "triggermins": "",
            "triggermaxs": "",
            "triggerradius": 3.0,
            "triggercylradius": 0.0,
            "triggercylheight": 0.0,
            "notification": "",
            "notificationtime": 2,
            "triggerdelay": 3600,
            "spawnerpos": [
                "5482.765625 315.267365 8747.132813",
                "5483.105469 315.267365 8752.134766",
                "5485.557617 315.308014 8772.805664",
                "5512.759277 315.270782 8745.288086",
                "5522.396484 315.270782 8751.365234",
                "5513.999512 315.310730 8759.474609",
                "5522.352051 318.914856 8752.352539",
                "5517.244141 318.871429 8762.859375",
                "5505.979492 334.162018 8751.097656"
            ],
            "spawnradius": 1.0,
            "bubaknum": 8,
            "onlyfilluptobubaknum": 0,
            "itemrandomdmg": 0,
            "bubaci": [
                "ZmbM_PrisonerSkinny"
            ],
            "bubakinventory": []
        },
        {
            "name": "UndergroundBunker",
            "workinghours": "0-24",
            "triggerdependency": [],
            "triggerpos": "700.78 500 1181.64",
            "triggermins": "",
            "triggermaxs": "",
            "triggerradius": 250.0,
            "triggercylradius": 0.0,
            "triggercylheight": 0.0,
            "notification": "",
            "notificationtime": 2,
            "triggerdelay": 14400,
            "spawnerpos": [
                "711.001099 532.117920 1194.235474",
                "692.900513 532.121826 1195.828735",
                "677.547485 532.030151 1181.186279",
                "688.069519 532.030151 1191.635498",
                "694.454834 532.030151 1187.656860",
                "701.956116 532.031799 1195.237183",
                "722.294983 532.030518 1187.471069",
                "705.424133 532.031921 1177.672974",
                "701.867249 531.613037 1161.053589",
                "692.268433 532.019348 1142.526733",
                "670.118347 532.022278 1140.575684",
                "648.885010 532.021667 1168.245239",
                "653.349243 532.021667 1150.432129",
                "653.787231 532.021667 1162.217529",
                "651.581116 532.040100 1143.025513",
                "641.573792 532.173645 1152.305908",
                "642.413635 524.675598 1158.497559",
                "640.920166 517.088257 1153.081787",
                "641.503967 499.581818 1158.526855",
                "639.324097 486.964142 1134.908081",
                "633.936768 487.720398 1140.364380",
                "647.617676 486.974365 1149.208740",
                "650.966492 486.974365 1144.600342",
                "633.476257 486.972137 1148.493408",
                "641.401245 486.971313 1139.792236",
                "640.874084 486.953278 1152.418091",
                "618.367126 486.951660 1152.952515",
                "618.803772 502.009064 1152.590820",
                "630.599365 501.871796 1120.021118",
                "622.967468 501.871796 1134.486450",
                "631.694153 501.871796 1133.417603",
                "626.968811 501.875580 1143.816284",
                "646.385925 501.864563 1139.751465",
                "638.310913 501.924103 1146.916870",
                "639.132813 532.107910 1133.675659",
                "623.560913 532.020142 1169.362427",
                "632.386963 532.020142 1160.521606",
                "623.315125 532.020142 1161.170776",
                "628.453674 532.020142 1150.615112",
                "632.059814 532.015137 1125.199707",
                "626.210999 532.015137 1118.828613",
                "620.540894 532.015137 1126.105103",
                "625.650818 532.015137 1135.878052",
                "615.834900 532.027527 1142.765991",
                "618.544434 532.103882 1152.861328",
                "616.687683 532.184387 1133.699219",
                "616.751709 544.686646 1127.905762",
                "615.853271 547.135315 1133.939819",
                "594.869202 547.144348 1143.230225",
                "595.928467 547.153381 1152.501831",
                "593.870789 547.153381 1134.102783",
                "593.233521 532.109436 1134.367798",
                "601.248108 532.024170 1117.229004",
                "608.266296 532.024170 1119.812866",
                "603.140198 532.024170 1129.507935",
                "595.360046 532.109436 1152.532837",
                "595.182068 544.706726 1158.418823",
                "612.021973 547.144348 1147.552856",
                "599.053101 547.144348 1147.340942",
                "606.100403 547.144348 1149.044067",
                "618.436523 547.097229 1152.118408",
                "617.597839 547.144348 1143.849365",
                "596.423157 562.182129 1152.625488",
                "596.041809 577.216858 1151.500610",
                "594.434814 577.232605 1142.577026",
                "606.202881 577.232605 1150.100952",
                "598.738708 577.254028 1147.569702",
                "611.780334 577.232605 1139.341309",
                "606.105896 577.232666 1138.780029",
                "618.241577 577.187622 1151.955200",
                "616.013916 577.176025 1134.270142",
                "617.597107 577.232605 1143.591187",
                "593.705139 577.214661 1134.265381",
                "593.529358 592.236511 1133.689575",
                "594.029419 604.811340 1127.898193",
                "592.196411 612.286194 1133.562500"
            ],
            "spawnradius": -1.0,
            "bubaknum": 6,
            "onlyfilluptobubaknum": 0,
            "itemrandomdmg": 0,
            "bubaci": [
                "Animal_Rat_Grey",
                "Animal_Rat_White"
            ],
            "bubakinventory": []
        }
    ]
}