<?xml version="1.0" encoding="UTF-8" standalone="yes"?>
<types>
	<type name="Animal_Seagull">
		<nominal>0</nominal>
		<lifetime>1800</lifetime>
		<restock>0</restock>
		<min>0</min>
		<quantmin>-1</quantmin>
		<quantmax>-1</quantmax>
		<cost>100</cost>
		<flags count_in_cargo="0" count_in_hoarder="0" count_in_map="1" count_in_player="0" crafted="0" deloot="0"/>
	</type>
	<type name="Animal_Seagull_Airborne">
		<nominal>0</nominal>
		<lifetime>1800</lifetime>
		<restock>0</restock>
		<min>0</min>
		<quantmin>-1</quantmin>
		<quantmax>-1</quantmax>
		<cost>100</cost>
		<flags count_in_cargo="0" count_in_hoarder="0" count_in_map="1" count_in_player="0" crafted="0" deloot="0"/>
	</type>
	<type name="Animal_Rabbit_Grey">
		<nominal>0</nominal>
		<lifetime>1800</lifetime>
		<restock>0</restock>
		<min>0</min>
		<quantmin>-1</quantmin>
		<quantmax>-1</quantmax>
		<cost>100</cost>
		<flags count_in_cargo="0" count_in_hoarder="0" count_in_map="1" count_in_player="0" crafted="0" deloot="0"/>
	</type>
	<type name="Animal_Rabbit_Brown">
		<nominal>0</nominal>
		<lifetime>1800</lifetime>
		<restock>0</restock>
		<min>0</min>
		<quantmin>-1</quantmin>
		<quantmax>-1</quantmax>
		<cost>100</cost>
		<flags count_in_cargo="0" count_in_hoarder="0" count_in_map="1" count_in_player="0" crafted="0" deloot="0"/>
	</type>
	<type name="RavenBreastMeat">
        <nominal>0</nominal>
        <lifetime>14400</lifetime>
        <restock>0</restock>
        <min>0</min>
        <quantmin>-1</quantmin>
        <quantmax>-1</quantmax>
        <cost>100</cost>
        <flags count_in_cargo="0" count_in_hoarder="0" count_in_map="1" count_in_player="0" crafted="1" deloot="0"/>
        <category name="food"/>
    </type>
	<type name="Animal_Raven">
		<nominal>0</nominal>
		<lifetime>1800</lifetime>
		<restock>0</restock>
		<min>0</min>
		<quantmin>-1</quantmin>
		<quantmax>-1</quantmax>
		<cost>100</cost>
		<flags count_in_cargo="0" count_in_hoarder="0" count_in_map="1" count_in_player="0" crafted="0" deloot="0"/>
	</type>
	<type name="Animal_Raven2">
		<nominal>0</nominal>
		<lifetime>1800</lifetime>
		<restock>0</restock>
		<min>0</min>
		<quantmin>-1</quantmin>
		<quantmax>-1</quantmax>
		<cost>100</cost>
		<flags count_in_cargo="0" count_in_hoarder="0" count_in_map="1" count_in_player="0" crafted="0" deloot="0"/>
	</type>
	<type name="Animal_Raven_Airborne">
		<nominal>0</nominal>
		<lifetime>1800</lifetime>
		<restock>0</restock>
		<min>0</min>
		<quantmin>-1</quantmin>
		<quantmax>-1</quantmax>
		<cost>100</cost>
		<flags count_in_cargo="0" count_in_hoarder="0" count_in_map="1" count_in_player="0" crafted="0" deloot="0"/>
	</type>
	<type name="Animal_Rat_Grey">
		<nominal>0</nominal>
		<lifetime>1800</lifetime>
		<restock>0</restock>
		<min>0</min>
		<quantmin>-1</quantmin>
		<quantmax>-1</quantmax>
		<cost>100</cost>
		<flags count_in_cargo="0" count_in_hoarder="0" count_in_map="1" count_in_player="0" crafted="0" deloot="0"/>
	</type>
	<type name="Animal_Rat_White">
		<nominal>0</nominal>
		<lifetime>1800</lifetime>
		<restock>0</restock>
		<min>0</min>
		<quantmin>-1</quantmin>
		<quantmax>-1</quantmax>
		<cost>100</cost>
		<flags count_in_cargo="0" count_in_hoarder="0" count_in_map="1" count_in_player="0" crafted="0" deloot="0"/>
	</type>
	<type name="SkinnedRat">
		<nominal>0</nominal>
		<lifetime>14400</lifetime>
		<restock>0</restock>
		<min>0</min>
		<quantmin>-1</quantmin>
		<quantmax>-1</quantmax>
		<cost>100</cost>
		<flags count_in_cargo="0" count_in_hoarder="0" count_in_map="1" count_in_player="0" crafted="1" deloot="0"/>
		<category name="food"/>
	</type>
	<type name="DeadRat_Grey">
		<nominal>0</nominal>
		<lifetime>14400</lifetime>
		<restock>0</restock>
		<min>0</min>
		<quantmin>-1</quantmin>
		<quantmax>-1</quantmax>
		<cost>100</cost>
		<flags count_in_cargo="0" count_in_hoarder="0" count_in_map="1" count_in_player="0" crafted="1" deloot="0"/>
		<category name="food"/>
	</type>
	<type name="DeadRat_White">
		<nominal>0</nominal>
		<lifetime>14400</lifetime>
		<restock>0</restock>
		<min>0</min>
		<quantmin>-1</quantmin>
		<quantmax>-1</quantmax>
		<cost>100</cost>
		<flags count_in_cargo="0" count_in_hoarder="0" count_in_map="1" count_in_player="0" crafted="1" deloot="0"/>
		<category name="food"/>
	</type>
	<type name="Animal_Snake">
        <nominal>0</nominal>
        <lifetime>1800</lifetime>
        <restock>0</restock>
        <min>0</min>
        <quantmin>-1</quantmin>
        <quantmax>-1</quantmax>
        <cost>100</cost>
        <flags count_in_cargo="0" count_in_hoarder="0" count_in_map="1" count_in_player="0" crafted="0" deloot="0"/>
    </type>
	<type name="Animal_Squirrel">
		<nominal>0</nominal>
		<lifetime>1800</lifetime>
		<restock>0</restock>
		<min>0</min>
		<quantmin>-1</quantmin>
		<quantmax>-1</quantmax>
		<cost>100</cost>
		<flags count_in_cargo="0" count_in_hoarder="0" count_in_map="1" count_in_player="0" crafted="0" deloot="0"/>
	</type>
	<type name="SkinnedSquirrel">
		<nominal>0</nominal>
		<lifetime>14400</lifetime>
		<restock>0</restock>
		<min>0</min>
		<quantmin>-1</quantmin>
		<quantmax>-1</quantmax>
		<cost>100</cost>
		<flags count_in_cargo="0" count_in_hoarder="0" count_in_map="1" count_in_player="0" crafted="1" deloot="0"/>
		<category name="food"/>
	</type>
	<type name="DeadSquirrel">
		<nominal>0</nominal>
		<lifetime>14400</lifetime>
		<restock>0</restock>
		<min>0</min>
		<quantmin>-1</quantmin>
		<quantmax>-1</quantmax>
		<cost>100</cost>
		<flags count_in_cargo="0" count_in_hoarder="0" count_in_map="1" count_in_player="0" crafted="1" deloot="0"/>
		<category name="food"/>
	</type>
	<type name="Animal_Otter">
		<nominal>0</nominal>
		<lifetime>1800</lifetime>
		<restock>0</restock>
		<min>0</min>
		<quantmin>-1</quantmin>
		<quantmax>-1</quantmax>
		<cost>100</cost>
		<flags count_in_cargo="0" count_in_hoarder="0" count_in_map="1" count_in_player="0" crafted="0" deloot="0"/>
	</type>
	<type name="OtterSteakMeat">
		<nominal>0</nominal>
		<lifetime>14400</lifetime>
		<restock>0</restock>
		<min>0</min>
		<quantmin>-1</quantmin>
		<quantmax>-1</quantmax>
		<cost>100</cost>
		<flags count_in_cargo="0" count_in_hoarder="0" count_in_map="1" count_in_player="0" crafted="1" deloot="0"/>
		<category name="food"/>
	</type>
	<type name="OtterPelt">
		<nominal>0</nominal>
		<lifetime>14400</lifetime>
		<restock>0</restock>
		<min>0</min>
		<quantmin>-1</quantmin>
		<quantmax>-1</quantmax>
		<cost>100</cost>
		<flags count_in_cargo="0" count_in_hoarder="0" count_in_map="1" count_in_player="0" crafted="1" deloot="0"/>
		<category name="food"/>
	</type>
</types>