{
    "OffroadHatchback_Blue": 900.0,
    "Cauldron": 900.0,
    "OffroadHatchback": 900.0,
    "Offroad_02": 800.0,
    "Truck_01_Covered_Blue": 800.0,
    "Pot": 300.0,
    "CivilianSedan_Black": 900.0,
    "CivilianSedan": 900.0,
    "CivilianSedan_Wine": 900.0,
    "OffroadHatchback_White": 900.0,
    "Hatchback_02_Blue": 900.0,
    "Hatchback_02_Black": 900.0,
    "Canteen": 100.0,
    "Land_FuelStation_Feed": 1000.0,
	"Land_FuelStation_Feed_Enoch": 1000.0,
    "Sedan_02": 900.0,
    "Sedan_02_Red": 900.0,
    "Truck_01_Covered_Orange": 800.0,
    "CanisterGasoline": 1000.0,
    "Hatchback_02": 900.0,
    "Sedan_02_Grey": 900.0,
    "Truck_01_Covered": 900.0,
    "WaterBottle": 100.0,
    "Barrel": 2000.0,
    "bastard_izh_stock": 900.0,
    "bastard_izh_blue": 900.0,
    "bastard_izh_white": 900.0,
    "bastard_izh_black": 900.0
}