<?xml version="1.0" encoding="UTF-8" standalone="yes"?>
<types>
	<type name="DogMeat">
        <nominal>0</nominal>
        <lifetime>14400</lifetime>
        <restock>3600</restock>
        <min>0</min>
        <quantmin>-1</quantmin>
        <quantmax>-1</quantmax>
        <cost>100</cost>
        <flags count_in_cargo="0" count_in_hoarder="0" count_in_map="1" count_in_player="0" crafted="1" deloot="0"/>
        <category name="food"/>
    </type>
    <type name="dog_gasmask">
        <nominal>3</nominal>
        <lifetime>14400</lifetime>
        <restock>3600</restock>
        <min>2</min>
        <quantmin>-1</quantmin>
        <quantmax>-1</quantmax>
        <cost>100</cost>
        <flags count_in_cargo="0" count_in_hoarder="0" count_in_map="1" count_in_player="0" crafted="0" deloot="0"/>
        <category name="clothes"/>
        <usage name="ContaminatedArea"/>
    </type>
	<type name="dog_collar">
        <nominal>5</nominal>
        <lifetime>14400</lifetime>
        <restock>3600</restock>
        <min>2</min>
        <quantmin>-1</quantmin>
        <quantmax>-1</quantmax>
        <cost>100</cost>
        <flags count_in_cargo="0" count_in_hoarder="0" count_in_map="1" count_in_player="0" crafted="0" deloot="0"/>
        <category name="clothes"/>
        <usage name="Town"/>
        <usage name="Village"/>
    </type>
	<type name="dog_collar_blue">
        <nominal>5</nominal>
        <lifetime>14400</lifetime>
        <restock>3600</restock>
        <min>2</min>
        <quantmin>-1</quantmin>
        <quantmax>-1</quantmax>
        <cost>100</cost>
        <flags count_in_cargo="0" count_in_hoarder="0" count_in_map="1" count_in_player="0" crafted="0" deloot="0"/>
        <category name="clothes"/>
        <usage name="Town"/>
        <usage name="Village"/>
    </type>
	<type name="dog_collar_red">
        <nominal>5</nominal>
        <lifetime>14400</lifetime>
        <restock>3600</restock>
        <min>2</min>
        <quantmin>-1</quantmin>
        <quantmax>-1</quantmax>
        <cost>100</cost>
        <flags count_in_cargo="0" count_in_hoarder="0" count_in_map="1" count_in_player="0" crafted="0" deloot="0"/>
        <category name="clothes"/>
        <usage name="Town"/>
        <usage name="Village"/>
    </type>
	<type name="dog_collar_green">
        <nominal>5</nominal>
        <lifetime>14400</lifetime>
        <restock>3600</restock>
        <min>2</min>
        <quantmin>-1</quantmin>
        <quantmax>-1</quantmax>
        <cost>100</cost>
        <flags count_in_cargo="0" count_in_hoarder="0" count_in_map="1" count_in_player="0" crafted="0" deloot="0"/>
        <category name="clothes"/>
        <usage name="Town"/>
        <usage name="Village"/>
    </type>
	<type name="dog_collar_white">
        <nominal>5</nominal>
        <lifetime>14400</lifetime>
        <restock>3600</restock>
        <min>2</min>
        <quantmin>-1</quantmin>
        <quantmax>-1</quantmax>
        <cost>100</cost>
        <flags count_in_cargo="0" count_in_hoarder="0" count_in_map="1" count_in_player="0" crafted="0" deloot="0"/>
        <category name="clothes"/>
        <usage name="Town"/>
        <usage name="Village"/>
    </type>
	<type name="dog_collar_yellow">
        <nominal>5</nominal>
        <lifetime>14400</lifetime>
        <restock>3600</restock>
        <min>2</min>
        <quantmin>-1</quantmin>
        <quantmax>-1</quantmax>
        <cost>100</cost>
        <flags count_in_cargo="0" count_in_hoarder="0" count_in_map="1" count_in_player="0" crafted="0" deloot="0"/>
        <category name="clothes"/>
        <usage name="Town"/>
        <usage name="Village"/>
    </type>
	<type name="dog_collar_grey">
        <nominal>5</nominal>
        <lifetime>14400</lifetime>
        <restock>3600</restock>
        <min>2</min>
        <quantmin>-1</quantmin>
        <quantmax>-1</quantmax>
        <cost>100</cost>
        <flags count_in_cargo="0" count_in_hoarder="0" count_in_map="1" count_in_player="0" crafted="0" deloot="0"/>
        <category name="clothes"/>
        <usage name="Town"/>
        <usage name="Village"/>
    </type>
	<type name="dog_vest_sheriff">
        <nominal>3</nominal>
        <lifetime>7200</lifetime>
        <restock>3600</restock>
        <min>1</min>
        <quantmin>-1</quantmin>
        <quantmax>-1</quantmax>
        <cost>100</cost>
        <flags count_in_cargo="0" count_in_hoarder="0" count_in_map="1" count_in_player="0" crafted="0" deloot="0"/>
        <category name="clothes"/>
        <usage name="Police"/>
    </type>
	<type name="dog_vest_black">
        <nominal>3</nominal>
        <lifetime>7200</lifetime>
        <restock>3600</restock>
        <min>1</min>
        <quantmin>-1</quantmin>
        <quantmax>-1</quantmax>
        <cost>100</cost>
        <flags count_in_cargo="0" count_in_hoarder="0" count_in_map="1" count_in_player="0" crafted="0" deloot="0"/>
        <category name="clothes"/>
        <usage name="Police"/>
    </type>
	<type name="dog_vest_black_k9">
        <nominal>3</nominal>
        <lifetime>7200</lifetime>
        <restock>3600</restock>
        <min>1</min>
        <quantmin>-1</quantmin>
        <quantmax>-1</quantmax>
        <cost>100</cost>
        <flags count_in_cargo="0" count_in_hoarder="0" count_in_map="1" count_in_player="0" crafted="0" deloot="0"/>
        <category name="clothes"/>
        <usage name="Police"/>
    </type>
	<type name="dog_vest_blackgreen">
        <nominal>3</nominal>
        <lifetime>7200</lifetime>
        <restock>3600</restock>
        <min>1</min>
        <quantmin>-1</quantmin>
        <quantmax>-1</quantmax>
        <cost>100</cost>
        <flags count_in_cargo="0" count_in_hoarder="0" count_in_map="1" count_in_player="0" crafted="0" deloot="0"/>
        <category name="clothes"/>
        <usage name="Police"/>
    </type>
	<type name="dog_vest_blackgreenz">
        <nominal>3</nominal>
        <lifetime>7200</lifetime>
        <restock>3600</restock>
        <min>1</min>
        <quantmin>-1</quantmin>
        <quantmax>-1</quantmax>
        <cost>100</cost>
        <flags count_in_cargo="0" count_in_hoarder="0" count_in_map="1" count_in_player="0" crafted="0" deloot="0"/>
        <category name="clothes"/>
        <usage name="Police"/>
    </type>
	<type name="dog_shed_small_kit">
        <lifetime>14400</lifetime>
        <flags count_in_cargo="0" count_in_hoarder="0" count_in_map="1" count_in_player="0" crafted="1" deloot="0"/>
    </type>
	<type name="dog_shed_big">
        <lifetime>2419200</lifetime>
        <flags count_in_cargo="0" count_in_hoarder="0" count_in_map="1" count_in_player="0" crafted="1" deloot="0"/>
    </type>
	<type name="dog_shed_small">
        <lifetime>2419200</lifetime>
        <flags count_in_cargo="0" count_in_hoarder="0" count_in_map="1" count_in_player="0" crafted="1" deloot="0"/>
    </type>
</types>