<?xml version="1.0" encoding="UTF-8"?>
<territory-type>
	<territory color="4694923561">
		<zone name="Graze" smin="0" smax="0" dmin="0" dmax="0" x="2112.00" z="3875.00" r="1000"/>
	</territory>
	<territory color="4694923561">
		<zone name="Graze" smin="0" smax="0" dmin="0" dmax="0" x="4680.00" z="3668.00" r="1000"/>
	</territory>
	<territory color="4694923561">
		<zone name="Graze" smin="0" smax="0" dmin="0" dmax="0" x="8161.00" z="3937.00" r="1000"/>
	</territory>
	<territory color="4694923561">
		<zone name="Graze" smin="0" smax="0" dmin="0" dmax="0" x="10243.00" z="3212.00" r="1000"/>
	</territory>
</territory-type>
