<?xml version='1.0' encoding='UTF-8'?>
<territory-type>
    <territory color="855638016">
        <zone name="Zone_dog" smin="0" smax="0" dmin="0" dmax="0" x="11365.6" z="4232.25" r="100" />
        <zone name="Zone_dog" smin="0" smax="0" dmin="0" dmax="0" x="11626.0" z="4805.17" r="100" />
        <zone name="Zone_dog" smin="0" smax="0" dmin="0" dmax="0" x="11046.8" z="4288.5" r="120" />
        <zone name="Zone_dog" smin="0" smax="0" dmin="0" dmax="0" x="11271.8" z="4465.58" r="140" />
        <zone name="Zone_dog" smin="0" smax="0" dmin="0" dmax="0" x="12128.1" z="4519.75" r="100" />
        <zone name="Zone_dog" smin="0" smax="0" dmin="0" dmax="0" x="12001.0" z="5036.42" r="100" />
    </territory>
    <territory color="855638016">
        <zone name="Zone_dog" smin="0" smax="0" dmin="0" dmax="0" x="2103.08" z="9438.5" r="70" />
        <zone name="Zone_dog" smin="0" smax="0" dmin="0" dmax="0" x="1723.92" z="9730.17" r="110" />
        <zone name="Zone_dog" smin="0" smax="0" dmin="0" dmax="0" x="1478.08" z="9776.0" r="110" />
        <zone name="Zone_dog" smin="0" smax="0" dmin="0" dmax="0" x="1315.58" z="9642.67" r="90" />
        <zone name="Zone_dog" smin="0" smax="0" dmin="0" dmax="0" x="1217.67" z="9488.5" r="70" />
        <zone name="Zone_dog" smin="0" smax="0" dmin="0" dmax="0" x="1482.25" z="9503.08" r="70" />
        <zone name="Zone_dog" smin="0" smax="0" dmin="0" dmax="0" x="1971.83" z="9490.58" r="70" />
    </territory>
    <territory color="855638016">
        <zone name="Zone_dog" smin="0" smax="0" dmin="0" dmax="0" x="4665.06" z="6330.69" r="75" />
        <zone name="Zone_dog" smin="0" smax="0" dmin="0" dmax="0" x="4535.38" z="6486.94" r="120" />
    </territory>
    <territory color="855638016">
        <zone name="Zone_dog" smin="0" smax="0" dmin="0" dmax="0" x="4899.21" z="7296.83" r="100" />
        <zone name="Zone_dog" smin="0" smax="0" dmin="0" dmax="0" x="4923.62" z="7547.43" r="140" />
        <zone name="Zone_dog" smin="0" smax="0" dmin="0" dmax="0" x="4906.95" z="7887.9" r="100" />
    </territory>
    <territory color="855638016">
        <zone name="Zone_dog" smin="0" smax="0" dmin="0" dmax="0" x="3276.0" z="2094.75" r="90" />
    </territory>
    <territory color="855638016">
        <zone name="Zone_dog" smin="0" smax="0" dmin="0" dmax="0" x="9286.63" z="10986.0" r="110" />
        <zone name="Zone_dog" smin="0" smax="0" dmin="0" dmax="0" x="9127.88" z="10867.9" r="80" />
        <zone name="Zone_dog" smin="0" smax="0" dmin="0" dmax="0" x="9324.75" z="10767.9" r="80" />
        <zone name="Zone_dog" smin="0" smax="0" dmin="0" dmax="0" x="9388.5" z="10582.9" r="110" />
        <zone name="Zone_dog" smin="0" smax="0" dmin="0" dmax="0" x="9519.75" z="10385.4" r="110" />
        <zone name="Zone_dog" smin="0" smax="0" dmin="0" dmax="0" x="9746.0" z="10529.8" r="70" />
    </territory>
    <territory color="855638016">
        <zone name="Zone_dog" smin="0" smax="0" dmin="0" dmax="0" x="9721.31" z="8157.25" r="80" />
        <zone name="Zone_dog" smin="0" smax="0" dmin="0" dmax="0" x="9830.69" z="8430.69" r="100" />
    </territory>
    <territory color="855638016">
        <zone name="Zone_dog" smin="0" smax="0" dmin="0" dmax="0" x="8107.25" z="8663.5" r="80" />
        <zone name="Zone_dog" smin="0" smax="0" dmin="0" dmax="0" x="8026.0" z="8803.5" r="80" />
    </territory>
    <territory color="855638016">
        <zone name="Zone_dog" smin="0" smax="0" dmin="0" dmax="0" x="11680.1" z="393.045" r="100" />
        <zone name="Zone_dog" smin="0" smax="0" dmin="0" dmax="0" x="11370.6" z="621.597" r="70" />
        <zone name="Zone_dog" smin="0" smax="0" dmin="0" dmax="0" x="11254.0" z="710.659" r="70" />
        <zone name="Zone_dog" smin="0" smax="0" dmin="0" dmax="0" x="10940.5" z="902.42" r="80" />
        <zone name="Zone_dog" smin="0" smax="0" dmin="0" dmax="0" x="12103.8" z="938.5" r="70" />
    </territory>
    <territory color="855638016">
        <zone name="Zone_dog" smin="0" smax="0" dmin="0" dmax="0" x="3129.82" z="7064.19" r="70" />
        <zone name="Zone_dog" smin="0" smax="0" dmin="0" dmax="0" x="2899.61" z="6759.33" r="100" />
        <zone name="Zone_dog" smin="0" smax="0" dmin="0" dmax="0" x="3207.94" z="6817.67" r="120" />
        <zone name="Zone_dog" smin="0" smax="0" dmin="0" dmax="0" x="3001.0" z="6607.94" r="70" />
    </territory>
    <territory color="855638016">
        <zone name="Zone_dog" smin="0" smax="0" dmin="0" dmax="0" x="6283.5" z="10446.0" r="110" />
        <zone name="Zone_dog" smin="0" smax="0" dmin="0" dmax="0" x="6208.5" z="10198.5" r="110" />
        <zone name="Zone_dog" smin="0" smax="0" dmin="0" dmax="0" x="6392.25" z="10280.1" r="80" />
    </territory>
    <territory color="855638016">
        <zone name="Zone_dog" smin="0" smax="0" dmin="0" dmax="0" x="7783.14" z="5870.64" r="100" />
        <zone name="Zone_dog" smin="0" smax="0" dmin="0" dmax="0" x="7449.21" z="5345.64" r="60" />
        <zone name="Zone_dog" smin="0" smax="0" dmin="0" dmax="0" x="7654.57" z="5254.57" r="80" />
        <zone name="Zone_dog" smin="0" smax="0" dmin="0" dmax="0" x="7374.75" z="6343.5" r="100" />
    </territory>
    <territory color="855638016">
        <zone name="Zone_dog" smin="0" smax="0" dmin="0" dmax="0" x="3593.86" z="12281.4" r="110" />
        <zone name="Zone_dog" smin="0" smax="0" dmin="0" dmax="0" x="3866.63" z="11593.2" r="90" />
        <zone name="Zone_dog" smin="0" smax="0" dmin="0" dmax="0" x="3852.56" z="11799.4" r="90" />
        <zone name="Zone_dog" smin="0" smax="0" dmin="0" dmax="0" x="3638.5" z="11741.6" r="110" />
        <zone name="Zone_dog" smin="0" smax="0" dmin="0" dmax="0" x="3138.5" z="12021.3" r="110" />
        <zone name="Zone_dog" smin="0" smax="0" dmin="0" dmax="0" x="3527.56" z="11980.7" r="110" />
    </territory>
    <territory color="855638016">
        <zone name="Zone_dog" smin="0" smax="0" dmin="0" dmax="0" x="5997.43" z="6897.43" r="100" />
        <zone name="Zone_dog" smin="0" smax="0" dmin="0" dmax="0" x="5920.64" z="6701.0" r="100" />
        <zone name="Zone_dog" smin="0" smax="0" dmin="0" dmax="0" x="6272.43" z="6815.29" r="75" />
    </territory>
    <territory color="855638016">
        <zone name="Zone_dog" smin="0" smax="0" dmin="0" dmax="0" x="5088.5" z="10510.4" r="110" />
        <zone name="Zone_dog" smin="0" smax="0" dmin="0" dmax="0" x="5194.75" z="10322.9" r="110" />
        <zone name="Zone_dog" smin="0" smax="0" dmin="0" dmax="0" x="5077.56" z="10085.4" r="110" />
        <zone name="Zone_dog" smin="0" smax="0" dmin="0" dmax="0" x="4747.88" z="10157.3" r="80" />
        <zone name="Zone_dog" smin="0" smax="0" dmin="0" dmax="0" x="4849.44" z="9938.5" r="150" />
        <zone name="Zone_dog" smin="0" smax="0" dmin="0" dmax="0" x="4922.88" z="9712.98" r="80" />
        <zone name="Zone_dog" smin="0" smax="0" dmin="0" dmax="0" x="5155.17" z="9768.71" r="150" />
    </territory>
    <territory color="855638016">
        <zone name="Zone_dog" smin="0" smax="0" dmin="0" dmax="0" x="5278.5" z="5591.0" r="140" />
        <zone name="Zone_dog" smin="0" smax="0" dmin="0" dmax="0" x="4936.0" z="5246.0" r="80" />
        <zone name="Zone_dog" smin="0" smax="0" dmin="0" dmax="0" x="5088.5" z="5393.5" r="120" />
    </territory>
    <territory color="855638016">
        <zone name="Zone_dog" smin="0" smax="0" dmin="0" dmax="0" x="10759.6" z="10828.2" r="110" />
        <zone name="Zone_dog" smin="0" smax="0" dmin="0" dmax="0" x="10911.0" z="10961.3" r="70" />
        <zone name="Zone_dog" smin="0" smax="0" dmin="0" dmax="0" x="10716.0" z="11197.7" r="70" />
        <zone name="Zone_dog" smin="0" smax="0" dmin="0" dmax="0" x="10970.2" z="11181.0" r="100" />
        <zone name="Zone_dog" smin="0" smax="0" dmin="0" dmax="0" x="11137.4" z="11491.8" r="70" />
        <zone name="Zone_dog" smin="0" smax="0" dmin="0" dmax="0" x="10569.1" z="11159.3" r="70" />
        <zone name="Zone_dog" smin="0" smax="0" dmin="0" dmax="0" x="10634.3" z="10995.4" r="70" />
    </territory>
    <territory color="855638016">
        <zone name="Zone_dog" smin="0" smax="0" dmin="0" dmax="0" x="6428.5" z="3841.0" r="100" />
        <zone name="Zone_dog" smin="0" smax="0" dmin="0" dmax="0" x="7048.5" z="3936.0" r="75" />
        <zone name="Zone_dog" smin="0" smax="0" dmin="0" dmax="0" x="6148.5" z="4021.0" r="125" />
        <zone name="Zone_dog" smin="0" smax="0" dmin="0" dmax="0" x="6258.5" z="4233.5" r="90" />
        <zone name="Zone_dog" smin="0" smax="0" dmin="0" dmax="0" x="6496.0" z="4598.5" r="70" />
        <zone name="Zone_dog" smin="0" smax="0" dmin="0" dmax="0" x="5883.5" z="4023.5" r="90" />
        <zone name="Zone_dog" smin="0" smax="0" dmin="0" dmax="0" x="5923.5" z="4271.0" r="120" />
    </territory>
    <territory color="855638016">
        <zone name="Zone_dog" smin="0" smax="0" dmin="0" dmax="0" x="3857.94" z="8473.78" r="90" />
        <zone name="Zone_dog" smin="0" smax="0" dmin="0" dmax="0" x="3957.94" z="8169.06" r="70" />
        <zone name="Zone_dog" smin="0" smax="0" dmin="0" dmax="0" x="4003.78" z="7938.5" r="110" />
    </territory>
    <territory color="855638016">
        <zone name="Zone_dog" smin="0" smax="0" dmin="0" dmax="0" x="8790.29" z="6656.36" r="140" />
        <zone name="Zone_dog" smin="0" smax="0" dmin="0" dmax="0" x="8404.57" z="6911.71" r="80" />
        <zone name="Zone_dog" smin="0" smax="0" dmin="0" dmax="0" x="9752.92" z="7173.12" r="80" />
    </territory>
    <territory color="855638016">
        <zone name="Zone_dog" smin="0" smax="0" dmin="0" dmax="0" x="1318.86" z="8092.07" r="120" />
        <zone name="Zone_dog" smin="0" smax="0" dmin="0" dmax="0" x="1308.14" z="7876.0" r="80" />
        <zone name="Zone_dog" smin="0" smax="0" dmin="0" dmax="0" x="1302.79" z="7402.79" r="110" />
        <zone name="Zone_dog" smin="0" smax="0" dmin="0" dmax="0" x="1047.43" z="7265.29" r="80" />
        <zone name="Zone_dog" smin="0" smax="0" dmin="0" dmax="0" x="1215.29" z="7192.07" r="90" />
        <zone name="Zone_dog" smin="0" smax="0" dmin="0" dmax="0" x="1927.79" z="7143.86" r="110" />
        <zone name="Zone_dog" smin="0" smax="0" dmin="0" dmax="0" x="1969.45" z="6904.87" r="100" />
        <zone name="Zone_dog" smin="0" smax="0" dmin="0" dmax="0" x="1986.71" z="6692.67" r="60" />
        <zone name="Zone_dog" smin="0" smax="0" dmin="0" dmax="0" x="1638.5" z="7315.29" r="150" />
    </territory>
    <territory color="855638016">
        <zone name="Zone_dog" smin="0" smax="0" dmin="0" dmax="0" x="9087.25" z="4414.75" r="70" />
    </territory>
    <territory color="855638016">
        <zone name="Zone_dog" smin="0" smax="0" dmin="0" dmax="0" x="906.0" z="5444.75" r="120" />
        <zone name="Zone_dog" smin="0" smax="0" dmin="0" dmax="0" x="769.75" z="5641.0" r="80" />
        <zone name="Zone_dog" smin="0" smax="0" dmin="0" dmax="0" x="1038.5" z="5684.75" r="100" />
    </territory>
    <territory color="855638016">
        <zone name="Zone_dog" smin="0" smax="0" dmin="0" dmax="0" x="6705.69" z="11204.1" r="90" />
        <zone name="Zone_dog" smin="0" smax="0" dmin="0" dmax="0" x="6496.31" z="11490.1" r="110" />
        <zone name="Zone_dog" smin="0" smax="0" dmin="0" dmax="0" x="6332.25" z="11312.6" r="110" />
        <zone name="Zone_dog" smin="0" smax="0" dmin="0" dmax="0" x="6413.5" z="11074.4" r="90" />
        <zone name="Zone_dog" smin="0" smax="0" dmin="0" dmax="0" x="6529.13" z="11218.7" r="80" />
    </territory>
    <territory color="855638016">
        <zone name="Zone_dog" smin="0" smax="0" dmin="0" dmax="0" x="11884.0" z="7386.91" r="60" />
        <zone name="Zone_dog" smin="0" smax="0" dmin="0" dmax="0" x="11280.5" z="7879.41" r="75" />
        <zone name="Zone_dog" smin="0" smax="0" dmin="0" dmax="0" x="10681.0" z="6948.5" r="75" />
    </territory>
    <territory color="855638016">
        <zone name="Zone_dog" smin="0" smax="0" dmin="0" dmax="0" x="11572.9" z="9833.81" r="70" />
        <zone name="Zone_dog" smin="0" smax="0" dmin="0" dmax="0" x="11435.4" z="9746.31" r="70" />
        <zone name="Zone_dog" smin="0" smax="0" dmin="0" dmax="0" x="11590.1" z="9636.94" r="110" />
        <zone name="Zone_dog" smin="0" smax="0" dmin="0" dmax="0" x="11344.8" z="9601.0" r="70" />
        <zone name="Zone_dog" smin="0" smax="0" dmin="0" dmax="0" x="11404.1" z="9401.0" r="110" />
        <zone name="Zone_dog" smin="0" smax="0" dmin="0" dmax="0" x="11596.3" z="9446.31" r="70" />
        <zone name="Zone_dog" smin="0" smax="0" dmin="0" dmax="0" x="11740.1" z="9526.0" r="70" />
        <zone name="Zone_dog" smin="0" smax="0" dmin="0" dmax="0" x="10997.9" z="9023.92" r="80" />
        <zone name="Zone_dog" smin="0" smax="0" dmin="0" dmax="0" x="11401.0" z="9077.04" r="70" />
    </territory>
    <territory color="855638016">
        <zone name="Zone_dog" smin="0" smax="0" dmin="0" dmax="0" x="6069.31" z="8093.42" r="100" />
        <zone name="Zone_dog" smin="0" smax="0" dmin="0" dmax="0" x="6220.44" z="8202.39" r="80" />
    </territory>
</territory-type>