<?xml version="1.0" encoding="UTF-8"?>
<territory-type>
    <territory color="4294945280">
        <zone name="Zone_Fox" smin="0" smax="0" dmin="0" dmax="2" x="362.5" z="9745.83" r="50"/>
        <zone name="Zone_Fox" smin="0" smax="0" dmin="0" dmax="2" x="566.667" z="9745.83" r="50"/>
        <zone name="Zone_Fox" smin="0" smax="0" dmin="0" dmax="2" x="804.167" z="9866.67" r="50"/>
        <zone name="Zone_Fox" smin="0" smax="0" dmin="0" dmax="2" x="870.833" z="10108.3" r="50"/>
        <zone name="Zone_Fox" smin="0" smax="0" dmin="0" dmax="2" x="1004.17" z="10208.3" r="50"/>
        <zone name="Zone_Fox" smin="0" smax="0" dmin="0" dmax="2" x="1245.83" z="10166.7" r="50"/>
        <zone name="Zone_Fox" smin="0" smax="0" dmin="0" dmax="2" x="1554.17" z="10120.8" r="50"/>
        <zone name="Zone_Fox" smin="0" smax="0" dmin="0" dmax="2" x="1729.17" z="10262.5" r="50"/>
        <zone name="Zone_Fox" smin="0" smax="0" dmin="0" dmax="2" x="1983.33" z="10345.8" r="50"/>
        <zone name="Zone_Fox" smin="0" smax="0" dmin="0" dmax="2" x="1787.5" z="10533.3" r="50"/>
        <zone name="Zone_Fox" smin="0" smax="0" dmin="0" dmax="2" x="1491.67" z="10470.8" r="50"/>
        <zone name="Zone_Fox" smin="0" smax="0" dmin="0" dmax="2" x="1233.33" z="10470.8" r="50"/>
        <zone name="Zone_Fox" smin="0" smax="0" dmin="0" dmax="2" x="2145.83" z="10525" r="50"/>
        <zone name="Zone_Fox" smin="0" smax="0" dmin="0" dmax="2" x="2433.33" z="10791.7" r="50"/>
        <zone name="Zone_Fox" smin="0" smax="0" dmin="0" dmax="2" x="2562.5" z="10962.5" r="50"/>
        <zone name="Zone_Fox" smin="0" smax="0" dmin="0" dmax="2" x="2712.5" z="11195.8" r="50"/>
        <zone name="Zone_Fox" smin="0" smax="0" dmin="0" dmax="2" x="2862.5" z="11341.7" r="50"/>
        <zone name="Zone_Fox" smin="0" smax="0" dmin="0" dmax="2" x="3008.33" z="11545.8" r="50"/>
        <zone name="Zone_Fox" smin="0" smax="0" dmin="0" dmax="2" x="2962.5" z="11062.5" r="50"/>
        <zone name="Zone_Fox" smin="0" smax="0" dmin="0" dmax="2" x="3308.33" z="11095.8" r="50"/>
        <zone name="Zone_Fox" smin="0" smax="0" dmin="0" dmax="2" x="3333.33" z="10870.8" r="50"/>
        <zone name="Zone_Fox" smin="0" smax="0" dmin="0" dmax="2" x="3320.83" z="10475" r="50"/>
        <zone name="Zone_Fox" smin="0" smax="0" dmin="0" dmax="2" x="3566.67" z="10412.5" r="50"/>
        <zone name="Zone_Fox" smin="0" smax="0" dmin="0" dmax="2" x="3700" z="10545.8" r="50"/>
        <zone name="Zone_Fox" smin="0" smax="0" dmin="0" dmax="2" x="3700" z="10983.3" r="50"/>
        <zone name="Zone_Fox" smin="0" smax="0" dmin="0" dmax="2" x="3700" z="10754.2" r="50"/>
        <zone name="Zone_Fox" smin="0" smax="0" dmin="0" dmax="2" x="3583.33" z="11162.5" r="50"/>
        <zone name="Zone_Fox" smin="0" smax="0" dmin="0" dmax="2" x="2440.63" z="12068.8" r="50"/>
        <zone name="Zone_Fox" smin="0" smax="0" dmin="0" dmax="2" x="2390.63" z="12321.9" r="50"/>
        <zone name="Zone_Fox" smin="0" smax="0" dmin="0" dmax="2" x="2587.5" z="12518.8" r="50"/>
        <zone name="Zone_Fox" smin="0" smax="0" dmin="0" dmax="2" x="2903.13" z="12631.3" r="50"/>
        <zone name="Zone_Fox" smin="0" smax="0" dmin="0" dmax="2" x="3468.75" z="12696.9" r="50"/>
        <zone name="Zone_Fox" smin="0" smax="0" dmin="0" dmax="2" x="3521.88" z="12562.5" r="50"/>
        <zone name="Zone_Fox" smin="0" smax="0" dmin="0" dmax="2" x="3875" z="12425" r="50"/>
        <zone name="Zone_Fox" smin="0" smax="0" dmin="0" dmax="2" x="4106.25" z="12518.8" r="50"/>
        <zone name="Zone_Fox" smin="0" smax="0" dmin="0" dmax="2" x="4350" z="12459.4" r="50"/>
        <zone name="Zone_Fox" smin="0" smax="0" dmin="0" dmax="2" x="4503.13" z="12440.6" r="50"/>
        <zone name="Zone_Fox" smin="0" smax="0" dmin="0" dmax="2" x="4371.88" z="12212.5" r="50"/>
        <zone name="Zone_Fox" smin="0" smax="0" dmin="0" dmax="2" x="4181.25" z="12090.6" r="50"/>
        <zone name="Zone_Fox" smin="0" smax="0" dmin="0" dmax="2" x="4575" z="12190.6" r="50"/>
        <zone name="Zone_Fox" smin="0" smax="0" dmin="0" dmax="2" x="4815.63" z="12259.4" r="50"/>
        <zone name="Zone_Fox" smin="0" smax="0" dmin="0" dmax="2" x="5003.13" z="12193.8" r="50"/>
        <zone name="Zone_Fox" smin="0" smax="0" dmin="0" dmax="2" x="4303.13" z="11753.1" r="50"/>
        <zone name="Zone_Fox" smin="0" smax="0" dmin="0" dmax="2" x="4134.38" z="11634.4" r="50"/>
        <zone name="Zone_Fox" smin="0" smax="0" dmin="0" dmax="2" x="4050" z="11443.8" r="50"/>
        <zone name="Zone_Fox" smin="0" smax="0" dmin="0" dmax="2" x="4278.13" z="11378.1" r="50"/>
        <zone name="Zone_Fox" smin="0" smax="0" dmin="0" dmax="2" x="4568.75" z="11381.3" r="50"/>
        <zone name="Zone_Fox" smin="0" smax="0" dmin="0" dmax="2" x="4753.13" z="11540.6" r="50"/>
        <zone name="Zone_Fox" smin="0" smax="0" dmin="0" dmax="2" x="4584.38" z="11703.1" r="50"/>
        <zone name="Zone_Fox" smin="0" smax="0" dmin="0" dmax="2" x="4162.5" z="11181.3" r="50"/>
        <zone name="Zone_Fox" smin="0" smax="0" dmin="0" dmax="2" x="4375" z="11178.1" r="50"/>
        <zone name="Zone_Fox" smin="0" smax="0" dmin="0" dmax="2" x="4600" z="11193.8" r="50"/>
        <zone name="Zone_Fox" smin="0" smax="0" dmin="0" dmax="2" x="4081.25" z="11093.8" r="50"/>
        <zone name="Zone_Fox" smin="0" smax="0" dmin="0" dmax="2" x="4115.63" z="10921.9" r="50"/>
        <zone name="Zone_Fox" smin="0" smax="0" dmin="0" dmax="2" x="4406.25" z="10912.5" r="50"/>
        <zone name="Zone_Fox" smin="0" smax="0" dmin="0" dmax="2" x="4681.25" z="10981.3" r="50"/>
        <zone name="Zone_Fox" smin="0" smax="0" dmin="0" dmax="2" x="4934.38" z="11009.4" r="50"/>
        <zone name="Zone_Fox" smin="0" smax="0" dmin="0" dmax="2" x="2356.25" z="10175" r="50"/>
        <zone name="Zone_Fox" smin="0" smax="0" dmin="0" dmax="2" x="2281.25" z="10284.4" r="50"/>
        <zone name="Zone_Fox" smin="0" smax="0" dmin="0" dmax="2" x="2303.13" z="10059.4" r="50"/>
        <zone name="Zone_Fox" smin="0" smax="0" dmin="0" dmax="2" x="2712.5" z="10100" r="50"/>
        <zone name="Zone_Fox" smin="0" smax="0" dmin="0" dmax="2" x="5412.5" z="12031.3" r="50"/>
        <zone name="Zone_Fox" smin="0" smax="0" dmin="0" dmax="2" x="5359.38" z="11768.8" r="50"/>
        <zone name="Zone_Fox" smin="0" smax="0" dmin="0" dmax="2" x="5165.63" z="11650" r="50"/>
        <zone name="Zone_Fox" smin="0" smax="0" dmin="0" dmax="2" x="5237.5" z="11512.5" r="50"/>
        <zone name="Zone_Fox" smin="0" smax="0" dmin="0" dmax="2" x="5150" z="11334.4" r="50"/>
        <zone name="Zone_Fox" smin="0" smax="0" dmin="0" dmax="2" x="5143.75" z="11218.8" r="50"/>
        <zone name="Zone_Fox" smin="0" smax="0" dmin="0" dmax="2" x="5443.75" z="11628.1" r="50"/>
        <zone name="Zone_Fox" smin="0" smax="0" dmin="0" dmax="2" x="5634.38" z="11671.9" r="50"/>
        <zone name="Zone_Fox" smin="0" smax="0" dmin="0" dmax="2" x="5718.75" z="12021.9" r="50"/>
        <zone name="Zone_Fox" smin="0" smax="0" dmin="0" dmax="2" x="5937.5" z="11862.5" r="50"/>
        <zone name="Zone_Fox" smin="0" smax="0" dmin="0" dmax="2" x="6187.5" z="11737.5" r="50"/>
        <zone name="Zone_Fox" smin="0" smax="0" dmin="0" dmax="2" x="5671.88" z="12425" r="50"/>
        <zone name="Zone_Fox" smin="0" smax="0" dmin="0" dmax="2" x="5746.88" z="12231.3" r="50"/>
        <zone name="Zone_Fox" smin="0" smax="0" dmin="0" dmax="2" x="6271.88" z="12006.3" r="50"/>
        <zone name="Zone_Fox" smin="0" smax="0" dmin="0" dmax="2" x="6446.88" z="12125" r="50"/>
        <zone name="Zone_Fox" smin="0" smax="0" dmin="0" dmax="2" x="6431.25" z="12337.5" r="50"/>
        <zone name="Zone_Fox" smin="0" smax="0" dmin="0" dmax="2" x="6181.25" z="12493.8" r="50"/>
        <zone name="Zone_Fox" smin="0" smax="0" dmin="0" dmax="2" x="6012.5" z="12371.9" r="50"/>
        <zone name="Zone_Fox" smin="0" smax="0" dmin="0" dmax="2" x="6084.38" z="12125" r="50"/>
        <zone name="Zone_Fox" smin="0" smax="0" dmin="0" dmax="2" x="6875" z="12587.5" r="50"/>
        <zone name="Zone_Fox" smin="0" smax="0" dmin="0" dmax="2" x="6846.88" z="12387.5" r="50"/>
        <zone name="Zone_Fox" smin="0" smax="0" dmin="0" dmax="2" x="7006.25" z="12259.4" r="50"/>
        <zone name="Zone_Fox" smin="0" smax="0" dmin="0" dmax="2" x="7228.13" z="12484.4" r="50"/>
        <zone name="Zone_Fox" smin="0" smax="0" dmin="0" dmax="2" x="6950" z="12734.4" r="50"/>
        <zone name="Zone_Fox" smin="0" smax="0" dmin="0" dmax="2" x="7428.13" z="12303.1" r="50"/>
        <zone name="Zone_Fox" smin="0" smax="0" dmin="0" dmax="2" x="7690.63" z="12153.1" r="50"/>
        <zone name="Zone_Fox" smin="0" smax="0" dmin="0" dmax="2" x="7518.75" z="12690.6" r="50"/>
        <zone name="Zone_Fox" smin="0" smax="0" dmin="0" dmax="2" x="7825" z="12562.5" r="50"/>
        <zone name="Zone_Fox" smin="0" smax="0" dmin="0" dmax="2" x="7837.5" z="12196.9" r="50"/>
        <zone name="Zone_Fox" smin="0" smax="0" dmin="0" dmax="2" x="7981.25" z="12350" r="50"/>
        <zone name="Zone_Fox" smin="0" smax="0" dmin="0" dmax="2" x="8071.88" z="12156.3" r="50"/>
        <zone name="Zone_Fox" smin="0" smax="0" dmin="0" dmax="2" x="7640.63" z="11871.9" r="50"/>
        <zone name="Zone_Fox" smin="0" smax="0" dmin="0" dmax="2" x="7521.88" z="11743.8" r="50"/>
        <zone name="Zone_Fox" smin="0" smax="0" dmin="0" dmax="2" x="7334.38" z="11546.9" r="50"/>
        <zone name="Zone_Fox" smin="0" smax="0" dmin="0" dmax="2" x="7150" z="11371.9" r="50"/>
        <zone name="Zone_Fox" smin="0" smax="0" dmin="0" dmax="2" x="7559.38" z="11468.8" r="50"/>
        <zone name="Zone_Fox" smin="0" smax="0" dmin="0" dmax="2" x="7409.38" z="11278.1" r="50"/>
        <zone name="Zone_Fox" smin="0" smax="0" dmin="0" dmax="2" x="7190.63" z="11153.1" r="50"/>
        <zone name="Zone_Fox" smin="0" smax="0" dmin="0" dmax="2" x="8059.38" z="11312.5" r="50"/>
        <zone name="Zone_Fox" smin="0" smax="0" dmin="0" dmax="2" x="8106.25" z="11243.8" r="50"/>
        <zone name="Zone_Fox" smin="0" smax="0" dmin="0" dmax="2" x="6890.63" z="10840.6" r="50"/>
        <zone name="Zone_Fox" smin="0" smax="0" dmin="0" dmax="2" x="6706.25" z="10609.4" r="50"/>
        <zone name="Zone_Fox" smin="0" smax="0" dmin="0" dmax="2" x="6768.75" z="10075" r="50"/>
        <zone name="Zone_Fox" smin="0" smax="0" dmin="0" dmax="2" x="7031.25" z="10012.5" r="50"/>
        <zone name="Zone_Fox" smin="0" smax="0" dmin="0" dmax="2" x="7303.13" z="10025" r="50"/>
        <zone name="Zone_Fox" smin="0" smax="0" dmin="0" dmax="2" x="7612.5" z="9984.38" r="50"/>
        <zone name="Zone_Fox" smin="0" smax="0" dmin="0" dmax="2" x="7693.75" z="9796.88" r="50"/>
        <zone name="Zone_Fox" smin="0" smax="0" dmin="0" dmax="2" x="7609.38" z="9565.63" r="50"/>
        <zone name="Zone_Fox" smin="0" smax="0" dmin="0" dmax="2" x="7475" z="9318.75" r="50"/>
        <zone name="Zone_Fox" smin="0" smax="0" dmin="0" dmax="2" x="7415.63" z="9100" r="50"/>
        <zone name="Zone_Fox" smin="0" smax="0" dmin="0" dmax="2" x="7390.63" z="8881.25" r="50"/>
        <zone name="Zone_Fox" smin="0" smax="0" dmin="0" dmax="2" x="7159.38" z="8793.75" r="50"/>
        <zone name="Zone_Fox" smin="0" smax="0" dmin="0" dmax="2" x="6928.13" z="8793.75" r="50"/>
        <zone name="Zone_Fox" smin="0" smax="0" dmin="0" dmax="2" x="7062.5" z="8928.13" r="50"/>
        <zone name="Zone_Fox" smin="0" smax="0" dmin="0" dmax="2" x="7162.5" z="9203.13" r="50"/>
        <zone name="Zone_Fox" smin="0" smax="0" dmin="0" dmax="2" x="7225" z="9484.38" r="50"/>
        <zone name="Zone_Fox" smin="0" smax="0" dmin="0" dmax="2" x="7262.5" z="9781.25" r="50"/>
        <zone name="Zone_Fox" smin="0" smax="0" dmin="0" dmax="2" x="6865.63" z="9193.75" r="50"/>
        <zone name="Zone_Fox" smin="0" smax="0" dmin="0" dmax="2" x="5906.25" z="9437.5" r="50"/>
        <zone name="Zone_Fox" smin="0" smax="0" dmin="0" dmax="2" x="6181.25" z="9309.38" r="50"/>
        <zone name="Zone_Fox" smin="0" smax="0" dmin="0" dmax="2" x="5978.13" z="11000" r="50"/>
        <zone name="Zone_Fox" smin="0" smax="0" dmin="0" dmax="2" x="5815.63" z="10815.6" r="50"/>
        <!--<zone name="Zone_Fox" smin="0" smax="0" dmin="0" dmax="2" x="5625" z="10600" r="50"/> Sanc -->
        <zone name="Zone_Fox" smin="0" smax="0" dmin="0" dmax="2" x="5671.88" z="10356.3" r="50"/>
        <zone name="Zone_Fox" smin="0" smax="0" dmin="0" dmax="2" x="5996.88" z="8962.5" r="50"/>
        <zone name="Zone_Fox" smin="0" smax="0" dmin="0" dmax="2" x="5206.25" z="8990.63" r="50"/>
        <zone name="Zone_Fox" smin="0" smax="0" dmin="0" dmax="2" x="5018.75" z="8850" r="50"/>
        <zone name="Zone_Fox" smin="0" smax="0" dmin="0" dmax="2" x="5037.5" z="8593.75" r="50"/>
        <zone name="Zone_Fox" smin="0" smax="0" dmin="0" dmax="2" x="5040.63" z="8390.63" r="50"/>
        <zone name="Zone_Fox" smin="0" smax="0" dmin="0" dmax="2" x="5456.25" z="8096.88" r="50"/>
        <zone name="Zone_Fox" smin="0" smax="0" dmin="0" dmax="2" x="5662.5" z="7981.25" r="50"/>
        <zone name="Zone_Fox" smin="0" smax="0" dmin="0" dmax="2" x="6928.13" z="7462.5" r="50"/>
        <zone name="Zone_Fox" smin="0" smax="0" dmin="0" dmax="2" x="6950" z="7684.38" r="50"/>
        <zone name="Zone_Fox" smin="0" smax="0" dmin="0" dmax="2" x="8745.83" z="10645.8" r="50"/>
        <zone name="Zone_Fox" smin="0" smax="0" dmin="0" dmax="2" x="8279.17" z="9970.83" r="50"/>
        <zone name="Zone_Fox" smin="0" smax="0" dmin="0" dmax="2" x="9870.83" z="11104.2" r="50"/>
        <zone name="Zone_Fox" smin="0" smax="0" dmin="0" dmax="2" x="9675" z="11295.8" r="50"/>
        <zone name="Zone_Fox" smin="0" smax="0" dmin="0" dmax="2" x="10012.5" z="10929.2" r="50"/>
        <zone name="Zone_Fox" smin="0" smax="0" dmin="0" dmax="2" x="11766.7" z="10362.5" r="50"/>
        <zone name="Zone_Fox" smin="0" smax="0" dmin="0" dmax="2" x="12037.5" z="10400" r="50"/>
        <zone name="Zone_Fox" smin="0" smax="0" dmin="0" dmax="2" x="12262.5" z="10500" r="50"/>
        <zone name="Zone_Fox" smin="0" smax="0" dmin="0" dmax="2" x="12462.5" z="10258.3" r="50"/>
        <zone name="Zone_Fox" smin="0" smax="0" dmin="0" dmax="2" x="12700" z="10087.5" r="50"/>
        <zone name="Zone_Fox" smin="0" smax="0" dmin="0" dmax="2" x="12720.8" z="10562.5" r="50"/>
        <zone name="Zone_Fox" smin="0" smax="0" dmin="0" dmax="2" x="11708.3" z="11654.2" r="50"/>
        <zone name="Zone_Fox" smin="0" smax="0" dmin="0" dmax="2" x="11404.2" z="11570.8" r="50"/>
        <zone name="Zone_Fox" smin="0" smax="0" dmin="0" dmax="2" x="11450" z="11758.3" r="50"/>
        <zone name="Zone_Fox" smin="0" smax="0" dmin="0" dmax="2" x="11287.5" z="12033.3" r="50"/>
        <zone name="Zone_Fox" smin="0" smax="0" dmin="0" dmax="2" x="11333.3" z="12183.3" r="50"/>
        <zone name="Zone_Fox" smin="0" smax="0" dmin="0" dmax="2" x="11500" z="12333.3" r="50"/>
        <zone name="Zone_Fox" smin="0" smax="0" dmin="0" dmax="2" x="10095.8" z="12270.8" r="50"/>
        <zone name="Zone_Fox" smin="0" smax="0" dmin="0" dmax="2" x="10320.8" z="12079.2" r="50"/>
        <zone name="Zone_Fox" smin="0" smax="0" dmin="0" dmax="2" x="10158.3" z="12554.2" r="50"/>
        <zone name="Zone_Fox" smin="0" smax="0" dmin="0" dmax="2" x="10429.2" z="12362.5" r="50"/>
        <zone name="Zone_Fox" smin="0" smax="0" dmin="0" dmax="2" x="9854.17" z="12337.5" r="50"/>
        <zone name="Zone_Fox" smin="0" smax="0" dmin="0" dmax="2" x="9408.33" z="12158.3" r="50"/>
        <zone name="Zone_Fox" smin="0" smax="0" dmin="0" dmax="2" x="9083.33" z="12262.5" r="50"/>
        <zone name="Zone_Fox" smin="0" smax="0" dmin="0" dmax="2" x="8841.67" z="12316.7" r="50"/>
        <zone name="Zone_Fox" smin="0" smax="0" dmin="0" dmax="2" x="8641.67" z="12291.7" r="50"/>
        <zone name="Zone_Fox" smin="0" smax="0" dmin="0" dmax="2" x="708.333" z="5187.5" r="50"/>
        <zone name="Zone_Fox" smin="0" smax="0" dmin="0" dmax="2" x="679.167" z="4962.5" r="50"/>
        <zone name="Zone_Fox" smin="0" smax="0" dmin="0" dmax="2" x="758.333" z="4745.83" r="50"/>
        <zone name="Zone_Fox" smin="0" smax="0" dmin="0" dmax="2" x="812.5" z="4500" r="50"/>
        <zone name="Zone_Fox" smin="0" smax="0" dmin="0" dmax="2" x="900" z="4187.5" r="50"/>
        <zone name="Zone_Fox" smin="0" smax="0" dmin="0" dmax="2" x="1029.17" z="3895.83" r="50"/>
        <zone name="Zone_Fox" smin="0" smax="0" dmin="0" dmax="2" x="970.833" z="3587.5" r="50"/>
        <zone name="Zone_Fox" smin="0" smax="0" dmin="0" dmax="2" x="725" z="3541.67" r="50"/>
        <zone name="Zone_Fox" smin="0" smax="0" dmin="0" dmax="2" x="516.667" z="3841.67" r="50"/>
        <zone name="Zone_Fox" smin="0" smax="0" dmin="0" dmax="2" x="320.833" z="3758.33" r="50"/>
        <zone name="Zone_Fox" smin="0" smax="0" dmin="0" dmax="2" x="229.167" z="3583.33" r="50"/>
        <zone name="Zone_Fox" smin="0" smax="0" dmin="0" dmax="2" x="154.167" z="4020.83" r="50"/>
        <zone name="Zone_Fox" smin="0" smax="0" dmin="0" dmax="2" x="170.833" z="4266.67" r="50"/>
        <zone name="Zone_Fox" smin="0" smax="0" dmin="0" dmax="2" x="245.833" z="4704.17" r="50"/>
        <zone name="Zone_Fox" smin="0" smax="0" dmin="0" dmax="2" x="154.167" z="5345.83" r="50"/>
        <zone name="Zone_Fox" smin="0" smax="0" dmin="0" dmax="2" x="412.5" z="5383.33" r="50"/>
        <zone name="Zone_Fox" smin="0" smax="0" dmin="0" dmax="2" x="316.667" z="5679.17" r="50"/>
        <zone name="Zone_Fox" smin="0" smax="0" dmin="0" dmax="2" x="1766.67" z="5037.5" r="50"/>
        <zone name="Zone_Fox" smin="0" smax="0" dmin="0" dmax="2" x="2054.17" z="5000" r="50"/>
        <zone name="Zone_Fox" smin="0" smax="0" dmin="0" dmax="2" x="2233.33" z="5216.67" r="50"/>
        <zone name="Zone_Fox" smin="0" smax="0" dmin="0" dmax="2" x="1737.5" z="5362.5" r="50"/>
        <zone name="Zone_Fox" smin="0" smax="0" dmin="0" dmax="2" x="1575" z="5366.67" r="50"/>
        <zone name="Zone_Fox" smin="0" smax="0" dmin="0" dmax="2" x="1270.83" z="5904.17" r="50"/>
        <zone name="Zone_Fox" smin="0" smax="0" dmin="0" dmax="2" x="3450" z="6120.83" r="50"/>
        <zone name="Zone_Fox" smin="0" smax="0" dmin="0" dmax="2" x="3187.5" z="6070.83" r="50"/>
        <zone name="Zone_Fox" smin="0" smax="0" dmin="0" dmax="2" x="2991.67" z="5875" r="50"/>
        <zone name="Zone_Fox" smin="0" smax="0" dmin="0" dmax="2" x="2845.83" z="5595.83" r="50"/>
        <zone name="Zone_Fox" smin="0" smax="0" dmin="0" dmax="2" x="3000" z="5308.33" r="50"/>
        <zone name="Zone_Fox" smin="0" smax="0" dmin="0" dmax="2" x="3887.5" z="6146.88" r="50"/>
        <zone name="Zone_Fox" smin="0" smax="0" dmin="0" dmax="2" x="4006.25" z="5915.63" r="50"/>
        <zone name="Zone_Fox" smin="0" smax="0" dmin="0" dmax="2" x="4325" z="6009.38" r="50"/>
        <zone name="Zone_Fox" smin="0" smax="0" dmin="0" dmax="2" x="5075" z="6690.63" r="50"/>
        <zone name="Zone_Fox" smin="0" smax="0" dmin="0" dmax="2" x="3765.63" z="4815.63" r="50"/>
        <zone name="Zone_Fox" smin="0" smax="0" dmin="0" dmax="2" x="3621.88" z="5125" r="50"/>
        <zone name="Zone_Fox" smin="0" smax="0" dmin="0" dmax="2" x="4546.88" z="4868.75" r="50"/>
        <zone name="Zone_Fox" smin="0" smax="0" dmin="0" dmax="2" x="5206.25" z="4950" r="50"/>
        <zone name="Zone_Fox" smin="0" smax="0" dmin="0" dmax="2" x="5143.75" z="4762.5" r="50"/>
        <zone name="Zone_Fox" smin="0" smax="0" dmin="0" dmax="2" x="5121.88" z="4625" r="50"/>
        <zone name="Zone_Fox" smin="0" smax="0" dmin="0" dmax="2" x="5406.25" z="4640.63" r="50"/>
        <zone name="Zone_Fox" smin="0" smax="0" dmin="0" dmax="2" x="5618.75" z="4621.88" r="50"/>
        <zone name="Zone_Fox" smin="0" smax="0" dmin="0" dmax="2" x="5731.25" z="4403.13" r="50"/>
        <zone name="Zone_Fox" smin="0" smax="0" dmin="0" dmax="2" x="5540.63" z="4825" r="50"/>
        <zone name="Zone_Fox" smin="0" smax="0" dmin="0" dmax="2" x="5808.33" z="3487.5" r="50"/>
        <zone name="Zone_Fox" smin="0" smax="0" dmin="0" dmax="2" x="6091.67" z="3504.17" r="50"/>
        <zone name="Zone_Fox" smin="0" smax="0" dmin="0" dmax="2" x="6179.17" z="3204.17" r="50"/>
        <zone name="Zone_Fox" smin="0" smax="0" dmin="0" dmax="2" x="6291.67" z="3154.17" r="50"/>
        <zone name="Zone_Fox" smin="0" smax="0" dmin="0" dmax="2" x="7575" z="3283.33" r="50"/>
        <zone name="Zone_Fox" smin="0" smax="0" dmin="0" dmax="2" x="7437.5" z="3154.17" r="50"/>
        <zone name="Zone_Fox" smin="0" smax="0" dmin="0" dmax="2" x="7787.5" z="4995.83" r="50"/>
        <zone name="Zone_Fox" smin="0" smax="0" dmin="0" dmax="2" x="7958.33" z="4858.33" r="50"/>
        <zone name="Zone_Fox" smin="0" smax="0" dmin="0" dmax="2" x="8183.33" z="5166.67" r="50"/>
        <zone name="Zone_Fox" smin="0" smax="0" dmin="0" dmax="2" x="8633.33" z="5225" r="50"/>
        <zone name="Zone_Fox" smin="0" smax="0" dmin="0" dmax="2" x="9162.5" z="5483.33" r="50"/>
        <zone name="Zone_Fox" smin="0" smax="0" dmin="0" dmax="2" x="9412.5" z="5575" r="50"/>
        <zone name="Zone_Fox" smin="0" smax="0" dmin="0" dmax="2" x="9816.67" z="5604.17" r="50"/>
        <zone name="Zone_Fox" smin="0" smax="0" dmin="0" dmax="2" x="9937.5" z="5945.83" r="50"/>
        <zone name="Zone_Fox" smin="0" smax="0" dmin="0" dmax="2" x="9754.17" z="5795.83" r="50"/>
        <zone name="Zone_Fox" smin="0" smax="0" dmin="0" dmax="2" x="10791.7" z="6333.33" r="50"/>
        <zone name="Zone_Fox" smin="0" smax="0" dmin="0" dmax="2" x="10958.3" z="6145.83" r="50"/>
        <zone name="Zone_Fox" smin="0" smax="0" dmin="0" dmax="2" x="11150" z="5900" r="50"/>
        <zone name="Zone_Fox" smin="0" smax="0" dmin="0" dmax="2" x="11508.3" z="5816.67" r="50"/>
        <zone name="Zone_Fox" smin="0" smax="0" dmin="0" dmax="2" x="11883.3" z="5779.17" r="50"/>
        <zone name="Zone_Fox" smin="0" smax="0" dmin="0" dmax="2" x="11970.8" z="5525" r="50"/>
        <zone name="Zone_Fox" smin="0" smax="0" dmin="0" dmax="2" x="11733.3" z="5354.17" r="50"/>
        <zone name="Zone_Fox" smin="0" smax="0" dmin="0" dmax="2" x="11404.2" z="5337.5" r="50"/>
        <zone name="Zone_Fox" smin="0" smax="0" dmin="0" dmax="2" x="11191.7" z="5316.67" r="50"/>
        <zone name="Zone_Fox" smin="0" smax="0" dmin="0" dmax="2" x="11229.2" z="4979.17" r="50"/>
        <zone name="Zone_Fox" smin="0" smax="0" dmin="0" dmax="2" x="11075" z="4912.5" r="50"/>
        <zone name="Zone_Fox" smin="0" smax="0" dmin="0" dmax="2" x="10975" z="5158.33" r="50"/>
        <zone name="Zone_Fox" smin="0" smax="0" dmin="0" dmax="2" x="10712.5" z="5108.33" r="50"/>
        <zone name="Zone_Fox" smin="0" smax="0" dmin="0" dmax="2" x="10525" z="4933.33" r="50"/>
        <zone name="Zone_Fox" smin="0" smax="0" dmin="0" dmax="2" x="11554.2" z="6762.5" r="50"/>
        <zone name="Zone_Fox" smin="0" smax="0" dmin="0" dmax="2" x="11558.3" z="6520.83" r="50"/>
        <zone name="Zone_Fox" smin="0" smax="0" dmin="0" dmax="2" x="11550" z="6220.83" r="50"/>
        <zone name="Zone_Fox" smin="0" smax="0" dmin="0" dmax="2" x="11816.7" z="6100" r="50"/>
        <zone name="Zone_Fox" smin="0" smax="0" dmin="0" dmax="2" x="12179.2" z="6025" r="50"/>
        <zone name="Zone_Fox" smin="0" smax="0" dmin="0" dmax="2" x="12258.3" z="6691.67" r="50"/>
        <zone name="Zone_Fox" smin="0" smax="0" dmin="0" dmax="2" x="12287.5" z="6929.17" r="50"/>
        <zone name="Zone_Fox" smin="0" smax="0" dmin="0" dmax="2" x="12208.3" z="7150" r="50"/>
        <zone name="Zone_Fox" smin="0" smax="0" dmin="0" dmax="2" x="12041.7" z="7354.17" r="50"/>
        <zone name="Zone_Fox" smin="0" smax="0" dmin="0" dmax="2" x="12225" z="7533.33" r="50"/>
        <zone name="Zone_Fox" smin="0" smax="0" dmin="0" dmax="2" x="11916.7" z="9066.67" r="50"/>
        <zone name="Zone_Fox" smin="0" smax="0" dmin="0" dmax="2" x="11804.2" z="8875" r="50"/>
        <zone name="Zone_Fox" smin="0" smax="0" dmin="0" dmax="2" x="11816.7" z="8608.33" r="50"/>
        <zone name="Zone_Fox" smin="0" smax="0" dmin="0" dmax="2" x="11854.2" z="8475" r="50"/>
        <zone name="Zone_Fox" smin="0" smax="0" dmin="0" dmax="2" x="11833.3" z="8279.17" r="50"/>
        <zone name="Zone_Fox" smin="0" smax="0" dmin="0" dmax="2" x="12108.3" z="8391.67" r="50"/>
        <zone name="Zone_Fox" smin="0" smax="0" dmin="0" dmax="2" x="12450" z="8833.33" r="50"/>
        <zone name="Zone_Fox" smin="0" smax="0" dmin="0" dmax="2" x="9716.67" z="7929.17" r="50"/>
        <zone name="Zone_Fox" smin="0" smax="0" dmin="0" dmax="2" x="9758.33" z="7725" r="50"/>
        <zone name="Zone_Fox" smin="0" smax="0" dmin="0" dmax="2" x="9562.5" z="7470.83" r="50"/>
        <zone name="Zone_Fox" smin="0" smax="0" dmin="0" dmax="2" x="9745.83" z="7295.83" r="50"/>
        <zone name="Zone_Fox" smin="0" smax="0" dmin="0" dmax="2" x="10050" z="7425" r="50"/>
        <zone name="Zone_Fox" smin="0" smax="0" dmin="0" dmax="2" x="10216.7" z="7708.33" r="50"/>
        <zone name="Zone_Fox" smin="0" smax="0" dmin="0" dmax="2" x="10558.3" z="7550" r="50"/>
        <zone name="Zone_Fox" smin="0" smax="0" dmin="0" dmax="2" x="10779.2" z="7604.17" r="50"/>
        <zone name="Zone_Fox" smin="0" smax="0" dmin="0" dmax="2" x="10537.5" z="7800" r="50"/>
        <zone name="Zone_Fox" smin="0" smax="0" dmin="0" dmax="2" x="10758.3" z="8066.67" r="50"/>
        <zone name="Zone_Fox" smin="0" smax="0" dmin="0" dmax="2" x="11062.5" z="7858.33" r="50"/>
        <zone name="Zone_Fox" smin="0" smax="0" dmin="0" dmax="2" x="11395.8" z="8120.83" r="50"/>
        <zone name="Zone_Fox" smin="0" smax="0" dmin="0" dmax="2" x="11404.2" z="8458.33" r="50"/>
        <zone name="Zone_Fox" smin="0" smax="0" dmin="0" dmax="2" x="11170.8" z="8479.17" r="50"/>
        <zone name="Zone_Fox" smin="0" smax="0" dmin="0" dmax="2" x="10766.7" z="8216.67" r="50"/>
        <zone name="Zone_Fox" smin="0" smax="0" dmin="0" dmax="2" x="10479.2" z="8258.33" r="50"/>
        <zone name="Zone_Fox" smin="0" smax="0" dmin="0" dmax="2" x="11608.3" z="902.083" r="50"/>
        <zone name="Zone_Fox" smin="0" smax="0" dmin="0" dmax="2" x="11656.3" z="1079.17" r="50"/>
        <zone name="Zone_Fox" smin="0" smax="0" dmin="0" dmax="2" x="11964.6" z="1070.83" r="50"/>
        <zone name="Zone_Fox" smin="0" smax="0" dmin="0" dmax="2" x="11706.3" z="1745.83" r="50"/>
        <zone name="Zone_Fox" smin="0" smax="0" dmin="0" dmax="2" x="11818.8" z="1472.92" r="50"/>
        <zone name="Zone_Fox" smin="0" smax="0" dmin="0" dmax="2" x="12035.4" z="1627.08" r="50"/>
        <zone name="Zone_Fox" smin="0" smax="0" dmin="0" dmax="2" x="12295.8" z="1493.75" r="50"/>
        <zone name="Zone_Fox" smin="0" smax="0" dmin="0" dmax="2" x="12056.3" z="1847.92" r="50"/>
        <zone name="Zone_Fox" smin="0" smax="0" dmin="0" dmax="2" x="12320.8" z="1941.67" r="50"/>
        <zone name="Zone_Fox" smin="0" smax="0" dmin="0" dmax="2" x="12450" z="1960.42" r="50"/>
        <zone name="Zone_Fox" smin="0" smax="0" dmin="0" dmax="2" x="12675" z="1718.75" r="50"/>
        <zone name="Zone_Fox" smin="0" smax="0" dmin="0" dmax="2" x="12637.5" z="875" r="50"/>
        <zone name="Zone_Fox" smin="0" smax="0" dmin="0" dmax="2" x="12483.3" z="1056.25" r="50"/>
        <zone name="Zone_Fox" smin="0" smax="0" dmin="0" dmax="2" x="12325" z="822.917" r="50"/>
        <zone name="Zone_Fox" smin="0" smax="0" dmin="0" dmax="2" x="12425" z="554.167" r="50"/>
        <zone name="Zone_Fox" smin="0" smax="0" dmin="0" dmax="2" x="12022.9" z="691.667" r="50"/>
        <zone name="Zone_Fox" smin="0" smax="0" dmin="0" dmax="2" x="12156.3" z="550" r="50"/>
        <zone name="Zone_Fox" smin="0" smax="0" dmin="0" dmax="2" x="10781.3" z="395.833" r="50"/>
        <zone name="Zone_Fox" smin="0" smax="0" dmin="0" dmax="2" x="10670.8" z="225" r="50"/>
        <zone name="Zone_Fox" smin="0" smax="0" dmin="0" dmax="2" x="11012.5" z="181.25" r="50"/>
        <zone name="Zone_Fox" smin="0" smax="0" dmin="0" dmax="2" x="11345.8" z="135.417" r="50"/>
        <zone name="Zone_Fox" smin="0" smax="0" dmin="0" dmax="2" x="10552.1" z="568.75" r="50"/>
        <zone name="Zone_Fox" smin="0" smax="0" dmin="0" dmax="2" x="10643.8" z="739.583" r="50"/>
        <zone name="Zone_Fox" smin="0" smax="0" dmin="0" dmax="2" x="3471.88" z="1803.13" r="50"/>
        <zone name="Zone_Fox" smin="0" smax="0" dmin="0" dmax="2" x="3600" z="1578.13" r="50"/>
        <zone name="Zone_Fox" smin="0" smax="0" dmin="0" dmax="2" x="3521.88" z="2071.88" r="50"/>
        <zone name="Zone_Fox" smin="0" smax="0" dmin="0" dmax="2" x="4228.13" z="2375" r="50"/>
        <zone name="Zone_Fox" smin="0" smax="0" dmin="0" dmax="2" x="6958.33" z="1787.5" r="50"/>
        <zone name="Zone_Fox" smin="0" smax="0" dmin="0" dmax="2" x="6758.33" z="1625" r="50"/>
        <zone name="Zone_Fox" smin="0" smax="0" dmin="0" dmax="2" x="6870.83" z="1329.17" r="50"/>
        <zone name="Zone_Fox" smin="0" smax="0" dmin="0" dmax="2" x="6833.33" z="1041.67" r="50"/>
        <zone name="Zone_Fox" smin="0" smax="0" dmin="0" dmax="2" x="7179.17" z="916.667" r="50"/>
        <zone name="Zone_Fox" smin="0" smax="0" dmin="0" dmax="2" x="7454.17" z="1416.67" r="50"/>
        <zone name="Zone_Fox" smin="0" smax="0" dmin="0" dmax="2" x="7462.5" z="1158.33" r="50"/>
        <zone name="Zone_Fox" smin="0" smax="0" dmin="0" dmax="2" x="7683.33" z="950" r="50"/>
        <zone name="Zone_Fox" smin="0" smax="0" dmin="0" dmax="2" x="8312.5" z="1145.83" r="50"/>
        <zone name="Zone_Fox" smin="0" smax="0" dmin="0" dmax="2" x="8433.33" z="979.167" r="50"/>
        <zone name="Zone_Fox" smin="0" smax="0" dmin="0" dmax="2" x="8566.67" z="141.667" r="50"/>
        <zone name="Zone_Fox" smin="0" smax="0" dmin="0" dmax="2" x="8279.17" z="137.5" r="50"/>
        <zone name="Zone_Fox" smin="0" smax="0" dmin="0" dmax="2" x="8087.5" z="225" r="50"/>
        <zone name="Zone_Fox" smin="0" smax="0" dmin="0" dmax="2" x="5325" z="8518.75" r="50"/>
        <zone name="Zone_Fox" smin="0" smax="0" dmin="0" dmax="2" x="506.25" z="10637.5" r="50"/>
        <zone name="Zone_Fox" smin="0" smax="0" dmin="0" dmax="2" x="431.25" z="10912.5" r="50"/>
        <zone name="Zone_Fox" smin="0" smax="0" dmin="0" dmax="2" x="281.25" z="11181.3" r="50"/>
        <zone name="Zone_Fox" smin="0" smax="0" dmin="0" dmax="2" x="668.75" z="11812.5" r="50"/>
        <zone name="Zone_Fox" smin="0" smax="0" dmin="0" dmax="2" x="756.25" z="11475" r="50"/>
        <zone name="Zone_Fox" smin="0" smax="0" dmin="0" dmax="2" x="750" z="11050" r="50"/>
        <zone name="Zone_Fox" smin="0" smax="0" dmin="0" dmax="2" x="868.75" z="10618.8" r="50"/>
        <zone name="Zone_Fox" smin="0" smax="0" dmin="0" dmax="2" x="1425" z="11325" r="50"/>
        <zone name="Zone_Fox" smin="0" smax="0" dmin="0" dmax="2" x="1100" z="11718.8" r="50"/>
        <zone name="Zone_Fox" smin="0" smax="0" dmin="0" dmax="2" x="850" z="12531.3" r="50"/>
        <zone name="Zone_Fox" smin="0" smax="0" dmin="0" dmax="2" x="1312.5" z="12537.5" r="50"/>
        <zone name="Zone_Fox" smin="0" smax="0" dmin="0" dmax="2" x="1618.75" z="12687.5" r="50"/>
        <zone name="Zone_Fox" smin="0" smax="0" dmin="0" dmax="2" x="1212.5" z="3556.25" r="50"/>
        <zone name="Zone_Fox" smin="0" smax="0" dmin="0" dmax="2" x="1425" z="2562.5" r="50"/>
        <zone name="Zone_Fox" smin="0" smax="0" dmin="0" dmax="2" x="1143.75" z="2325" r="50"/>
        <zone name="Zone_Fox" smin="0" smax="0" dmin="0" dmax="2" x="1025" z="1975" r="50"/>
        <zone name="Zone_Fox" smin="0" smax="0" dmin="0" dmax="2" x="1118.75" z="1587.5" r="50"/>
        <zone name="Zone_Fox" smin="0" smax="0" dmin="0" dmax="2" x="1781.25" z="2437.5" r="50"/>
        <zone name="Zone_Fox" smin="0" smax="0" dmin="0" dmax="2" x="2443.75" z="2343.75" r="50"/>
        <zone name="Zone_Fox" smin="0" smax="0" dmin="0" dmax="2" x="2390" z="4252.5" r="50"/>
        <zone name="Zone_Fox" smin="0" smax="0" dmin="0" dmax="2" x="2420" z="4080" r="50"/>
        <zone name="Zone_Fox" smin="0" smax="0" dmin="0" dmax="2" x="2057.5" z="3852.5" r="50"/>
        <zone name="Zone_Fox" smin="0" smax="0" dmin="0" dmax="2" x="2460" z="3557.5" r="50"/>
        <zone name="Zone_Fox" smin="0" smax="0" dmin="0" dmax="2" x="2277.5" z="3237.5" r="50"/>
        <zone name="Zone_Fox" smin="0" smax="0" dmin="0" dmax="2" x="2372.5" z="3090" r="50"/>
        <zone name="Zone_Fox" smin="0" smax="0" dmin="0" dmax="2" x="3085" z="3180" r="50"/>
        <zone name="Zone_Fox" smin="0" smax="0" dmin="0" dmax="2" x="3057.5" z="2870" r="50"/>
        <zone name="Zone_Fox" smin="0" smax="0" dmin="0" dmax="2" x="3105" z="3820" r="50"/>
        <zone name="Zone_Fox" smin="0" smax="0" dmin="0" dmax="2" x="3892.5" z="3915" r="50"/>
        <zone name="Zone_Fox" smin="0" smax="0" dmin="0" dmax="2" x="3868.75" z="381.25" r="50"/>
        <zone name="Zone_Fox" smin="0" smax="0" dmin="0" dmax="2" x="4137.5" z="312.5" r="50"/>
        <zone name="Zone_Fox" smin="0" smax="0" dmin="0" dmax="2" x="4750" z="1662.5" r="50"/>
        <zone name="Zone_Fox" smin="0" smax="0" dmin="0" dmax="2" x="4993.75" z="1337.5" r="50"/>
        <zone name="Zone_Fox" smin="0" smax="0" dmin="0" dmax="2" x="4731.25" z="1331.25" r="50"/>
        <zone name="Zone_Fox" smin="0" smax="0" dmin="0" dmax="2" x="4456.25" z="1100" r="50"/>
        <zone name="Zone_Fox" smin="0" smax="0" dmin="0" dmax="2" x="3000" z="9658.33" r="50"/>
        <zone name="Zone_Fox" smin="0" smax="0" dmin="0" dmax="2" x="2783.33" z="9645.83" r="50"/>
        <zone name="Zone_Fox" smin="0" smax="0" dmin="0" dmax="2" x="2704.17" z="9387.5" r="50"/>
        <zone name="Zone_Fox" smin="0" smax="0" dmin="0" dmax="2" x="2966.67" z="9429.17" r="50"/>
        <zone name="Zone_Fox" smin="0" smax="0" dmin="0" dmax="2" x="2104.17" z="9091.67" r="50"/>
        <zone name="Zone_Fox" smin="0" smax="0" dmin="0" dmax="2" x="2100" z="8879.17" r="50"/>
        <zone name="Zone_Fox" smin="0" smax="0" dmin="0" dmax="2" x="2029.17" z="8579.17" r="50"/>
        <zone name="Zone_Fox" smin="0" smax="0" dmin="0" dmax="2" x="1845.83" z="8391.67" r="50"/>
        <zone name="Zone_Fox" smin="0" smax="0" dmin="0" dmax="2" x="1920.83" z="8100" r="50"/>
        <zone name="Zone_Fox" smin="0" smax="0" dmin="0" dmax="2" x="1445.83" z="8750" r="50"/>
        <zone name="Zone_Fox" smin="0" smax="0" dmin="0" dmax="2" x="1300" z="8450" r="50"/>
        <zone name="Zone_Fox" smin="0" smax="0" dmin="0" dmax="2" x="1041.67" z="8233.33" r="50"/>
        <zone name="Zone_Fox" smin="0" smax="0" dmin="0" dmax="2" x="954.167" z="8358.33" r="50"/>
        <zone name="Zone_Fox" smin="0" smax="0" dmin="0" dmax="2" x="570.833" z="8350" r="50"/>
        <zone name="Zone_Fox" smin="0" smax="0" dmin="0" dmax="2" x="362.5" z="8758.33" r="50"/>
        <zone name="Zone_Fox" smin="0" smax="0" dmin="0" dmax="2" x="275" z="8333.33" r="50"/>
        <zone name="Zone_Fox" smin="0" smax="0" dmin="0" dmax="2" x="304.167" z="8108.33" r="50"/>
        <zone name="Zone_Fox" smin="0" smax="0" dmin="0" dmax="2" x="770.833" z="7650" r="50"/>
        <zone name="Zone_Fox" smin="0" smax="0" dmin="0" dmax="2" x="854.167" z="7170.83" r="50"/>
        <zone name="Zone_Fox" smin="0" smax="0" dmin="0" dmax="2" x="570.833" z="7116.67" r="50"/>
        <zone name="Zone_Fox" smin="0" smax="0" dmin="0" dmax="2" x="616.667" z="6912.5" r="50"/>
        <zone name="Zone_Fox" smin="0" smax="0" dmin="0" dmax="2" x="837.5" z="6804.17" r="50"/>
        <zone name="Zone_Fox" smin="0" smax="0" dmin="0" dmax="2" x="1025" z="6745.83" r="50"/>
        <zone name="Zone_Fox" smin="0" smax="0" dmin="0" dmax="2" x="1287.5" z="6583.33" r="50"/>
        <zone name="Zone_Fox" smin="0" smax="0" dmin="0" dmax="2" x="1516.67" z="6429.17" r="50"/>
        <zone name="Zone_Fox" smin="0" smax="0" dmin="0" dmax="2" x="1512.5" z="6150" r="50"/>
        <zone name="Zone_Fox" smin="0" smax="0" dmin="0" dmax="2" x="2360" z="4832.5" r="50"/>
        <zone name="Zone_Fox" smin="0" smax="0" dmin="0" dmax="2" x="2600" z="4970" r="50"/>
        <zone name="Zone_Fox" smin="0" smax="0" dmin="0" dmax="2" x="2950" z="5020" r="50"/>
        <zone name="Zone_Fox" smin="0" smax="0" dmin="0" dmax="2" x="3052.5" z="5027.5" r="50"/>
    </territory>
</territory-type>
