<?xml version="1.0" encoding="UTF-8"?>
<territory-type>
    <territory color="4278190080">
        <zone name="Zone_Rat" smin="0" smax="0" dmin="0" dmax="2" x="9375" z="5925" r="100"/>
        <zone name="Zone_Rat" smin="0" smax="0" dmin="0" dmax="2" x="5075" z="6512.5" r="100"/>
        <zone name="Zone_Rat" smin="0" smax="0" dmin="0" dmax="2" x="1200" z="4687.5" r="100"/>
        <zone name="Zone_Rat" smin="0" smax="0" dmin="0" dmax="2" x="2650" z="2425" r="100"/>
        <zone name="Zone_Rat" smin="0" smax="0" dmin="0" dmax="2" x="6987.5" z="1150" r="100"/>
        <zone name="Zone_Rat" smin="0" smax="0" dmin="0" dmax="2" x="9962.5" z="1100" r="100"/>
        <zone name="Zone_Rat" smin="0" smax="0" dmin="0" dmax="2" x="775" z="487.5" r="100"/>
        <zone name="Zone_Rat" smin="0" smax="0" dmin="0" dmax="2" x="2787.5" z="587.5" r="100"/>
        <zone name="Zone_Rat" smin="0" smax="0" dmin="0" dmax="2" x="4512.5" z="2325" r="100"/>
        <zone name="Zone_Rat" smin="0" smax="0" dmin="0" dmax="2" x="4962.5" z="650" r="100"/>
        <zone name="Zone_Rat" smin="0" smax="0" dmin="0" dmax="2" x="5512.5" z="4187.5" r="100"/>
        <zone name="Zone_Rat" smin="0" smax="0" dmin="0" dmax="2" x="7112.5" z="2512.5" r="100"/>
        <zone name="Zone_Rat" smin="0" smax="0" dmin="0" dmax="2" x="11837.5" z="4112.5" r="300"/>
        <zone name="Zone_Rat" smin="0" smax="0" dmin="0" dmax="2" x="12212.5" z="1275" r="300"/>
        <zone name="Zone_Rat" smin="0" smax="0" dmin="0" dmax="2" x="1575" z="7025" r="300"/>
        <zone name="Zone_Rat" smin="0" smax="0" dmin="0" dmax="2" x="1187.5" z="8062.5" r="300"/>
        <zone name="Zone_Rat" smin="0" smax="0" dmin="0" dmax="2" x="1662.5" z="7450" r="300"/>
        <zone name="Zone_Rat" smin="0" smax="0" dmin="0" dmax="2" x="850" z="7200" r="300"/>
        <zone name="Zone_Rat" smin="0" smax="0" dmin="0" dmax="2" x="3000" z="6850" r="300"/>
        <zone name="Zone_Rat" smin="0" smax="0" dmin="0" dmax="2" x="825" z="5537.5" r="300"/>
        <zone name="Zone_Rat" smin="0" smax="0" dmin="0" dmax="2" x="2450" z="5575" r="300"/>
        <zone name="Zone_Rat" smin="0" smax="0" dmin="0" dmax="2" x="3287.5" z="5075" r="300"/>
        <zone name="Zone_Rat" smin="0" smax="0" dmin="0" dmax="2" x="5062.5" z="5500" r="300"/>
        <zone name="Zone_Rat" smin="0" smax="0" dmin="0" dmax="2" x="6000" z="6862.5" r="300"/>
        <zone name="Zone_Rat" smin="0" smax="0" dmin="0" dmax="2" x="6025" z="8162.5" r="300"/>
        <zone name="Zone_Rat" smin="0" smax="0" dmin="0" dmax="2" x="8075" z="8712.5" r="300"/>
        <zone name="Zone_Rat" smin="0" smax="0" dmin="0" dmax="2" x="9862.5" z="8525" r="300"/>
        <zone name="Zone_Rat" smin="0" smax="0" dmin="0" dmax="2" x="11562.5" z="7100" r="300"/>
        <zone name="Zone_Rat" smin="0" smax="0" dmin="0" dmax="2" x="10187.5" z="6800" r="300"/>
        <zone name="Zone_Rat" smin="0" smax="0" dmin="0" dmax="2" x="8175" z="6787.5" r="300"/>
        <zone name="Zone_Rat" smin="0" smax="0" dmin="0" dmax="2" x="7362.5" z="6425" r="300"/>
        <zone name="Zone_Rat" smin="0" smax="0" dmin="0" dmax="2" x="6250" z="4912.5" r="300"/>
        <zone name="Zone_Rat" smin="0" smax="0" dmin="0" dmax="2" x="6137.5" z="4175" r="300"/>
        <zone name="Zone_Rat" smin="0" smax="0" dmin="0" dmax="2" x="7725" z="5137.5" r="300"/>
        <zone name="Zone_Rat" smin="0" smax="0" dmin="0" dmax="2" x="10962.5" z="4262.5" r="300"/>
        <zone name="Zone_Rat" smin="0" smax="0" dmin="0" dmax="2" x="11750" z="4937.5" r="300"/>
        <zone name="Zone_Rat" smin="0" smax="0" dmin="0" dmax="2" x="8200" z="3850" r="300"/>
        <zone name="Zone_Rat" smin="0" smax="0" dmin="0" dmax="2" x="8275" z="2250" r="300"/>
        <zone name="Zone_Rat" smin="0" smax="0" dmin="0" dmax="2" x="5650" z="1800" r="300"/>
        <zone name="Zone_Rat" smin="0" smax="0" dmin="0" dmax="2" x="975" z="1575" r="100"/>
        <zone name="Zone_Rat" smin="0" smax="0" dmin="0" dmax="2" x="2050" z="10312.5" r="100"/>
        <zone name="Zone_Rat" smin="0" smax="0" dmin="0" dmax="2" x="3387.5" z="10187.5" r="100"/>
        <zone name="Zone_Rat" smin="0" smax="0" dmin="0" dmax="2" x="3287.5" z="12125" r="100"/>
        <zone name="Zone_Rat" smin="0" smax="0" dmin="0" dmax="2" x="3687.5" z="11837.5" r="100"/>
        <zone name="Zone_Rat" smin="0" smax="0" dmin="0" dmax="2" x="1662.5" z="11512.5" r="100"/>
        <zone name="Zone_Rat" smin="0" smax="0" dmin="0" dmax="2" x="2112.5" z="10937.5" r="100"/>
        <zone name="Zone_Rat" smin="0" smax="0" dmin="0" dmax="2" x="1575" z="9687.5" r="100"/>
        <zone name="Zone_Rat" smin="0" smax="0" dmin="0" dmax="2" x="5237.5" z="10475" r="100"/>
        <zone name="Zone_Rat" smin="0" smax="0" dmin="0" dmax="2" x="4912.5" z="9662.5" r="100"/>
        <zone name="Zone_Rat" smin="0" smax="0" dmin="0" dmax="2" x="4187.5" z="10350" r="100"/>
        <zone name="Zone_Rat" smin="0" smax="0" dmin="0" dmax="2" x="6437.5" z="11250" r="100"/>
        <zone name="Zone_Rat" smin="0" smax="0" dmin="0" dmax="2" x="6325" z="10350" r="100"/>
        <zone name="Zone_Rat" smin="0" smax="0" dmin="0" dmax="2" x="9325" z="11037.5" r="100"/>
        <zone name="Zone_Rat" smin="0" smax="0" dmin="0" dmax="2" x="9550" z="10437.5" r="100"/>
        <zone name="Zone_Rat" smin="0" smax="0" dmin="0" dmax="2" x="10687.5" z="11037.5" r="100"/>
        <zone name="Zone_Rat" smin="0" smax="0" dmin="0" dmax="2" x="8512.5" z="12037.5" r="100"/>
        <zone name="Zone_Rat" smin="0" smax="0" dmin="0" dmax="2" x="11562.5" z="9600" r="100"/>
        <zone name="Zone_Rat" smin="0" smax="0" dmin="0" dmax="2" x="10875" z="12637.5" r="100"/>
        <zone name="Zone_Rat" smin="0" smax="0" dmin="0" dmax="2" x="10200" z="11950" r="100"/>
        <zone name="Zone_Rat" smin="0" smax="0" dmin="0" dmax="2" x="7350" z="12312.5" r="100"/>
        <zone name="Zone_Rat" smin="0" smax="0" dmin="0" dmax="2" x="5150" z="12400" r="100"/>
        <zone name="Zone_Rat" smin="0" smax="0" dmin="0" dmax="2" x="4975" z="11637.5" r="100"/>
        <zone name="Zone_Rat" smin="0" smax="0" dmin="0" dmax="2" x="2400" z="12012.5" r="100"/>
        <zone name="Zone_Rat" smin="0" smax="0" dmin="0" dmax="2" x="512.5" z="12350" r="100"/>
        <zone name="Zone_Rat" smin="0" smax="0" dmin="0" dmax="2" x="550" z="10825" r="100"/>
        <zone name="Zone_Rat" smin="0" smax="0" dmin="0" dmax="2" x="1437.5" z="10687.5" r="100"/>
        <zone name="Zone_Rat" smin="0" smax="0" dmin="0" dmax="2" x="425" z="8687.5" r="100"/>
        <zone name="Zone_Rat" smin="0" smax="0" dmin="0" dmax="2" x="3450" z="8175" r="100"/>
        <zone name="Zone_Rat" smin="0" smax="0" dmin="0" dmax="2" x="4975" z="7600" r="100"/>
        <zone name="Zone_Rat" smin="0" smax="0" dmin="0" dmax="2" x="4387.5" z="6287.5" r="100"/>
        <zone name="Zone_Rat" smin="0" smax="0" dmin="0" dmax="2" x="3537.5" z="6100" r="100"/>
        <zone name="Zone_Rat" smin="0" smax="0" dmin="0" dmax="2" x="8100" z="5800" r="100"/>
        <zone name="Zone_Rat" smin="0" smax="0" dmin="0" dmax="2" x="10162.5" z="4450" r="100"/>
        <zone name="Zone_Rat" smin="0" smax="0" dmin="0" dmax="2" x="11262.5" z="6075" r="100"/>
        <zone name="Zone_Rat" smin="0" smax="0" dmin="0" dmax="2" x="11025" z="2700" r="100"/>
        <zone name="Zone_Rat" smin="0" smax="0" dmin="0" dmax="2" x="10800" z="1512.5" r="100"/>
        <zone name="Zone_Rat" smin="0" smax="0" dmin="0" dmax="2" x="11575" z="637.5" r="100"/>
        <zone name="Zone_Rat" smin="0" smax="0" dmin="0" dmax="2" x="9300" z="2875" r="100"/>
        <zone name="Zone_Rat" smin="0" smax="0" dmin="0" dmax="2" x="4737.5" z="3112.5" r="100"/>
        <zone name="Zone_Rat" smin="0" smax="0" dmin="0" dmax="2" x="3225" z="3600" r="100"/>
        <zone name="Zone_Rat" smin="0" smax="0" dmin="0" dmax="2" x="1087.5" z="3525" r="100"/>
        <zone name="Zone_Rat" smin="0" smax="0" dmin="0" dmax="2" x="3362.5" z="1587.5" r="100"/>
        <zone name="Zone_Rat" smin="0" smax="0" dmin="0" dmax="2" x="4625" z="562.5" r="100"/>
        <zone name="Zone_Rat" smin="0" smax="0" dmin="0" dmax="2" x="8787.5" z="337.5" r="100"/>
        <zone name="Zone_Rat" smin="0" smax="0" dmin="0" dmax="2" x="7450" z="287.5" r="100"/>
        <zone name="Zone_Rat" smin="0" smax="0" dmin="0" dmax="2" x="6162.5" z="387.5" r="100"/>
        <zone name="Zone_Rat" smin="0" smax="0" dmin="0" dmax="2" x="8950" z="1200" r="100"/>
        <zone name="Zone_Rat" smin="0" smax="0" dmin="0" dmax="2" x="8050" z="1200" r="100"/>
        <zone name="Zone_Rat" smin="0" smax="0" dmin="0" dmax="2" x="7062.5" z="1812.5" r="100"/>
        <zone name="Zone_Rat" smin="0" smax="0" dmin="0" dmax="2" x="6000" z="2950" r="100"/>
        <zone name="Zone_Rat" smin="0" smax="0" dmin="0" dmax="2" x="7225" z="3675" r="100"/>
        <zone name="Zone_Rat" smin="0" smax="0" dmin="0" dmax="2" x="8612.5" z="3325" r="100"/>
        <zone name="Zone_Rat" smin="0" smax="0" dmin="0" dmax="2" x="9512.5" z="3875" r="100"/>
        <zone name="Zone_Rat" smin="0" smax="0" dmin="0" dmax="2" x="10225" z="3050" r="100"/>
        <zone name="Zone_Rat" smin="0" smax="0" dmin="0" dmax="2" x="10125" z="2225" r="100"/>
        <zone name="Zone_Rat" smin="0" smax="0" dmin="0" dmax="2" x="11850" z="3487.5" r="100"/>
        <zone name="Zone_Rat" smin="0" smax="0" dmin="0" dmax="2" x="11900" z="2425" r="100"/>
        <zone name="Zone_Rat" smin="0" smax="0" dmin="0" dmax="2" x="12300" z="2150" r="100"/>
        <zone name="Zone_Rat" smin="0" smax="0" dmin="0" dmax="2" x="12512.5" z="3962.5" r="100"/>
        <zone name="Zone_Rat" smin="0" smax="0" dmin="0" dmax="2" x="12512.5" z="5275" r="100"/>
        <zone name="Zone_Rat" smin="0" smax="0" dmin="0" dmax="2" x="12462.5" z="6312.5" r="100"/>
        <zone name="Zone_Rat" smin="0" smax="0" dmin="0" dmax="2" x="10200" z="5300" r="100"/>
        <zone name="Zone_Rat" smin="0" smax="0" dmin="0" dmax="2" x="9300" z="4875" r="100"/>
        <zone name="Zone_Rat" smin="0" smax="0" dmin="0" dmax="2" x="9162.5" z="7412.5" r="100"/>
        <zone name="Zone_Rat" smin="0" smax="0" dmin="0" dmax="2" x="9200" z="6662.5" r="100"/>
        <zone name="Zone_Rat" smin="0" smax="0" dmin="0" dmax="2" x="10587.5" z="7800" r="100"/>
        <zone name="Zone_Rat" smin="0" smax="0" dmin="0" dmax="2" x="12037.5" z="8212.5" r="100"/>
        <zone name="Zone_Rat" smin="0" smax="0" dmin="0" dmax="2" x="12137.5" z="9075" r="100"/>
        <zone name="Zone_Rat" smin="0" smax="0" dmin="0" dmax="2" x="9800" z="9587.5" r="100"/>
        <zone name="Zone_Rat" smin="0" smax="0" dmin="0" dmax="2" x="8787.5" z="8537.5" r="100"/>
        <zone name="Zone_Rat" smin="0" smax="0" dmin="0" dmax="2" x="7425" z="7487.5" r="100"/>
        <zone name="Zone_Rat" smin="0" smax="0" dmin="0" dmax="2" x="2237.5" z="4537.5" r="100"/>
        <zone name="Zone_Rat" smin="0" smax="0" dmin="0" dmax="2" x="2087.5" z="3587.5" r="100"/>
        <zone name="Zone_Rat" smin="0" smax="0" dmin="0" dmax="2" x="4350" z="4625" r="100"/>
        <zone name="Zone_Rat" smin="0" smax="0" dmin="0" dmax="2" x="2625" z="8362.5" r="100"/>
        <zone name="Zone_Rat" smin="0" smax="0" dmin="0" dmax="2" x="5912.5" z="9387.5" r="100"/>
        <zone name="Zone_Rat" smin="0" smax="0" dmin="0" dmax="2" x="7912.5" z="10512.5" r="100"/>
        <zone name="Zone_Rat" smin="0" smax="0" dmin="0" dmax="2" x="8212.5" z="11275" r="100"/>
        <zone name="Zone_Rat" smin="0" smax="0" dmin="0" dmax="2" x="12050" z="12000" r="100"/>
        <zone name="Zone_Rat" smin="0" smax="0" dmin="0" dmax="2" x="11800" z="11012.5" r="100"/>
        <zone name="Zone_Rat" smin="0" smax="0" dmin="0" dmax="2" x="12487.5" z="10362.5" r="100"/>
        <zone name="Zone_Rat" smin="0" smax="0" dmin="0" dmax="2" x="11050" z="11937.5" r="100"/>
        <zone name="Zone_Rat" smin="0" smax="0" dmin="0" dmax="2" x="9362.5" z="12187.5" r="100"/>
        <zone name="Zone_Rat" smin="0" smax="0" dmin="0" dmax="2" x="6325" z="12175" r="100"/>
        <zone name="Zone_Rat" smin="0" smax="0" dmin="0" dmax="2" x="1437.5" z="12350" r="100"/>
        <zone name="Zone_Rat" smin="0" smax="0" dmin="0" dmax="2" x="3350" z="11100" r="100"/>
    </territory>
    <territory color="4289352960">
        <zone name="Zone_Rat" smin="0" smax="0" dmin="0" dmax="2" x="4171.88" z="9593.75" r="100"/>
        <zone name="Zone_Rat" smin="0" smax="0" dmin="0" dmax="2" x="5600" z="11150" r="100"/>
        <zone name="Zone_Rat" smin="0" smax="0" dmin="0" dmax="2" x="4000" z="7400" r="100"/>
        <zone name="Zone_Rat" smin="0" smax="0" dmin="0" dmax="2" x="775" z="6275" r="100"/>
        <zone name="Zone_Rat" smin="0" smax="0" dmin="0" dmax="2" x="562.5" z="10075" r="100"/>
        <zone name="Zone_Rat" smin="0" smax="0" dmin="0" dmax="2" x="900" z="11512.5" r="100"/>
        <zone name="Zone_Rat" smin="0" smax="0" dmin="0" dmax="2" x="2837.5" z="9600" r="100"/>
        <zone name="Zone_Rat" smin="0" smax="0" dmin="0" dmax="2" x="2725" z="11150" r="100"/>
        <zone name="Zone_Rat" smin="0" smax="0" dmin="0" dmax="2" x="1875" z="8937.5" r="100"/>
        <zone name="Zone_Rat" smin="0" smax="0" dmin="0" dmax="2" x="2275" z="6875" r="100"/>
        <zone name="Zone_Rat" smin="0" smax="0" dmin="0" dmax="2" x="1900" z="5975" r="100"/>
        <zone name="Zone_Rat" smin="0" smax="0" dmin="0" dmax="2" x="600" z="4250" r="100"/>
        <zone name="Zone_Rat" smin="0" smax="0" dmin="0" dmax="2" x="775" z="2412.5" r="100"/>
        <zone name="Zone_Rat" smin="0" smax="0" dmin="0" dmax="2" x="3062.5" z="4137.5" r="100"/>
        <zone name="Zone_Rat" smin="0" smax="0" dmin="0" dmax="2" x="4025" z="5387.5" r="100"/>
        <zone name="Zone_Rat" smin="0" smax="0" dmin="0" dmax="2" x="5950" z="5700" r="100"/>
        <zone name="Zone_Rat" smin="0" smax="0" dmin="0" dmax="2" x="10412.5" z="6075" r="100"/>
        <zone name="Zone_Rat" smin="0" smax="0" dmin="0" dmax="2" x="10625" z="10012.5" r="100"/>
        <zone name="Zone_Rat" smin="0" smax="0" dmin="0" dmax="2" x="7337.5" z="11387.5" r="100"/>
        <zone name="Zone_Rat" smin="0" smax="0" dmin="0" dmax="2" x="4237.5" z="12262.5" r="100"/>
        <zone name="Zone_Rat" smin="0" smax="0" dmin="0" dmax="2" x="7250" z="9600" r="100"/>
        <zone name="Zone_Rat" smin="0" smax="0" dmin="0" dmax="2" x="8325" z="7812.5" r="100"/>
        <zone name="Zone_Rat" smin="0" smax="0" dmin="0" dmax="2" x="12387.5" z="2900" r="100"/>
        <zone name="Zone_Rat" smin="0" smax="0" dmin="0" dmax="2" x="11462.5" z="1712.5" r="100"/>
        <zone name="Zone_Rat" smin="0" smax="0" dmin="0" dmax="2" x="2137.5" z="1537.5" r="100"/>
        <zone name="Zone_Rat" smin="0" smax="0" dmin="0" dmax="2" x="6400" z="3450" r="100"/>
        <zone name="Zone_Rat" smin="0" smax="0" dmin="0" dmax="2" x="3800" z="625" r="100"/>
        <zone name="Zone_Rat" smin="0" smax="0" dmin="0" dmax="2" x="9862.5" z="350" r="100"/>
        <zone name="Zone_Rat" smin="0" smax="0" dmin="0" dmax="2" x="9212.5" z="2037.5" r="100"/>
        <zone name="Zone_Rat" smin="0" smax="0" dmin="0" dmax="2" x="6475" z="2050" r="100"/>
        <zone name="Zone_Rat" smin="0" smax="0" dmin="0" dmax="2" x="3687.5" z="2875" r="100"/>
        <zone name="Zone_Rat" smin="0" smax="0" dmin="0" dmax="2" x="8700" z="5212.5" r="100"/>
        <zone name="Zone_Rat" smin="0" smax="0" dmin="0" dmax="2" x="4312.5" z="11050" r="100"/>
        <zone name="Zone_Rat" smin="0" smax="0" dmin="0" dmax="2" x="7025" z="8562.5" r="100"/>
        <zone name="Zone_Rat" smin="0" smax="0" dmin="0" dmax="2" x="8912.5" z="9787.5" r="100"/>
        <zone name="Zone_Rat" smin="0" smax="0" dmin="0" dmax="2" x="4850" z="8637.5" r="100"/>
        <zone name="Zone_Rat" smin="0" smax="0" dmin="0" dmax="2" x="6787.5" z="6937.5" r="100"/>
    </territory>
</territory-type>
