<?xml version="1.0" encoding="UTF-8"?>
<territory-type>
	<!-- Begin custom -->
	<territory color="936168653"> 
		<!-- North west areas -->
        <zone name="Rest" smin="0" smax="0" dmin="0" dmax="0" x="604.02" z="12184.26" r="120"/> <!-- Forest far NW -->
        <zone name="Water" smin="0" smax="0" dmin="0" dmax="0" x="1995.68" z="12121.36" r="120"/> <!-- Swamp NW -->
        <zone name="HuntingGround" smin="0" smax="0" dmin="0" dmax="0" x="2472.33" z="11642.76" r="120"/> <!-- Forest NW -->
		
        <zone name="Rest" smin="0" smax="0" dmin="0" dmax="0" x="2343.01" z="11085.62" r="120"/> <!-- Forest east of mil base -->
        <zone name="Water" smin="0" smax="0" dmin="0" dmax="0" x="2046.47" z="10799.63" r="120"/> <!-- Swamp south west of mil base -->
        <zone name="HuntingGround" smin="0" smax="0" dmin="0" dmax="0" x="1278.36" z="10991.08" r="120"/> <!-- Forest west of mil base -->
		
        <zone name="Rest" smin="0" smax="0" dmin="0" dmax="0" x="1328.37" z="11294.65" r="120"/> <!-- Castle ruins -->
        <zone name="Water" smin="0" smax="0" dmin="0" dmax="0" x="1758.92" z="11386.46" r="120"/> <!-- Big pond north west of mil base -->
        <zone name="HuntingGround" smin="0" smax="0" dmin="0" dmax="0" x="375.07" z="11733.40" r="120"/> <!-- Forst near house -->
    </territory>
	<territory color="936168652"> 
		<!-- Northern area south of river -->
        <zone name="Rest" smin="0" smax="0" dmin="0" dmax="0" x="7228.67" z="9011.81" r="120"/> <!-- Forest west of zapadlisko -->
        <zone name="Water" smin="0" smax="0" dmin="0" dmax="0" x="6593.39" z="8954.76" r="120"/> <!-- Pond west of zap -->
        <zone name="HuntingGround" smin="0" smax="0" dmin="0" dmax="0" x="5241.58" z="8657.84" r="120"/> <!-- Forest near prison -->
		
        <zone name="Rest" smin="0" smax="0" dmin="0" dmax="0" x="5617.43" z="8171.03" r="120"/> <!-- Forest south of prison -->
        <zone name="Water" smin="0" smax="0" dmin="0" dmax="0" x="5815.52" z="7676.41" r="120"/> <!-- Swamp south of prison -->
        <zone name="HuntingGround" smin="0" smax="0" dmin="0" dmax="0" x="6910.64" z="8071.79" r="120"/> <!-- Forest East of Nidek -->
    </territory>
	<territory color="936168651"> 
		<!-- Topolin NE -->
        <zone name="Rest" smin="0" smax="0" dmin="0" dmax="0" x="722.01" z="10059.65" r="120"/> <!-- Forest NW of Bielawa -->
        <zone name="Water" smin="0" smax="0" dmin="0" dmax="0" x="788.82" z="9205.59" r="120"/> <!-- Swamp south of Bielawa -->
        <zone name="HuntingGround" smin="0" smax="0" dmin="0" dmax="0" x="1436.20" z="9146.99" r="120"/> <!-- Forest south of Bielawa near industrial -->
        
		<zone name="Rest" smin="0" smax="0" dmin="0" dmax="0" x="2652.05" z="8876.63" r="120"/> <!-- Forest north of the river near topolin -->
        <zone name="Water" smin="0" smax="0" dmin="0" dmax="0" x="2394.97" z="8036.63" r="120"/> <!-- River north of topolin industrial -->
        <zone name="HuntingGround" smin="0" smax="0" dmin="0" dmax="0" x="1541.30" z="7888.55" r="120"/> <!-- Forest east of topolin north industrial -->
		
        <zone name="Rest" smin="0" smax="0" dmin="0" dmax="0" x="197.69" z="8276.12" r="120"/> <!-- Hidey forest where I had my shelter -->
        <zone name="Water" smin="0" smax="0" dmin="0" dmax="0" x="786.47" z="8538.28" r="120"/> <!-- Pond near industrial that maz passed out from red blood that time -->
        <zone name="HuntingGround" smin="0" smax="0" dmin="0" dmax="0" x="1211.94" z="8644.55" r="120"/> <!-- Forest near the pond -->
    </territory>
	<territory color="936168650"> 
		<!-- Sitnik -->
        <zone name="Rest" smin="0" smax="0" dmin="0" dmax="0" x="12518.70" z="10759.78" r="120"/> <!-- Forest NE of sitnik -->
        <zone name="Water" smin="0" smax="0" dmin="0" dmax="0" x="11405.60" z="10213.59" r="120"/> <!-- Lake near cabins north sitnik -->
        <zone name="HuntingGround" smin="0" smax="0" dmin="0" dmax="0" x="12507.76" z="9565.81" r="120"/> <!-- Forest east of sitnik -->
        
		<zone name="Rest" smin="0" smax="0" dmin="0" dmax="0" x="12065.49" z="8553.13" r="120"/> <!-- Houses SE of sitnik -->
        <zone name="Water" smin="0" smax="0" dmin="0" dmax="0" x="11760.36" z="9023.14" r="120"/> <!-- Pond south of sitnik -->
        <zone name="HuntingGround" smin="0" smax="0" dmin="0" dmax="0" x="12056.90" z="8832.87" r="120"/> <!-- Forest south of sitnik -->
    </territory>
	<!-- End custom -->
    <territory color="936168652">
        <zone name="Water" smin="0" smax="0" dmin="0" dmax="0" x="4339.58" z="3156.25" r="120"/>
        <zone name="HuntingGround" smin="0" smax="0" dmin="0" dmax="0" x="4525" z="2795.83" r="120"/>
        <zone name="HuntingGround" smin="0" smax="0" dmin="0" dmax="0" x="5229.17" z="2822.92" r="120"/>
        <zone name="Rest" smin="0" smax="0" dmin="0" dmax="0" x="4181.25" z="3681.25" r="120"/>
        <zone name="Rest" smin="0" smax="0" dmin="0" dmax="0" x="4521.88" z="3493.75" r="120"/>
        <zone name="HuntingGround" smin="0" smax="0" dmin="0" dmax="0" x="4992.71" z="3475" r="150"/>
        <zone name="Rest" smin="0" smax="0" dmin="0" dmax="0" x="4856.25" z="4112.5" r="120"/>
        <zone name="HuntingGround" smin="0" smax="0" dmin="0" dmax="0" x="4291.67" z="4450" r="200"/>
        <zone name="HuntingGround" smin="0" smax="0" dmin="0" dmax="0" x="5541.67" z="3250" r="150"/>
    </territory>
    <territory color="600624332">
        <zone name="Water" smin="0" smax="0" dmin="0" dmax="0" x="4245.31" z="5640.63" r="100"/>
        <zone name="HuntingGround" smin="0" smax="0" dmin="0" dmax="0" x="4300" z="6129.17" r="120"/>
        <zone name="HuntingGround" smin="0" smax="0" dmin="0" dmax="0" x="5485" z="6592.5" r="120"/>
        <zone name="HuntingGround" smin="0" smax="0" dmin="0" dmax="0" x="4813.34" z="6063.33" r="120"/>
        <zone name="HuntingGround" smin="0" smax="0" dmin="0" dmax="0" x="3144.8" z="6154.17" r="120"/>
        <zone name="Rest" smin="0" smax="0" dmin="0" dmax="0" x="3329.17" z="5517.71" r="120"/>
        <zone name="Rest" smin="0" smax="0" dmin="0" dmax="0" x="3832.3" z="6061.76" r="120"/>
        <zone name="HuntingGround" smin="0" smax="0" dmin="0" dmax="0" x="3922.92" z="6606.25" r="150"/>
        <zone name="Rest" smin="0" smax="0" dmin="0" dmax="0" x="3990" z="5200" r="180"/>
    </territory>
    <territory color="1053609164">
        <zone name="HuntingGround" smin="0" smax="0" dmin="0" dmax="0" x="7416.67" z="7716.67" r="120"/>
        <zone name="HuntingGround" smin="0" smax="0" dmin="0" dmax="0" x="6437.5" z="7420.83" r="160"/>
        <zone name="HuntingGround" smin="0" smax="0" dmin="0" dmax="0" x="8833.33" z="8329.17" r="160"/>
        <zone name="Water" smin="0" smax="0" dmin="0" dmax="0" x="6512.5" z="8920.83" r="120"/>
        <zone name="Rest" smin="0" smax="0" dmin="0" dmax="0" x="6901.25" z="7572.5" r="120"/>
        <zone name="Rest" smin="0" smax="0" dmin="0" dmax="0" x="9821.88" z="7453.13" r="120"/>
        <zone name="Rest" smin="0" smax="0" dmin="0" dmax="0" x="9990.63" z="7946.88" r="120"/>
    </territory>
    <territory color="869059788">
        <zone name="Rest" smin="0" smax="0" dmin="0" dmax="0" x="3504.17" z="3808.33" r="160"/>
        <zone name="Water" smin="0" smax="0" dmin="0" dmax="0" x="3831.25" z="3006.25" r="120"/>
        <zone name="HuntingGround" smin="0" smax="0" dmin="0" dmax="0" x="2842.08" z="3680.83" r="200"/>
        <zone name="HuntingGround" smin="0" smax="0" dmin="0" dmax="0" x="2908.33" z="3120.83" r="160"/>
        <zone name="Rest" smin="0" smax="0" dmin="0" dmax="0" x="2979.17" z="4141.67" r="160"/>
        <zone name="HuntingGround" smin="0" smax="0" dmin="0" dmax="0" x="3375" z="2604.17" r="120"/>
        <zone name="Rest" smin="0" smax="0" dmin="0" dmax="0" x="2816.67" z="2620.83" r="160"/>
    </territory>
    <territory color="869059788">
        <zone name="HuntingGround" smin="0" smax="0" dmin="0" dmax="0" x="8305" z="4160" r="200"/>
        <zone name="Rest" smin="0" smax="0" dmin="0" dmax="0" x="8737.67" z="2995.21" r="200"/>
        <zone name="Water" smin="0" smax="0" dmin="0" dmax="0" x="9330.02" z="3559.22" r="80"/>
        <zone name="HuntingGround" smin="0" smax="0" dmin="0" dmax="0" x="10315.8" z="3213.54" r="180"/>
        <zone name="Rest" smin="0" smax="0" dmin="0" dmax="0" x="8368.75" z="3670.83" r="200"/>
        <zone name="HuntingGround" smin="0" smax="0" dmin="0" dmax="0" x="8920.83" z="3833.33" r="200"/>
    </territory>
    <territory color="869059788">
        <zone name="Water" smin="0" smax="0" dmin="0" dmax="0" x="9343.06" z="3419.44" r="120"/>
        <zone name="HuntingGround" smin="0" smax="0" dmin="0" dmax="0" x="9689.17" z="4473.33" r="120"/>
        <zone name="Rest" smin="0" smax="0" dmin="0" dmax="0" x="10194.6" z="4999.17" r="160"/>
        <zone name="HuntingGround" smin="0" smax="0" dmin="0" dmax="0" x="10076.7" z="4348.33" r="120"/>
        <zone name="Rest" smin="0" smax="0" dmin="0" dmax="0" x="9558.33" z="4200.83" r="100"/>
        <zone name="HuntingGround" smin="0" smax="0" dmin="0" dmax="0" x="9078.75" z="4004.17" r="120"/>
    </territory>
    <territory color="869059788">
        <zone name="Water" smin="0" smax="0" dmin="0" dmax="0" x="8597.32" z="4979.02" r="120"/>
        <zone name="HuntingGround" smin="0" smax="0" dmin="0" dmax="0" x="8515.63" z="5775" r="200"/>
        <zone name="HuntingGround" smin="0" smax="0" dmin="0" dmax="0" x="9215.63" z="5840.63" r="200"/>
        <zone name="Water" smin="0" smax="0" dmin="0" dmax="0" x="8151.05" z="5542.71" r="100"/>
        <zone name="HuntingGround" smin="0" smax="0" dmin="0" dmax="0" x="10112.5" z="6245.83" r="120"/>
        <zone name="Rest" smin="0" smax="0" dmin="0" dmax="0" x="9266.63" z="5133.34" r="200"/>
        <zone name="Rest" smin="0" smax="0" dmin="0" dmax="0" x="9962.53" z="5291.67" r="200"/>
        <zone name="HuntingGround" smin="0" smax="0" dmin="0" dmax="0" x="8283.37" z="4437.5" r="200"/>
    </territory>
    <territory color="869059788">
        <zone name="HuntingGround" smin="0" smax="0" dmin="0" dmax="0" x="7075" z="5034.38" r="120"/>
        <zone name="Water" smin="0" smax="0" dmin="0" dmax="0" x="7771.88" z="4646.88" r="120"/>
        <zone name="Rest" smin="0" smax="0" dmin="0" dmax="0" x="7078.13" z="4515.63" r="140"/>
        <zone name="HuntingGround" smin="0" smax="0" dmin="0" dmax="0" x="6621.88" z="5175" r="170"/>
        <zone name="Rest" smin="0" smax="0" dmin="0" dmax="0" x="7590.63" z="4162.5" r="140"/>
        <zone name="HuntingGround" smin="0" smax="0" dmin="0" dmax="0" x="6903.13" z="4034.38" r="120"/>
    </territory>
    <territory color="869059788">
        <zone name="Water" smin="0" smax="0" dmin="0" dmax="0" x="10354.2" z="5987.5" r="120"/>
        <zone name="HuntingGround" smin="0" smax="0" dmin="0" dmax="0" x="11079.4" z="6662.22" r="160"/>
        <zone name="Rest" smin="0" smax="0" dmin="0" dmax="0" x="10981.9" z="5660.56" r="200"/>
        <zone name="Rest" smin="0" smax="0" dmin="0" dmax="0" x="11829.2" z="6595.83" r="200"/>
        <zone name="HuntingGround" smin="0" smax="0" dmin="0" dmax="0" x="12062.5" z="5904.17" r="160"/>
        <zone name="HuntingGround" smin="0" smax="0" dmin="0" dmax="0" x="10545.8" z="5045.83" r="160"/>
        <zone name="HuntingGround" smin="0" smax="0" dmin="0" dmax="0" x="10133.3" z="6358.33" r="160"/>
    </territory>
    <territory color="869059788">
        <zone name="Water" smin="0" smax="0" dmin="0" dmax="0" x="4891.67" z="5000" r="120"/>
        <zone name="Rest" smin="0" smax="0" dmin="0" dmax="0" x="4560.42" z="3968.75" r="160"/>
        <zone name="HuntingGround" smin="0" smax="0" dmin="0" dmax="0" x="4956.25" z="4472.91" r="120"/>
        <zone name="Rest" smin="0" smax="0" dmin="0" dmax="0" x="3760.42" z="4897.91" r="160"/>
        <zone name="HuntingGround" smin="0" smax="0" dmin="0" dmax="0" x="4081.25" z="5531.25" r="160"/>
        <zone name="HuntingGround" smin="0" smax="0" dmin="0" dmax="0" x="4129.17" z="3037.5" r="120"/>
    </territory>
    <territory color="885837004">
        <zone name="HuntingGround" smin="0" smax="0" dmin="0" dmax="0" x="11925" z="3628.13" r="120"/>
        <zone name="Water" smin="0" smax="0" dmin="0" dmax="0" x="11320" z="3612.5" r="80"/>
        <zone name="HuntingGround" smin="0" smax="0" dmin="0" dmax="0" x="10909.4" z="2994.37" r="120"/>
        <zone name="HuntingGround" smin="0" smax="0" dmin="0" dmax="0" x="11701.3" z="3257.5" r="120"/>
        <zone name="Rest" smin="0" smax="0" dmin="0" dmax="0" x="10771.9" z="3346.88" r="120"/>
        <zone name="HuntingGround" smin="0" smax="0" dmin="0" dmax="0" x="12543.8" z="3162.5" r="200"/>
        <zone name="Water" smin="0" smax="0" dmin="0" dmax="0" x="12246.9" z="3803.13" r="120"/>
        <zone name="Rest" smin="0" smax="0" dmin="0" dmax="0" x="12375" z="3503.13" r="120"/>
    </territory>
    <territory color="885837004">
        <zone name="Water" smin="0" smax="0" dmin="0" dmax="0" x="1175" z="3897.92" r="120"/>
        <zone name="HuntingGround" smin="0" smax="0" dmin="0" dmax="0" x="659.167" z="3839.17" r="120"/>
        <zone name="HuntingGround" smin="0" smax="0" dmin="0" dmax="0" x="731.667" z="4760" r="120"/>
        <zone name="HuntingGround" smin="0" smax="0" dmin="0" dmax="0" x="1750" z="4271.88" r="120"/>
        <zone name="Rest" smin="0" smax="0" dmin="0" dmax="0" x="2235.42" z="3630.21" r="160"/>
        <zone name="Rest" smin="0" smax="0" dmin="0" dmax="0" x="385.417" z="4362.5" r="160"/>
        <zone name="HuntingGround" smin="0" smax="0" dmin="0" dmax="0" x="470.833" z="2895.83" r="200"/>
    </territory>
    <territory color="869059788">
        <zone name="Water" smin="0" smax="0" dmin="0" dmax="0" x="1277.08" z="4947.92" r="80"/>
        <zone name="HuntingGround" smin="0" smax="0" dmin="0" dmax="0" x="2579.17" z="5172.92" r="120"/>
        <zone name="HuntingGround" smin="0" smax="0" dmin="0" dmax="0" x="2778.75" z="5946.67" r="120"/>
        <zone name="Rest" smin="0" smax="0" dmin="0" dmax="0" x="1827.08" z="4810.42" r="120"/>
        <zone name="Rest" smin="0" smax="0" dmin="0" dmax="0" x="2871.67" z="4753.33" r="120"/>
        <zone name="HuntingGround" smin="0" smax="0" dmin="0" dmax="0" x="1839.17" z="5365" r="120"/>
        <zone name="HuntingGround" smin="0" smax="0" dmin="0" dmax="0" x="2200" z="5857.5" r="120"/>
    </territory>
</territory-type>
