<?xml version="1.0" encoding="UTF-8"?>
<territory-type>
    <territory color="4294947584">
        <zone name="Graze" smin="0" smax="0" dmin="0" dmax="0" x="3437.5" z="2987.5" r="400"/>
        <zone name="Graze" smin="0" smax="0" dmin="0" dmax="0" x="4503.13" z="2015.63" r="200"/>
        <zone name="Graze" smin="0" smax="0" dmin="0" dmax="0" x="3687.5" z="1593.75" r="150"/>
        <zone name="Graze" smin="0" smax="0" dmin="0" dmax="0" x="4393.75" z="1493.75" r="200"/>
    </territory>
    <territory color="872395520">
        <zone name="Graze" smin="0" smax="0" dmin="0" dmax="0" x="9816.67" z="2916.67" r="300"/>
        <zone name="Graze" smin="0" smax="0" dmin="0" dmax="0" x="10918.8" z="3194.8" r="300"/>
        <zone name="Graze" smin="0" smax="0" dmin="0" dmax="0" x="11501.7" z="3413.33" r="150"/>
        <zone name="Graze" smin="0" smax="0" dmin="0" dmax="0" x="12330" z="2833.33" r="300"/>
    </territory>
    <territory color="889148672">
        <zone name="Graze" smin="0" smax="0" dmin="0" dmax="0" x="7939.58" z="3608.33" r="200"/>
        <zone name="Graze" smin="0" smax="0" dmin="0" dmax="0" x="7300" z="3475" r="250"/>
        <zone name="Graze" smin="0" smax="0" dmin="0" dmax="0" x="8737.5" z="3950" r="300"/>
        <zone name="Graze" smin="0" smax="0" dmin="0" dmax="0" x="9506.25" z="4112.5" r="200"/>
    </territory>
    <territory color="3456086784">
        <zone name="Graze" smin="0" smax="0" dmin="0" dmax="0" x="1221.88" z="3296.88" r="200"/>
        <zone name="Graze" smin="0" smax="0" dmin="0" dmax="0" x="1968.75" z="3681.25" r="200"/>
        <zone name="Graze" smin="0" smax="0" dmin="0" dmax="0" x="2534.38" z="3187.5" r="200"/>
        <zone name="Graze" smin="0" smax="0" dmin="0" dmax="0" x="2756.25" z="3940.63" r="300"/>
        <zone name="Graze" smin="0" smax="0" dmin="0" dmax="0" x="628.125" z="3300" r="200"/>
        <zone name="Graze" smin="0" smax="0" dmin="0" dmax="0" x="3650" z="3881.25" r="200"/>
    </territory>
    <territory color="4294901760">
        <zone name="Graze" smin="0" smax="0" dmin="0" dmax="0" x="6520.83" z="2770.83" r="200"/>
        <zone name="Graze" smin="0" smax="0" dmin="0" dmax="0" x="7239.58" z="2256.25" r="200"/>
        <zone name="Graze" smin="0" smax="0" dmin="0" dmax="0" x="7683.33" z="1633.33" r="300"/>
        <zone name="Graze" smin="0" smax="0" dmin="0" dmax="0" x="7160.42" z="1387.5" r="200"/>
        <zone name="Graze" smin="0" smax="0" dmin="0" dmax="0" x="8225" z="1250" r="150"/>
    </territory>
    <territory color="4294923520">
        <zone name="Graze" smin="0" smax="0" dmin="0" dmax="0" x="8343.75" z="1987.5" r="300"/>
        <zone name="Graze" smin="0" smax="0" dmin="0" dmax="0" x="8762.5" z="2815.63" r="300"/>
        <zone name="Graze" smin="0" smax="0" dmin="0" dmax="0" x="9256.25" z="3293.75" r="300"/>
    </territory>
    <territory color="3439285504">
        <zone name="Graze" smin="0" smax="0" dmin="0" dmax="0" x="10950" z="1496.88" r="200"/>
        <zone name="Graze" smin="0" smax="0" dmin="0" dmax="0" x="8075" z="2787.5" r="200"/>
        <zone name="Graze" smin="0" smax="0" dmin="0" dmax="0" x="9562.5" z="2112.5" r="400"/>
        <zone name="Graze" smin="0" smax="0" dmin="0" dmax="0" x="10500" z="2475" r="300"/>
    </territory>
    <territory color="3439263744">
        <zone name="Graze" smin="0" smax="0" dmin="0" dmax="0" x="5058.33" z="2645.83" r="200"/>
        <zone name="Graze" smin="0" smax="0" dmin="0" dmax="0" x="5750" z="2716.67" r="300"/>
        <zone name="Graze" smin="0" smax="0" dmin="0" dmax="0" x="6462.5" z="2187.5" r="200"/>
        <zone name="Graze" smin="0" smax="0" dmin="0" dmax="0" x="6308.33" z="1479.17" r="200"/>
    </territory>
    <territory color="865088818">
        <zone name="Graze" smin="0" smax="0" dmin="0" dmax="0" x="4193.75" z="3237.5" r="200"/>
        <zone name="Graze" smin="0" smax="0" dmin="0" dmax="0" x="4487.5" z="2750" r="300"/>
        <zone name="Graze" smin="0" smax="0" dmin="0" dmax="0" x="3956.25" z="2018.75" r="300"/>
        <zone name="Graze" smin="0" smax="0" dmin="0" dmax="0" x="3206.25" z="1675" r="200"/>
        <zone name="Graze" smin="0" smax="0" dmin="0" dmax="0" x="2681.25" z="1187.5" r="100"/>
    </territory>
    <territory color="1737504050">
        <zone name="Graze" smin="0" smax="0" dmin="0" dmax="0" x="6131.25" z="1012.5" r="200"/>
        <zone name="Graze" smin="0" smax="0" dmin="0" dmax="0" x="5750" z="1931.25" r="300"/>
        <zone name="Graze" smin="0" smax="0" dmin="0" dmax="0" x="5281.25" z="2900" r="150"/>
        <zone name="Graze" smin="0" smax="0" dmin="0" dmax="0" x="6175" z="2406.25" r="150"/>
        <zone name="Graze" smin="0" smax="0" dmin="0" dmax="0" x="5281.25" z="1256.25" r="150"/>
    </territory>
</territory-type>
