<?xml version="1.0" encoding="UTF-8"?>
<territory-type>
	<!-- Begin custom -->
	<territory color="936168654"> <!-- Dolnik -->
        <zone name="Rest" smin="0" smax="0" dmin="0" dmax="0" x="10753.53" z="638.40" r="150"/> <!-- Dolnik -->
        <zone name="Water" smin="0" smax="0" dmin="0" dmax="0" x="10758.22" z="915.01" r="120"/> <!-- Dolnik pond -->
        <zone name="HuntingGround" smin="0" smax="0" dmin="0" dmax="0" x="10657.42" z="1263.51" r="200"/> <!-- Dolnik ruins -->
    </territory>
	<territory color="936168652"> <!-- Dambog -->
        <zone name="Rest" smin="0" smax="0" dmin="0" dmax="0" x="881.41" z="1833.15" r="250"/> <!-- SW tower -->
        <zone name="Water" smin="0" smax="0" dmin="0" dmax="0" x="2067.57" z="1403.38" r="120"/> <!-- SW pond -->
        <zone name="HuntingGround" smin="0" smax="0" dmin="0" dmax="0" x="559.48" z="1115.44" r="120"/> <!-- Dambog -->
    </territory>
	<territory color="936168652"> <!-- Southern industrial -->
        <zone name="Rest" smin="0" smax="0" dmin="0" dmax="0" x="7504.50" z="2834.89" r="250"/> <!-- Industrial north forest -->
        <zone name="Water" smin="0" smax="0" dmin="0" dmax="0" x="6888.76" z="3261.53" r="150"/> <!-- Industrial pond -->
        <zone name="HuntingGround" smin="0" smax="0" dmin="0" dmax="0" x="6949.71" z="2580.16" r="250"/> <!-- Industrial forest south -->
		
		<zone name="Rest" smin="0" smax="0" dmin="0" dmax="0" x="6201.14" z="2620.79" r="100"/> <!-- Field near swarog -->
        <zone name="Water" smin="0" smax="0" dmin="0" dmax="0" x="5597.51" z="1791.73" r="50"/> <!-- swarog pond -->
        <zone name="HuntingGround" smin="0" smax="0" dmin="0" dmax="0" x="5037.64" z="2133.20" r="100"/> <!-- Swarog military base -->
    </territory>
</territory-type>
