<?xml version="1.0" encoding="UTF-8"?>
<territory-type>
    <territory color="936168652">
        <zone name="Water" smin="0" smax="0" dmin="0" dmax="0" x="4339.58" z="3156.25" r="120"/>
        <zone name="HuntingGround" smin="0" smax="0" dmin="0" dmax="0" x="4525" z="2795.83" r="120"/>
        <zone name="HuntingGround" smin="0" smax="0" dmin="0" dmax="0" x="5229.17" z="2822.92" r="120"/>
        <zone name="Rest" smin="0" smax="0" dmin="0" dmax="0" x="4181.25" z="3681.25" r="120"/>
        <zone name="Rest" smin="0" smax="0" dmin="0" dmax="0" x="4521.88" z="3493.75" r="120"/>
        <zone name="HuntingGround" smin="0" smax="0" dmin="0" dmax="0" x="4992.71" z="3475" r="150"/>
        <zone name="Rest" smin="0" smax="0" dmin="0" dmax="0" x="4856.25" z="4112.5" r="120"/>
        <zone name="HuntingGround" smin="0" smax="0" dmin="0" dmax="0" x="4291.67" z="4450" r="200"/>
        <zone name="HuntingGround" smin="0" smax="0" dmin="0" dmax="0" x="5541.67" z="3250" r="150"/>
    </territory>
    <territory color="869059788">
        <zone name="Rest" smin="0" smax="0" dmin="0" dmax="0" x="3504.17" z="3808.33" r="160"/>
        <zone name="Water" smin="0" smax="0" dmin="0" dmax="0" x="3831.25" z="3006.25" r="120"/>
        <zone name="HuntingGround" smin="0" smax="0" dmin="0" dmax="0" x="2842.08" z="3680.83" r="200"/>
        <zone name="HuntingGround" smin="0" smax="0" dmin="0" dmax="0" x="2908.33" z="3120.83" r="160"/>
        <zone name="Rest" smin="0" smax="0" dmin="0" dmax="0" x="2979.17" z="4141.67" r="160"/>
        <zone name="HuntingGround" smin="0" smax="0" dmin="0" dmax="0" x="3375" z="2604.17" r="120"/>
        <zone name="Rest" smin="0" smax="0" dmin="0" dmax="0" x="2816.67" z="2620.83" r="160"/>
    </territory>
    <territory color="869059788">
        <zone name="HuntingGround" smin="0" smax="0" dmin="0" dmax="0" x="8305" z="4160" r="200"/>
        <zone name="Rest" smin="0" smax="0" dmin="0" dmax="0" x="8737.67" z="2995.21" r="200"/>
        <zone name="Water" smin="0" smax="0" dmin="0" dmax="0" x="9330.02" z="3559.22" r="80"/>
        <zone name="HuntingGround" smin="0" smax="0" dmin="0" dmax="0" x="10315.8" z="3213.54" r="180"/>
        <zone name="Rest" smin="0" smax="0" dmin="0" dmax="0" x="8368.75" z="3670.83" r="200"/>
        <zone name="HuntingGround" smin="0" smax="0" dmin="0" dmax="0" x="8920.83" z="3833.33" r="200"/>
    </territory>
    <territory color="869059788">
        <zone name="Water" smin="0" smax="0" dmin="0" dmax="0" x="9343.06" z="3419.44" r="120"/>
        <zone name="HuntingGround" smin="0" smax="0" dmin="0" dmax="0" x="9689.17" z="4473.33" r="120"/>
        <zone name="Rest" smin="0" smax="0" dmin="0" dmax="0" x="10194.6" z="4999.17" r="160"/>
        <zone name="HuntingGround" smin="0" smax="0" dmin="0" dmax="0" x="10076.7" z="4348.33" r="120"/>
        <zone name="Rest" smin="0" smax="0" dmin="0" dmax="0" x="9558.33" z="4200.83" r="100"/>
        <zone name="HuntingGround" smin="0" smax="0" dmin="0" dmax="0" x="9078.75" z="4004.17" r="120"/>
    </territory>
    <territory color="885837004">
        <zone name="HuntingGround" smin="0" smax="0" dmin="0" dmax="0" x="11925" z="3628.13" r="120"/>
        <zone name="Water" smin="0" smax="0" dmin="0" dmax="0" x="11320" z="3612.5" r="80"/>
        <zone name="HuntingGround" smin="0" smax="0" dmin="0" dmax="0" x="10909.4" z="2994.37" r="120"/>
        <zone name="HuntingGround" smin="0" smax="0" dmin="0" dmax="0" x="11701.3" z="3257.5" r="120"/>
        <zone name="Rest" smin="0" smax="0" dmin="0" dmax="0" x="10771.9" z="3346.88" r="120"/>
        <zone name="HuntingGround" smin="0" smax="0" dmin="0" dmax="0" x="12543.8" z="3162.5" r="200"/>
        <zone name="Water" smin="0" smax="0" dmin="0" dmax="0" x="12246.9" z="3803.13" r="120"/>
        <zone name="Rest" smin="0" smax="0" dmin="0" dmax="0" x="12375" z="3503.13" r="120"/>
    </territory>
</territory-type>
