<?xml version="1.0" encoding="UTF-8" standalone="yes" ?>
<types>
    <type name="G19">
        <nominal>3</nominal>
        <lifetime>7200</lifetime>
        <restock>0</restock>
        <min>1</min>
        <quantmin>-1</quantmin>
        <quantmax>-1</quantmax>
        <cost>100</cost>
        <flags count_in_cargo="0" count_in_hoarder="0" count_in_map="1" count_in_player="0" crafted="0" deloot="1"/>
        <category name="weapons"/>
        <tag name="shelves"/>
        <usage name="Police"/>
		<value name="Tier3"/>
    </type>
	<type name="G19_15Rnd_Magazine">
        <nominal>3</nominal>
        <lifetime>7200</lifetime>
        <restock>0</restock>
        <min>1</min>
        <quantmin>-1</quantmin>
        <quantmax>-1</quantmax>
        <cost>100</cost>
        <flags count_in_cargo="0" count_in_hoarder="0" count_in_map="1" count_in_player="0" crafted="0" deloot="1"/>
        <category name="weapons"/>
        <tag name="shelves"/>
        <usage name="Police"/>
		<value name="Tier3"/>
    </type>
	<type name="HK433">
        <nominal>1</nominal>
        <lifetime>7200</lifetime>
        <restock>3600</restock>
        <min>0</min>
        <quantmin>-1</quantmin>
        <quantmax>-1</quantmax>
        <cost>100</cost>
        <flags count_in_cargo="0" count_in_hoarder="0" count_in_map="1" count_in_player="0" crafted="0" deloot="0"/>
        <category name="weapons"/>
        <usage name="Underground"/>
        <usage name="ContaminatedArea"/>
    </type>
	<type name="HoneyBadger">
        <nominal>1</nominal>
        <lifetime>14400</lifetime>
        <restock>7200</restock>
        <min>1</min>
        <quantmin>-1</quantmin>
        <quantmax>-1</quantmax>
        <cost>100</cost>
        <flags count_in_cargo="0" count_in_hoarder="0" count_in_map="1" count_in_player="0" crafted="0" deloot="0"/>
        <category name="weapons"/>
		<usage name="Underground"/>
        <usage name="ContaminatedArea"/>
    </type>
	<type name="HoneyBadger_30Rnd_Magazine">
        <nominal>3</nominal>
        <lifetime>14400</lifetime>
        <restock>3600</restock>
        <min>1</min>
        <quantmin>-1</quantmin>
        <quantmax>-1</quantmax>
        <cost>100</cost>
        <flags count_in_cargo="0" count_in_hoarder="0" count_in_map="1" count_in_player="0" crafted="0" deloot="0"/>
        <category name="weapons"/>
		<usage name="Underground"/>
        <usage name="ContaminatedArea"/>
    </type>
	<type name="ScarMk16">
        <nominal>2</nominal>
        <lifetime>14400</lifetime>
        <restock>3600</restock>
        <min>1</min>
        <quantmin>-1</quantmin>
        <quantmax>-1</quantmax>
        <cost>100</cost>
        <flags count_in_cargo="0" count_in_hoarder="0" count_in_map="1" count_in_player="0" crafted="0" deloot="0"/>
        <category name="weapons"/>
        <usage name="ContaminatedArea"/>
		<usage name="Underground"/>
    </type>
	<type name="AmmoBox_300_20Rnd">
        <nominal>10</nominal>
        <lifetime>7200</lifetime>
        <restock>3600</restock>
        <min>5</min>
        <quantmin>-1</quantmin>
        <quantmax>-1</quantmax>
        <cost>100</cost>
        <flags count_in_cargo="0" count_in_hoarder="0" count_in_map="1" count_in_player="0" crafted="0" deloot="0"/>
        <category name="weapons"/>
        <usage name="Underground"/>
        <usage name="ContaminatedArea"/>
    </type>
	<type name="Ammo_300">
        <lifetime>7200</lifetime>
        <flags count_in_cargo="0" count_in_hoarder="0" count_in_map="1" count_in_player="0" crafted="1" deloot="0"/>
    </type>
</types>