{
    "m_Version": 12,
    "DisplayName": "ANIMAL - MEAT",
    "Icon": "Deliver",
    "Color": "FBFCFEFF",
    "IsExchange": 0,
    "InitStockPercent": 0.0,
    "Items": [
		{
            "ClassName": "ChickenBreastMeat",
            "MaxPriceThreshold": 1,
            "MinPriceThreshold": 1,
            "SellPricePercent": 100.0,
            "MaxStockThreshold": 1,
            "MinStockThreshold": 1,
            "QuantityPercent": -1,
            "SpawnAttachments": [],
            "Variants": []
        },
		{
            "ClassName": "DogMeat",
            "MaxPriceThreshold": 5,
            "MinPriceThreshold": 5,
            "SellPricePercent": 100.0,
            "MaxStockThreshold": 1,
            "MinStockThreshold": 1,
            "QuantityPercent": -1,
            "SpawnAttachments": [],
            "Variants": []
        },
		{
            "ClassName": "RavenBreastMeat",
            "MaxPriceThreshold": 25,
            "MinPriceThreshold": 25,
            "SellPricePercent": 100.0,
            "MaxStockThreshold": 1,
            "MinStockThreshold": 1,
            "QuantityPercent": -1,
            "SpawnAttachments": [],
            "Variants": []
        },
		{
            "ClassName": "GoatSteakMeat",
            "MaxPriceThreshold": 5,
            "MinPriceThreshold": 5,
            "SellPricePercent": 100.0,
            "MaxStockThreshold": 1,
            "MinStockThreshold": 1,
            "QuantityPercent": -1,
            "SpawnAttachments": [],
            "Variants": []
        },
		{
            "ClassName": "BoarSteakMeat",
            "MaxPriceThreshold": 5,
            "MinPriceThreshold": 5,
            "SellPricePercent": 100.0,
            "MaxStockThreshold": 1,
            "MinStockThreshold": 1,
            "QuantityPercent": -1,
            "SpawnAttachments": [],
            "Variants": []
        },
		{
            "ClassName": "PigSteakMeat",
            "MaxPriceThreshold": 5,
            "MinPriceThreshold": 5,
            "SellPricePercent": 100.0,
            "MaxStockThreshold": 1,
            "MinStockThreshold": 1,
            "QuantityPercent": -1,
            "SpawnAttachments": [],
            "Variants": []
        },
		{
            "ClassName": "DeerSteakMeat",
            "MaxPriceThreshold": 5,
            "MinPriceThreshold": 5,
            "SellPricePercent": 100.0,
            "MaxStockThreshold": 1,
            "MinStockThreshold": 1,
            "QuantityPercent": -1,
            "SpawnAttachments": [],
            "Variants": []
        },
		{
            "ClassName": "WolfSteakMeat",
            "MaxPriceThreshold": 5,
            "MinPriceThreshold": 5,
            "SellPricePercent": 100.0,
            "MaxStockThreshold": 1,
            "MinStockThreshold": 1,
            "QuantityPercent": -1,
            "SpawnAttachments": [],
            "Variants": []
        },
		{
            "ClassName": "SheepSteakMeat",
            "MaxPriceThreshold": 5,
            "MinPriceThreshold": 5,
            "SellPricePercent": 100.0,
            "MaxStockThreshold": 1,
            "MinStockThreshold": 1,
            "QuantityPercent": -1,
            "SpawnAttachments": [],
            "Variants": []
        },
		{
            "ClassName": "FoxMeat",
            "MaxPriceThreshold": 25,
            "MinPriceThreshold": 25,
            "SellPricePercent": 100.0,
            "MaxStockThreshold": 1,
            "MinStockThreshold": 1,
            "QuantityPercent": -1,
            "SpawnAttachments": [],
            "Variants": []
        },
		{
            "ClassName": "CowSteakMeat",
            "MaxPriceThreshold": 10,
            "MinPriceThreshold": 10,
            "SellPricePercent": 100.0,
            "MaxStockThreshold": 1,
            "MinStockThreshold": 1,
            "QuantityPercent": -1,
            "SpawnAttachments": [],
            "Variants": []
        },
		{
            "ClassName": "BearSteakMeat",
            "MaxPriceThreshold": 10,
            "MinPriceThreshold": 10,
            "SellPricePercent": 100.0,
            "MaxStockThreshold": 1,
            "MinStockThreshold": 1,
            "QuantityPercent": -1,
            "SpawnAttachments": [],
            "Variants": []
        },
		{
            "ClassName": "CrocodileSteakMeat",
            "MaxPriceThreshold": 10,
            "MinPriceThreshold": 10,
            "SellPricePercent": 100.0,
            "MaxStockThreshold": 1,
            "MinStockThreshold": 1,
            "QuantityPercent": -1,
            "SpawnAttachments": [],
            "Variants": []
        }
    ]
}