{
    "m_Version": 12,
    "DisplayName": "WEAPONS - ASSAULT RIFLES",
    "Icon": "Deliver",
    "Color": "FBFCFEFF",
    "IsExchange": 0,
    "InitStockPercent": 0.0,
    "Items": [
		{
            "ClassName": "aug_short",
            "MaxPriceThreshold": 250,
            "MinPriceThreshold": 200,
            "SellPricePercent": -1.0,
            "MaxStockThreshold": 5,
            "MinStockThreshold": 1,
            "QuantityPercent": -1,
            "SpawnAttachments": [],
            "Variants": []
        },
		{
            "ClassName": "fal",
            "MaxPriceThreshold": 240,
            "MinPriceThreshold": 190,
            "SellPricePercent": -1.0,
            "MaxStockThreshold": 5,
            "MinStockThreshold": 1,
            "QuantityPercent": -1,
            "SpawnAttachments": [],
            "Variants": []
        },
		{
            "ClassName": "m4a1",
            "MaxPriceThreshold": 230,
            "MinPriceThreshold": 180,
            "SellPricePercent": -1.0,
            "MaxStockThreshold": 5,
            "MinStockThreshold": 1,
            "QuantityPercent": -1,
            "SpawnAttachments": [],
            "Variants": []
        },
        {
            "ClassName": "famas",
            "MaxPriceThreshold": 220,
            "MinPriceThreshold": 170,
            "SellPricePercent": -1.0,
            "MaxStockThreshold": 5,
            "MinStockThreshold": 1,
            "QuantityPercent": -1,
            "SpawnAttachments": [],
            "Variants": []
        },
        {
            "ClassName": "akm",
            "MaxPriceThreshold": 210,
            "MinPriceThreshold": 160,
            "SellPricePercent": -1.0,
            "MaxStockThreshold": 5,
            "MinStockThreshold": 1,
            "QuantityPercent": -1,
            "SpawnAttachments": [],
            "Variants": []
        },
        {
            "ClassName": "ak101",
            "MaxPriceThreshold": 200,
            "MinPriceThreshold": 150,
            "SellPricePercent": -1.0,
            "MaxStockThreshold": 5,
            "MinStockThreshold": 1,
            "QuantityPercent": -1,
            "SpawnAttachments": [],
            "Variants": []
        },
        {
            "ClassName": "ak74",
            "MaxPriceThreshold": 190,
            "MinPriceThreshold": 140,
            "SellPricePercent": -1.0,
            "MaxStockThreshold": 5,
            "MinStockThreshold": 1,
            "QuantityPercent": -1,
            "SpawnAttachments": [],
            "Variants": []
        },
		{
            "ClassName": "aug",
            "MaxPriceThreshold": 180,
            "MinPriceThreshold": 130,
            "SellPricePercent": -1.0,
            "MaxStockThreshold": 5,
            "MinStockThreshold": 1,
            "QuantityPercent": -1,
            "SpawnAttachments": [],
            "Variants": []
        },
        {
            "ClassName": "asval",
            "MaxPriceThreshold": 170,
            "MinPriceThreshold": 120,
            "SellPricePercent": -1.0,
            "MaxStockThreshold": 5,
            "MinStockThreshold": 1,
            "QuantityPercent": -1,
            "SpawnAttachments": [],
            "Variants": []
        },
        {
            "ClassName": "expansion_m16",
            "MaxPriceThreshold": 160,
            "MinPriceThreshold": 110,
            "SellPricePercent": -1.0,
            "MaxStockThreshold": 5,
            "MinStockThreshold": 1,
            "QuantityPercent": -1,
            "SpawnAttachments": [],
            "Variants": []
        },
        {
            "ClassName": "ad_m16a2",
            "MaxPriceThreshold": 165,
            "MinPriceThreshold": 115,
            "SellPricePercent": -1.0,
            "MaxStockThreshold": 5,
            "MinStockThreshold": 1,
            "QuantityPercent": -1,
            "SpawnAttachments": [],
            "Variants": []
        },
        {
            "ClassName": "expansion_g36",
            "MaxPriceThreshold": 175,
            "MinPriceThreshold": 125,
            "SellPricePercent": -1.0,
            "MaxStockThreshold": 5,
            "MinStockThreshold": 1,
            "QuantityPercent": -1,
            "SpawnAttachments": [],
            "Variants": []
        }
    ]
}