{
    "m_Version": 12,
    "DisplayName": "WEAPONS - MAGAZINES",
    "Icon": "Deliver",
    "Color": "FBFCFEFF",
    "IsExchange": 0,
    "InitStockPercent": 0.0,
    "Items": [
        {
            "ClassName": "mag_ij70_8rnd",
            "MaxPriceThreshold": 16,
            "MinPriceThreshold": 8,
            "SellPricePercent": -1.0,
            "MaxStockThreshold": 10,
            "MinStockThreshold": 1,
            "QuantityPercent": 0,
            "SpawnAttachments": [],
            "Variants": []
        },
        {
            "ClassName": "mag_cz75_15rnd",
            "MaxPriceThreshold": 30,
            "MinPriceThreshold": 15,
            "SellPricePercent": -1.0,
            "MaxStockThreshold": 10,
            "MinStockThreshold": 1,
            "QuantityPercent": 0,
            "SpawnAttachments": [],
            "Variants": []
        },
        {
            "ClassName": "mag_glock_15rnd",
            "MaxPriceThreshold": 30,
            "MinPriceThreshold": 15,
            "SellPricePercent": -1.0,
            "MaxStockThreshold": 10,
            "MinStockThreshold": 1,
            "QuantityPercent": 0,
            "SpawnAttachments": [],
            "Variants": []
        },
        {
            "ClassName": "mag_mkii_10rnd",
            "MaxPriceThreshold": 20,
            "MinPriceThreshold": 10,
            "SellPricePercent": -1.0,
            "MaxStockThreshold": 10,
            "MinStockThreshold": 1,
            "QuantityPercent": 0,
            "SpawnAttachments": [],
            "Variants": []
        },
        {
            "ClassName": "mag_1911_7rnd",
            "MaxPriceThreshold": 14,
            "MinPriceThreshold": 7,
            "SellPricePercent": -1.0,
            "MaxStockThreshold": 10,
            "MinStockThreshold": 1,
            "QuantityPercent": 0,
            "SpawnAttachments": [],
            "Variants": []
        },
        {
            "ClassName": "mag_fnx45_15rnd",
            "MaxPriceThreshold": 30,
            "MinPriceThreshold": 15,
            "SellPricePercent": -1.0,
            "MaxStockThreshold": 10,
            "MinStockThreshold": 1,
            "QuantityPercent": 0,
            "SpawnAttachments": [],
            "Variants": []
        },
        {
            "ClassName": "mag_deagle_9rnd",
            "MaxPriceThreshold": 18,
            "MinPriceThreshold": 9,
            "SellPricePercent": -1.0,
            "MaxStockThreshold": 10,
            "MinStockThreshold": 1,
            "QuantityPercent": 0,
            "SpawnAttachments": [],
            "Variants": []
        },
        {
            "ClassName": "mag_cz527_5rnd",
            "MaxPriceThreshold": 20,
            "MinPriceThreshold": 10,
            "SellPricePercent": -1.0,
            "MaxStockThreshold": 10,
            "MinStockThreshold": 1,
            "QuantityPercent": 0,
            "SpawnAttachments": [],
            "Variants": []
        },
        {
            "ClassName": "mag_cz61_20rnd",
            "MaxPriceThreshold": 40,
            "MinPriceThreshold": 20,
            "SellPricePercent": -1.0,
            "MaxStockThreshold": 10,
            "MinStockThreshold": 1,
            "QuantityPercent": 0,
            "SpawnAttachments": [],
            "Variants": []
        },
        {
            "ClassName": "mag_pp19_64rnd",
            "MaxPriceThreshold": 64,
            "MinPriceThreshold": 50,
            "SellPricePercent": -1.0,
            "MaxStockThreshold": 10,
            "MinStockThreshold": 1,
            "QuantityPercent": 0,
            "SpawnAttachments": [],
            "Variants": []
        },
        {
            "ClassName": "mag_ump_25rnd",
            "MaxPriceThreshold": 50,
            "MinPriceThreshold": 25,
            "SellPricePercent": -1.0,
            "MaxStockThreshold": 10,
            "MinStockThreshold": 1,
            "QuantityPercent": 0,
            "SpawnAttachments": [],
            "Variants": []
        },
        {
            "ClassName": "mag_mp5_15rnd",
            "MaxPriceThreshold": 30,
            "MinPriceThreshold": 15,
            "SellPricePercent": -1.0,
            "MaxStockThreshold": 10,
            "MinStockThreshold": 1,
            "QuantityPercent": 0,
            "SpawnAttachments": [],
            "Variants": []
        },
        {
            "ClassName": "mag_mp5_30rnd",
            "MaxPriceThreshold": 60,
            "MinPriceThreshold": 30,
            "SellPricePercent": -1.0,
            "MaxStockThreshold": 10,
            "MinStockThreshold": 1,
            "QuantityPercent": 0,
            "SpawnAttachments": [],
            "Variants": []
        },
        {
            "ClassName": "mag_fal_20rnd",
            "MaxPriceThreshold": 80,
            "MinPriceThreshold": 60,
            "SellPricePercent": -1.0,
            "MaxStockThreshold": 10,
            "MinStockThreshold": 1,
            "QuantityPercent": 0,
            "SpawnAttachments": [],
            "Variants": []
        },
        {
            "ClassName": "mag_saiga_5rnd",
            "MaxPriceThreshold": 20,
            "MinPriceThreshold": 15,
            "SellPricePercent": -1.0,
            "MaxStockThreshold": 10,
            "MinStockThreshold": 1,
            "QuantityPercent": 0,
            "SpawnAttachments": [],
            "Variants": []
        },
        {
            "ClassName": "mag_saiga_8rnd",
            "MaxPriceThreshold": 30,
            "MinPriceThreshold": 25,
            "SellPricePercent": -1.0,
            "MaxStockThreshold": 10,
            "MinStockThreshold": 1,
            "QuantityPercent": 0,
            "SpawnAttachments": [],
            "Variants": []
        },
        {
            "ClassName": "mag_saiga_drum20rnd",
            "MaxPriceThreshold": 60,
            "MinPriceThreshold": 50,
            "SellPricePercent": -1.0,
            "MaxStockThreshold": 10,
            "MinStockThreshold": 1,
            "QuantityPercent": 0,
            "SpawnAttachments": [],
            "Variants": []
        },
        {
            "ClassName": "mag_akm_30rnd",
            "MaxPriceThreshold": 60,
            "MinPriceThreshold": 50,
            "SellPricePercent": -1.0,
            "MaxStockThreshold": 10,
            "MinStockThreshold": 1,
            "QuantityPercent": 0,
            "SpawnAttachments": [],
            "Variants": []
        },
        {
            "ClassName": "mag_akm_palm30rnd",
            "MaxPriceThreshold": 60,
            "MinPriceThreshold": 50,
            "SellPricePercent": -1.0,
            "MaxStockThreshold": 10,
            "MinStockThreshold": 1,
            "QuantityPercent": 0,
            "SpawnAttachments": [],
            "Variants": []
        },
        {
            "ClassName": "mag_akm_drum75rnd",
            "MaxPriceThreshold": 200,
            "MinPriceThreshold": 150,
            "SellPricePercent": -1.0,
            "MaxStockThreshold": 10,
            "MinStockThreshold": 1,
            "QuantityPercent": 0,
            "SpawnAttachments": [],
            "Variants": []
        },
        {
            "ClassName": "mag_ak101_30rnd",
            "MaxPriceThreshold": 60,
            "MinPriceThreshold": 50,
            "SellPricePercent": -1.0,
            "MaxStockThreshold": 10,
            "MinStockThreshold": 1,
            "QuantityPercent": 0,
            "SpawnAttachments": [],
            "Variants": []
        },
        {
            "ClassName": "mag_ak74_30rnd",
            "MaxPriceThreshold": 60,
            "MinPriceThreshold": 50,
            "SellPricePercent": -1.0,
            "MaxStockThreshold": 10,
            "MinStockThreshold": 1,
            "QuantityPercent": 0,
            "SpawnAttachments": [],
            "Variants": []
        },
        {
            "ClassName": "mag_ak74_45rnd",
            "MaxPriceThreshold": 100,
            "MinPriceThreshold": 80,
            "SellPricePercent": -1.0,
            "MaxStockThreshold": 10,
            "MinStockThreshold": 1,
            "QuantityPercent": 0,
            "SpawnAttachments": [],
            "Variants": []
        },
        {
            "ClassName": "mag_stanag_30rnd",
            "MaxPriceThreshold": 60,
            "MinPriceThreshold": 50,
            "SellPricePercent": -1.0,
            "MaxStockThreshold": 10,
            "MinStockThreshold": 1,
            "QuantityPercent": 0,
            "SpawnAttachments": [],
            "Variants": []
        },
        {
            "ClassName": "mag_stanagcoupled_30rnd",
            "MaxPriceThreshold": 150,
            "MinPriceThreshold": 120,
            "SellPricePercent": -1.0,
            "MaxStockThreshold": 10,
            "MinStockThreshold": 1,
            "QuantityPercent": 0,
            "SpawnAttachments": [],
            "Variants": []
        },
        {
            "ClassName": "mag_stanag_60rnd",
            "MaxPriceThreshold": 150,
            "MinPriceThreshold": 120,
            "SellPricePercent": -1.0,
            "MaxStockThreshold": 10,
            "MinStockThreshold": 1,
            "QuantityPercent": 0,
            "SpawnAttachments": [],
            "Variants": []
        },
        {
            "ClassName": "mag_cmag_10rnd",
            "MaxPriceThreshold": 30,
            "MinPriceThreshold": 20,
            "SellPricePercent": -1.0,
            "MaxStockThreshold": 10,
            "MinStockThreshold": 1,
            "QuantityPercent": 0,
            "SpawnAttachments": [],
            "Variants": []
        },
        {
            "ClassName": "mag_cmag_20rnd",
            "MaxPriceThreshold": 40,
            "MinPriceThreshold": 30,
            "SellPricePercent": -1.0,
            "MaxStockThreshold": 10,
            "MinStockThreshold": 1,
            "QuantityPercent": 0,
            "SpawnAttachments": [],
            "Variants": []
        },
        {
            "ClassName": "mag_cmag_30rnd",
            "MaxPriceThreshold": 60,
            "MinPriceThreshold": 50,
            "SellPricePercent": -1.0,
            "MaxStockThreshold": 10,
            "MinStockThreshold": 1,
            "QuantityPercent": 0,
            "SpawnAttachments": [],
            "Variants": []
        },
        {
            "ClassName": "mag_cmag_40rnd",
            "MaxPriceThreshold": 80,
            "MinPriceThreshold": 70,
            "SellPricePercent": -1.0,
            "MaxStockThreshold": 10,
            "MinStockThreshold": 1,
            "QuantityPercent": 0,
            "SpawnAttachments": [],
            "Variants": []
        },
        {
            "ClassName": "mag_vss_10rnd",
            "MaxPriceThreshold": 30,
            "MinPriceThreshold": 25,
            "SellPricePercent": -1.0,
            "MaxStockThreshold": 10,
            "MinStockThreshold": 1,
            "QuantityPercent": 0,
            "SpawnAttachments": [],
            "Variants": []
        },
        {
            "ClassName": "mag_val_20rnd",
            "MaxPriceThreshold": 100,
            "MinPriceThreshold": 80,
            "SellPricePercent": -1.0,
            "MaxStockThreshold": 10,
            "MinStockThreshold": 1,
            "QuantityPercent": 0,
            "SpawnAttachments": [],
            "Variants": []
        },
        {
            "ClassName": "mag_ruger1022_15rnd",
            "MaxPriceThreshold": 30,
            "MinPriceThreshold": 15,
            "SellPricePercent": -1.0,
            "MaxStockThreshold": 10,
            "MinStockThreshold": 1,
            "QuantityPercent": 0,
            "SpawnAttachments": [],
            "Variants": []
        },
        {
            "ClassName": "mag_ruger1022_30rnd",
            "MaxPriceThreshold": 60,
            "MinPriceThreshold": 30,
            "SellPricePercent": -1.0,
            "MaxStockThreshold": 10,
            "MinStockThreshold": 1,
            "QuantityPercent": 0,
            "SpawnAttachments": [],
            "Variants": []
        },
        {
            "ClassName": "mag_svd_10rnd",
            "MaxPriceThreshold": 100,
            "MinPriceThreshold": 80,
            "SellPricePercent": -1.0,
            "MaxStockThreshold": 10,
            "MinStockThreshold": 1,
            "QuantityPercent": 0,
            "SpawnAttachments": [],
            "Variants": []
        },
        {
            "ClassName": "mag_scout_5rnd",
            "MaxPriceThreshold": 25,
            "MinPriceThreshold": 20,
            "SellPricePercent": -1.0,
            "MaxStockThreshold": 10,
            "MinStockThreshold": 1,
            "QuantityPercent": 0,
            "SpawnAttachments": [],
            "Variants": []
        },
        {
            "ClassName": "mag_famas_25rnd",
            "MaxPriceThreshold": 50,
            "MinPriceThreshold": 40,
            "SellPricePercent": -1.0,
            "MaxStockThreshold": 10,
            "MinStockThreshold": 1,
            "QuantityPercent": 0,
            "SpawnAttachments": [],
            "Variants": []
        },
        {
            "ClassName": "mag_aug_30rnd",
            "MaxPriceThreshold": 60,
            "MinPriceThreshold": 50,
            "SellPricePercent": -1.0,
            "MaxStockThreshold": 10,
            "MinStockThreshold": 1,
            "QuantityPercent": 0,
            "SpawnAttachments": [],
            "Variants": []
        },
        {
            "ClassName": "mag_p1_8rnd",
            "MaxPriceThreshold": 16,
            "MinPriceThreshold": 8,
            "SellPricePercent": -1.0,
            "MaxStockThreshold": 10,
            "MinStockThreshold": 1,
            "QuantityPercent": 0,
            "SpawnAttachments": [],
            "Variants": []
        },
        {
            "ClassName": "mag_cz550_4rnd",
            "MaxPriceThreshold": 8,
            "MinPriceThreshold": 4,
            "SellPricePercent": -1.0,
            "MaxStockThreshold": 10,
            "MinStockThreshold": 1,
            "QuantityPercent": 0,
            "SpawnAttachments": [],
            "Variants": []
        },
        {
            "ClassName": "mag_cz550_10rnd",
            "MaxPriceThreshold": 20,
            "MinPriceThreshold": 10,
            "SellPricePercent": -1.0,
            "MaxStockThreshold": 10,
            "MinStockThreshold": 1,
            "QuantityPercent": 0,
            "SpawnAttachments": [],
            "Variants": []
        },
        {
            "ClassName": "mag_ssg82_5rnd",
            "MaxPriceThreshold": 10,
            "MinPriceThreshold": 5,
            "SellPricePercent": -1.0,
            "MaxStockThreshold": 10,
            "MinStockThreshold": 1,
            "QuantityPercent": 0,
            "SpawnAttachments": [],
            "Variants": []
        },
        {
            "ClassName": "mag_expansion_taser",
            "MaxPriceThreshold": 30,
            "MinPriceThreshold": 20,
            "SellPricePercent": -1.0,
            "MaxStockThreshold": 10,
            "MinStockThreshold": 1,
            "QuantityPercent": 0,
            "SpawnAttachments": [],
            "Variants": []
        },
        {
            "ClassName": "mag_expansion_m9_15rnd",
            "MaxPriceThreshold": 30,
            "MinPriceThreshold": 15,
            "SellPricePercent": -1.0,
            "MaxStockThreshold": 10,
            "MinStockThreshold": 1,
            "QuantityPercent": 0,
            "SpawnAttachments": [],
            "Variants": []
        },
        {
            "ClassName": "mag_expansion_kedr_20rnd",
            "MaxPriceThreshold": 40,
            "MinPriceThreshold": 20,
            "SellPricePercent": -1.0,
            "MaxStockThreshold": 10,
            "MinStockThreshold": 1,
            "QuantityPercent": 0,
            "SpawnAttachments": [],
            "Variants": []
        },
        {
            "ClassName": "mag_expansion_mp7_40rnd",
            "MaxPriceThreshold": 80,
            "MinPriceThreshold": 40,
            "SellPricePercent": -1.0,
            "MaxStockThreshold": 10,
            "MinStockThreshold": 1,
            "QuantityPercent": 0,
            "SpawnAttachments": [],
            "Variants": []
        },
        {
            "ClassName": "mag_expansion_vityaz_30rnd",
            "MaxPriceThreshold": 60,
            "MinPriceThreshold": 30,
            "SellPricePercent": -1.0,
            "MaxStockThreshold": 10,
            "MinStockThreshold": 1,
            "QuantityPercent": 0,
            "SpawnAttachments": [],
            "Variants": []
        },
        {
            "ClassName": "mag_expansion_mpx_50rnd",
            "MaxPriceThreshold": 100,
            "MinPriceThreshold": 50,
            "SellPricePercent": -1.0,
            "MaxStockThreshold": 10,
            "MinStockThreshold": 1,
            "QuantityPercent": 0,
            "SpawnAttachments": [],
            "Variants": []
        },
        {
            "ClassName": "mag_m14_10rnd",
            "MaxPriceThreshold": 50,
            "MinPriceThreshold": 40,
            "SellPricePercent": -1.0,
            "MaxStockThreshold": 10,
            "MinStockThreshold": 1,
            "QuantityPercent": 0,
            "SpawnAttachments": [],
            "Variants": []
        },
        {
            "ClassName": "mag_expansion_m14_20rnd",
            "MaxPriceThreshold": 40,
            "MinPriceThreshold": 20,
            "SellPricePercent": -1.0,
            "MaxStockThreshold": 10,
            "MinStockThreshold": 1,
            "QuantityPercent": 0,
            "SpawnAttachments": [],
            "Variants": []
        },
        {
            "ClassName": "mag_expansion_g36_30rnd",
            "MaxPriceThreshold": 60,
            "MinPriceThreshold": 30,
            "SellPricePercent": -1.0,
            "MaxStockThreshold": 10,
            "MinStockThreshold": 1,
            "QuantityPercent": 0,
            "SpawnAttachments": [],
            "Variants": []
        },
        {
            "ClassName": "mag_expansion_awm_5rnd",
            "MaxPriceThreshold": 100,
            "MinPriceThreshold": 80,
            "SellPricePercent": -1.0,
            "MaxStockThreshold": 10,
            "MinStockThreshold": 1,
            "QuantityPercent": 0,
            "SpawnAttachments": [],
            "Variants": []
        }
    ]
}