{
    "m_Version": 12,
    "DisplayName": "WEAPONS - SUBMACHINE GUNS",
    "Icon": "Deliver",
    "Color": "FBFCFEFF",
    "IsExchange": 0,
    "InitStockPercent": 0.0,
    "Items": [
		{
            "ClassName": "mp5k",
            "MaxPriceThreshold": 150,
            "MinPriceThreshold": 130,
            "SellPricePercent": -1.0,
            "MaxStockThreshold": 5,
            "MinStockThreshold": 1,
            "QuantityPercent": -1,
            "SpawnAttachments": [],
            "Variants": []
        },
        {
            "ClassName": "cz61",
            "MaxPriceThreshold": 75,
            "MinPriceThreshold": 50,
            "SellPricePercent": -1.0,
            "MaxStockThreshold": 5,
            "MinStockThreshold": 1,
            "QuantityPercent": -1,
            "SpawnAttachments": [],
            "Variants": []
        },
        {
            "ClassName": "ump45",
            "MaxPriceThreshold": 50,
            "MinPriceThreshold": 40,
            "SellPricePercent": -1.0,
            "MaxStockThreshold": 5,
            "MinStockThreshold": 1,
            "QuantityPercent": -1,
            "SpawnAttachments": [],
            "Variants": []
        },
        {
            "ClassName": "aks74u",
            "MaxPriceThreshold": 100,
            "MinPriceThreshold": 80,
            "SellPricePercent": -1.0,
            "MaxStockThreshold": 5,
            "MinStockThreshold": 1,
            "QuantityPercent": -1,
            "SpawnAttachments": [
                "aks74u_bttstck",
                "mag_ak74_30rnd"
            ],
            "Variants": []
        },
        {
            "ClassName": "pp19",
            "MaxPriceThreshold": 80,
            "MinPriceThreshold": 60,
            "SellPricePercent": -1.0,
            "MaxStockThreshold": 5,
            "MinStockThreshold": 1,
            "QuantityPercent": -1,
            "SpawnAttachments": [
                "pp19_bttstck",
                "mag_pp19_64rnd"
            ],
            "Variants": []
        },
        {
            "ClassName": "expansion_kedr",
            "MaxPriceThreshold": 90,
            "MinPriceThreshold": 75,
            "SellPricePercent": -1.0,
            "MaxStockThreshold": 5,
            "MinStockThreshold": 1,
            "QuantityPercent": -1,
            "SpawnAttachments": [],
            "Variants": []
        },
        {
            "ClassName": "expansion_mpx",
            "MaxPriceThreshold": 120,
            "MinPriceThreshold": 100,
            "SellPricePercent": -1.0,
            "MaxStockThreshold": 5,
            "MinStockThreshold": 1,
            "QuantityPercent": -1,
            "SpawnAttachments": [],
            "Variants": []
        },
        {
            "ClassName": "expansion_mp5",
            "MaxPriceThreshold": 180,
            "MinPriceThreshold": 160,
            "SellPricePercent": -1.0,
            "MaxStockThreshold": 5,
            "MinStockThreshold": 1,
            "QuantityPercent": -1,
            "SpawnAttachments": [],
            "Variants": []
        },
        {
            "ClassName": "expansion_mp5sd",
            "MaxPriceThreshold": 250,
            "MinPriceThreshold": 200,
            "SellPricePercent": -1.0,
            "MaxStockThreshold": 5,
            "MinStockThreshold": 1,
            "QuantityPercent": -1,
            "SpawnAttachments": [],
            "Variants": []
        },
        {
            "ClassName": "expansion_mp7",
            "MaxPriceThreshold": 260,
            "MinPriceThreshold": 210,
            "SellPricePercent": -1.0,
            "MaxStockThreshold": 5,
            "MinStockThreshold": 1,
            "QuantityPercent": -1,
            "SpawnAttachments": [],
            "Variants": []
        },
        {
            "ClassName": "expansion_vityazsn",
            "MaxPriceThreshold": 175,
            "MinPriceThreshold": 165,
            "SellPricePercent": -1.0,
            "MaxStockThreshold": 5,
            "MinStockThreshold": 1,
            "QuantityPercent": -1,
            "SpawnAttachments": [],
            "Variants": []
        }
    ]
}