{
    "m_Version": 12,
    "DisplayName": "CASINO CASHIER",
    "Icon": "Coins",
    "Color": "FBFCFEFF",
    "IsExchange": 0,
    "InitStockPercent": 100.0,
    "Items": [
        {
            "ClassName": "ZenCasinoChips",
            "MaxPriceThreshold": 1,
            "MinPriceThreshold": 1,
            "SellPricePercent": 100,
            "MaxStockThreshold": 1,
            "MinStockThreshold": 1,
            "QuantityPercent": -1,
            "SpawnAttachments": [],
            "Variants": []
        }
    ]
}