{
    "m_Version": 12,
    "DisplayName": "#STR_EXPANSION_MARKET_CATEGORY_COATS & #STR_EXPANSION_MARKET_CATEGORY_JACKETS",
    "Icon": "Deliver",
    "Color": "FBFCFEFF",
    "IsExchange": 0,
    "InitStockPercent": 0.0,
    "Items": [
		{
            "ClassName": "blouse_blue",
            "MaxPriceThreshold": 5,
            "MinPriceThreshold": 5,
            "SellPricePercent": -1.0,
            "MaxStockThreshold": 5,
            "MinStockThreshold": 1,
            "QuantityPercent": -1,
            "SpawnAttachments": [],
            "Variants": [
                "blouse_violet",
                "blouse_white",
                "blouse_green"
            ]
        },
        {
            "ClassName": "mansuit_beige",
            "MaxPriceThreshold": 25,
            "MinPriceThreshold": 25,
            "SellPricePercent": -1.0,
            "MaxStockThreshold": 5,
            "MinStockThreshold": 1,
            "QuantityPercent": -1,
            "SpawnAttachments": [],
            "Variants": [
                "mansuit_black",
                "mansuit_blue",
                "mansuit_brown",
                "mansuit_darkgrey",
                "mansuit_khaki",
                "mansuit_lightgrey",
                "mansuit_white"
            ]
        },
        {
            "ClassName": "womansuit_beige",
            "MaxPriceThreshold": 25,
            "MinPriceThreshold": 25,
            "SellPricePercent": -1.0,
            "MaxStockThreshold": 5,
            "MinStockThreshold": 1,
            "QuantityPercent": -1,
            "SpawnAttachments": [],
            "Variants": [
                "womansuit_black",
                "womansuit_blue",
                "womansuit_brown",
                "womansuit_darkgrey",
                "womansuit_khaki",
                "womansuit_lightgrey",
                "womansuit_white"
            ]
        },
        {
            "ClassName": "labcoat",
            "MaxPriceThreshold": 10,
            "MinPriceThreshold": 10,
            "SellPricePercent": -1.0,
            "MaxStockThreshold": 5,
            "MinStockThreshold": 1,
            "QuantityPercent": -1,
            "SpawnAttachments": [],
            "Variants": []
        },
        {
            "ClassName": "tracksuitjacket_black",
            "MaxPriceThreshold": 10,
            "MinPriceThreshold": 10,
            "SellPricePercent": -1.0,
            "MaxStockThreshold": 5,
            "MinStockThreshold": 1,
            "QuantityPercent": -1,
            "SpawnAttachments": [],
            "Variants": [
                "tracksuitjacket_blue",
                "tracksuitjacket_green",
                "tracksuitjacket_lightblue",
                "tracksuitjacket_red"
            ]
        },
        {
            "ClassName": "denimjacket",
            "MaxPriceThreshold": 15,
            "MinPriceThreshold": 15,
            "SellPricePercent": -1.0,
            "MaxStockThreshold": 5,
            "MinStockThreshold": 1,
            "QuantityPercent": -1,
            "SpawnAttachments": [],
            "Variants": []
        },
        {
            "ClassName": "woolcoat_red",
            "MaxPriceThreshold": 30,
            "MinPriceThreshold": 30,
            "SellPricePercent": -1.0,
            "MaxStockThreshold": 5,
            "MinStockThreshold": 1,
            "QuantityPercent": -1,
            "SpawnAttachments": [],
            "Variants": [
                "woolcoat_blue",
                "woolcoat_beige",
                "woolcoat_redcheck",
                "woolcoat_bluecheck",
                "woolcoat_greycheck",
                "woolcoat_browncheck",
                "woolcoat_black",
                "woolcoat_blackcheck",
                "woolcoat_green"
            ]
        },
        {
            "ClassName": "ridersjacket_black",
            "MaxPriceThreshold": 50,
            "MinPriceThreshold": 50,
            "SellPricePercent": -1.0,
            "MaxStockThreshold": 5,
            "MinStockThreshold": 1,
            "QuantityPercent": -1,
            "SpawnAttachments": [],
            "Variants": [
                "expansionridersjacketbrown",
                "expansionridersjacketdarkblue"
            ]
        },
        {
            "ClassName": "firefighterjacket_beige",
            "MaxPriceThreshold": 25,
            "MinPriceThreshold": 25,
            "SellPricePercent": -1.0,
            "MaxStockThreshold": 5,
            "MinStockThreshold": 1,
            "QuantityPercent": -1,
            "SpawnAttachments": [],
            "Variants": [
                "firefighterjacket_black"
            ]
        },
        {
            "ClassName": "jumpsuitjacket_blue",
            "MaxPriceThreshold": 10,
            "MinPriceThreshold": 10,
            "SellPricePercent": -1.0,
            "MaxStockThreshold": 5,
            "MinStockThreshold": 1,
            "QuantityPercent": -1,
            "SpawnAttachments": [],
            "Variants": [
                "jumpsuitjacket_gray",
                "jumpsuitjacket_green",
                "jumpsuitjacket_red"
            ]
        },
        {
            "ClassName": "bomberjacket_brown",
            "MaxPriceThreshold": 25,
            "MinPriceThreshold": 25,
            "SellPricePercent": -1.0,
            "MaxStockThreshold": 5,
            "MinStockThreshold": 1,
            "QuantityPercent": -1,
            "SpawnAttachments": [],
            "Variants": [
                "bomberjacket_blue",
                "bomberjacket_grey",
                "bomberjacket_maroon",
                "bomberjacket_skyblue",
                "bomberjacket_black",
                "bomberjacket_olive"
            ]
        },
        {
            "ClassName": "quiltedjacket_blue",
            "MaxPriceThreshold": 30,
            "MinPriceThreshold": 30,
            "SellPricePercent": -1.0,
            "MaxStockThreshold": 5,
            "MinStockThreshold": 1,
            "QuantityPercent": -1,
            "SpawnAttachments": [],
            "Variants": [
                "quiltedjacket_red",
                "quiltedjacket_grey",
                "quiltedjacket_orange",
                "quiltedjacket_yellow",
                "quiltedjacket_violet",
                "quiltedjacket_black",
                "quiltedjacket_green"
            ]
        },
        {
            "ClassName": "prisonuniformjacket",
            "MaxPriceThreshold": 10,
            "MinPriceThreshold": 10,
            "SellPricePercent": -1.0,
            "MaxStockThreshold": 5,
            "MinStockThreshold": 1,
            "QuantityPercent": -1,
            "SpawnAttachments": [],
            "Variants": []
        },
        {
            "ClassName": "policejacketorel",
            "MaxPriceThreshold": 30,
            "MinPriceThreshold": 30,
            "SellPricePercent": -1.0,
            "MaxStockThreshold": 5,
            "MinStockThreshold": 1,
            "QuantityPercent": -1,
            "SpawnAttachments": [],
            "Variants": []
        },
        {
            "ClassName": "policejacket",
            "MaxPriceThreshold": 25,
            "MinPriceThreshold": 25,
            "SellPricePercent": -1.0,
            "MaxStockThreshold": 5,
            "MinStockThreshold": 1,
            "QuantityPercent": -1,
            "SpawnAttachments": [],
            "Variants": []
        },
        {
            "ClassName": "paramedicjacket_blue",
            "MaxPriceThreshold": 25,
            "MinPriceThreshold": 25,
            "SellPricePercent": -1.0,
            "MaxStockThreshold": 5,
            "MinStockThreshold": 1,
            "QuantityPercent": -1,
            "SpawnAttachments": [],
            "Variants": [
                "paramedicjacket_crimson",
                "paramedicjacket_green"
            ]
        },
        {
            "ClassName": "hikingjacket_black",
            "MaxPriceThreshold": 10,
            "MinPriceThreshold": 10,
            "SellPricePercent": -1.0,
            "MaxStockThreshold": 5,
            "MinStockThreshold": 1,
            "QuantityPercent": -1,
            "SpawnAttachments": [],
            "Variants": [
                "hikingjacket_red",
                "hikingjacket_blue",
                "hikingjacket_green"
            ]
        },
        {
            "ClassName": "raincoat_pink",
            "MaxPriceThreshold": 25,
            "MinPriceThreshold": 25,
            "SellPricePercent": -1.0,
            "MaxStockThreshold": 5,
            "MinStockThreshold": 1,
            "QuantityPercent": -1,
            "SpawnAttachments": [],
            "Variants": [
                "raincoat_orange",
                "raincoat_yellow",
                "raincoat_red",
                "raincoat_blue",
                "raincoat_black",
                "raincoat_green"
            ]
        },
        {
            "ClassName": "huntingjacket_autumn",
            "MaxPriceThreshold": 50,
            "MinPriceThreshold": 50,
            "SellPricePercent": -1.0,
            "MaxStockThreshold": 5,
            "MinStockThreshold": 1,
            "QuantityPercent": -1,
            "SpawnAttachments": [],
            "Variants": [
                "huntingjacket_brown",
                "huntingjacket_spring",
                "huntingjacket_summer",
                "huntingjacket_winter",
				"zen_huntingjacket_black"
            ]
        },
        {
            "ClassName": "chainmail",
            "MaxPriceThreshold": 100,
            "MinPriceThreshold": 100,
            "SellPricePercent": -1.0,
            "MaxStockThreshold": 5,
            "MinStockThreshold": 1,
            "QuantityPercent": -1,
            "SpawnAttachments": [],
            "Variants": []
        }
    ]
}