{
    "m_Version": 12,
    "DisplayName": "$$$ EXCHANGE",
    "Icon": "Coins",
    "Color": "FBFCFEFF",
    "IsExchange": 1,
    "InitStockPercent": 0.0,
    "Items": [
		{
            "ClassName": "nail",
            "MaxPriceThreshold": 1,
            "MinPriceThreshold": 1,
            "SellPricePercent": -1,
            "MaxStockThreshold": 1,
            "MinStockThreshold": 1,
            "QuantityPercent": -1,
            "SpawnAttachments": [],
            "Variants": []
        },
		{
            "ClassName": "expansionsilverbar",
            "MaxPriceThreshold": 1000,
            "MinPriceThreshold": 1000,
            "SellPricePercent": -1,
            "MaxStockThreshold": 1,
            "MinStockThreshold": 1,
            "QuantityPercent": -1,
            "SpawnAttachments": [],
            "Variants": []
        },
		{
            "ClassName": "expansiongoldbar",
            "MaxPriceThreshold": 5000,
            "MinPriceThreshold": 5000,
            "SellPricePercent": -1,
            "MaxStockThreshold": 1,
            "MinStockThreshold": 1,
            "QuantityPercent": -1,
            "SpawnAttachments": [],
            "Variants": []
        }
    ]
}