{
    "m_Version": 12,
    "DisplayName": "#STR_EXPANSION_MARKET_CATEGORY_GLOVES",
    "Icon": "Deliver",
    "Color": "FBFCFEFF",
    "IsExchange": 0,
    "InitStockPercent": 0.0,
    "Items": [
        {
            "ClassName": "workinggloves_yellow",
            "MaxPriceThreshold": 20,
            "MinPriceThreshold": 20,
            "SellPricePercent": -1.0,
            "MaxStockThreshold": 5,
            "MinStockThreshold": 1,
            "QuantityPercent": -1,
            "SpawnAttachments": [],
            "Variants": [
                "workinggloves_black",
                "workinggloves_beige",
                "workinggloves_brown"
            ]
        },
        {
            "ClassName": "woolgloves_green",
            "MaxPriceThreshold": 30,
            "MinPriceThreshold": 30,
            "SellPricePercent": -1.0,
            "MaxStockThreshold": 5,
            "MinStockThreshold": 1,
            "QuantityPercent": -1,
            "SpawnAttachments": [],
            "Variants": [
                "woolgloves_black",
                "woolgloves_tan",
                "woolgloves_white"
            ]
        },
        {
            "ClassName": "woolglovesfingerless_green",
            "MaxPriceThreshold": 25,
            "MinPriceThreshold": 25,
            "SellPricePercent": -1.0,
            "MaxStockThreshold": 5,
            "MinStockThreshold": 1,
            "QuantityPercent": -1,
            "SpawnAttachments": [],
            "Variants": [
                "woolglovesfingerless_black",
                "woolglovesfingerless_tan",
                "woolglovesfingerless_white"
            ]
        },
		{
			"ClassName": "Fingerless_Gloves",
			"MaxPriceThreshold": 25,
			"MinPriceThreshold": 25,
			"SellPricePercent": -1.0,
			"MaxStockThreshold": 5,
			"MinStockThreshold": 1,
			"QuantityPercent": -1,
            "SpawnAttachments": [],
            "Variants": [
				"Fingerless_Gloves_Brown",
				"Fingerless_Gloves_Wool",
				"Fingerless_Gloves_Wool_Grey",
				"Fingerless_Gloves_Wool_Black"
			]
        }
    ]
}