{
    "m_Version": 12,
    "DisplayName": "#STR_EXPANSION_MARKET_CATEGORY_HELMETS",
    "Icon": "Deliver",
    "Color": "FBFCFEFF",
    "IsExchange": 0,
    "InitStockPercent": 0.0,
    "Items": [
        {
            "ClassName": "constructionhelmet_blue",
            "MaxPriceThreshold": 10,
            "MinPriceThreshold": 10,
            "SellPricePercent": -1.0,
            "MaxStockThreshold": 5,
            "MinStockThreshold": 1,
            "QuantityPercent": -1,
            "SpawnAttachments": [],
            "Variants": [
                "constructionhelmet_orange",
                "constructionhelmet_red",
                "constructionhelmet_white",
                "constructionhelmet_yellow",
                "constructionhelmet_lime"
            ]
        },
        {
            "ClassName": "skatehelmet_blue",
            "MaxPriceThreshold": 10,
            "MinPriceThreshold": 10,
            "SellPricePercent": -1.0,
            "MaxStockThreshold": 5,
            "MinStockThreshold": 1,
            "QuantityPercent": -1,
            "SpawnAttachments": [],
            "Variants": [
                "skatehelmet_gray",
                "skatehelmet_red",
                "skatehelmet_black",
                "skatehelmet_green"
            ]
        },
        {
            "ClassName": "hockeyhelmet_blue",
            "MaxPriceThreshold": 10,
            "MinPriceThreshold": 10,
            "SellPricePercent": -1.0,
            "MaxStockThreshold": 5,
            "MinStockThreshold": 1,
            "QuantityPercent": -1,
            "SpawnAttachments": [],
            "Variants": [
                "hockeyhelmet_red",
                "hockeyhelmet_white",
                "hockeyhelmet_black"
            ]
        },
        {
            "ClassName": "dirtbikehelmet_mouthguard",
            "MaxPriceThreshold": 10,
            "MinPriceThreshold": 10,
            "SellPricePercent": -1.0,
            "MaxStockThreshold": 5,
            "MinStockThreshold": 1,
            "QuantityPercent": -1,
            "SpawnAttachments": [],
            "Variants": []
        },
        {
            "ClassName": "dirtbikehelmet_visor",
            "MaxPriceThreshold": 10,
            "MinPriceThreshold": 10,
            "SellPricePercent": -1.0,
            "MaxStockThreshold": 5,
            "MinStockThreshold": 1,
            "QuantityPercent": -1,
            "SpawnAttachments": [],
            "Variants": []
        },
        {
            "ClassName": "dirtbikehelmet_chernarus",
            "MaxPriceThreshold": 20,
            "MinPriceThreshold": 20,
            "SellPricePercent": -1.0,
            "MaxStockThreshold": 5,
            "MinStockThreshold": 1,
            "QuantityPercent": -1,
            "SpawnAttachments": [
                "dirtbikehelmet_mouthguard",
                "dirtbikehelmet_visor"
            ],
            "Variants": [
                "dirtbikehelmet_police",
                "dirtbikehelmet_red",
                "dirtbikehelmet_green",
                "dirtbikehelmet_blue",
                "dirtbikehelmet_black",
                "dirtbikehelmet_khaki"
            ]
        },
        {
            "ClassName": "motohelmet_lime",
            "MaxPriceThreshold": 25,
            "MinPriceThreshold": 25,
            "SellPricePercent": -1.0,
            "MaxStockThreshold": 5,
            "MinStockThreshold": 1,
            "QuantityPercent": -1,
            "SpawnAttachments": [],
            "Variants": [
                "motohelmet_blue",
                "motohelmet_red",
                "motohelmet_yellow",
                "motohelmet_white",
                "motohelmet_grey",
                "motohelmet_black",
                "motohelmet_green",
                "darkmotohelmet_lime",
                "darkmotohelmet_blue",
                "darkmotohelmet_red",
                "darkmotohelmet_white",
                "darkmotohelmet_grey",
                "darkmotohelmet_black",
                "darkmotohelmet_green",
				"darkmotohelmet_yellow"
            ]
        },
        {
            "ClassName": "tankerhelmet",
            "MaxPriceThreshold": 25,
            "MinPriceThreshold": 25,
            "SellPricePercent": -1.0,
            "MaxStockThreshold": 5,
            "MinStockThreshold": 1,
            "QuantityPercent": -1,
            "SpawnAttachments": [],
            "Variants": []
        },
        {
            "ClassName": "zsh3pilothelmet",
            "MaxPriceThreshold": 25,
            "MinPriceThreshold": 25,
            "SellPricePercent": -1.0,
            "MaxStockThreshold": 5,
            "MinStockThreshold": 1,
            "QuantityPercent": -1,
            "SpawnAttachments": [],
            "Variants": [
                "zsh3pilothelmet_green",
                "zsh3pilothelmet_black"
            ]
        },
        {
            "ClassName": "firefightershelmet_red",
            "MaxPriceThreshold": 25,
            "MinPriceThreshold": 25,
            "SellPricePercent": -1.0,
            "MaxStockThreshold": 5,
            "MinStockThreshold": 1,
            "QuantityPercent": -1,
            "SpawnAttachments": [],
            "Variants": [
                "firefightershelmet_white",
                "firefightershelmet_yellow"
            ]
        },
        {
            "ClassName": "ssh68helmet",
            "MaxPriceThreshold": 50,
            "MinPriceThreshold": 50,
            "SellPricePercent": -1.0,
            "MaxStockThreshold": 5,
            "MinStockThreshold": 1,
            "QuantityPercent": -1,
            "SpawnAttachments": [],
            "Variants": []
        },
        {
            "ClassName": "chainmail_coif",
            "MaxPriceThreshold": 100,
            "MinPriceThreshold": 100,
            "SellPricePercent": -1.0,
            "MaxStockThreshold": 5,
            "MinStockThreshold": 1,
            "QuantityPercent": -1,
            "SpawnAttachments": [],
            "Variants": []
        },
        {
            "ClassName": "norsehelm",
            "MaxPriceThreshold": 100,
            "MinPriceThreshold": 100,
            "SellPricePercent": -1.0,
            "MaxStockThreshold": 5,
            "MinStockThreshold": 1,
            "QuantityPercent": -1,
            "SpawnAttachments": [],
            "Variants": []
        }
    ]
}