{
    "m_Version": 12,
    "DisplayName": "CANNABIS",
    "Icon": "Deliver",
    "Color": "FBFCFEFF",
    "IsExchange": 0,
    "InitStockPercent": 100.0,
    "Items": [
        {
            "ClassName": "Cannabis",
            "MaxPriceThreshold": 15,
            "MinPriceThreshold": 10,
            "SellPricePercent": 100.0,
            "MaxStockThreshold": 10000,
            "MinStockThreshold": 1,
            "QuantityPercent": -1,
            "SpawnAttachments": [],
            "Variants": []
        }
    ]
}