{
    "m_Version": 12,
    "DisplayName": "#STR_EXPANSION_MARKET_CATEGORY_MASKS",
    "Icon": "Deliver",
    "Color": "FBFCFEFF",
    "IsExchange": 0,
    "InitStockPercent": 0.0,
    "Items": [
		{
            "ClassName": "bandana_blue",
            "MaxPriceThreshold": 10,
            "MinPriceThreshold": 10,
            "SellPricePercent": -1.0,
            "MaxStockThreshold": 5,
            "MinStockThreshold": 1,
            "QuantityPercent": -1,
            "SpawnAttachments": [],
            "Variants": [
                "bandana_pink",
                "bandana_yellow",
                "bandana_redpattern",
                "bandana_blackpattern",
                "bandana_polkapattern",
				"bandana_greenpattern",
				"bandana_camopattern"
            ]
        },
		{
            "ClassName": "shemagh_scarf_brown",
            "MaxPriceThreshold": 25,
            "MinPriceThreshold": 25,
            "SellPricePercent": -1.0,
            "MaxStockThreshold": 5,
            "MinStockThreshold": 1,
            "QuantityPercent": -1,
            "SpawnAttachments": [],
            "Variants": [
                "shemagh_scarf_green",
                "shemagh_scarf_black",
                "shemagh_scarf_white",
                "shemagh_scarf_red"
            ]
        },
		{
            "ClassName": "scarf_brown",
            "MaxPriceThreshold": 20,
            "MinPriceThreshold": 20,
            "SellPricePercent": -1.0,
            "MaxStockThreshold": 5,
            "MinStockThreshold": 1,
            "QuantityPercent": -1,
            "SpawnAttachments": [],
            "Variants": [
                "scarf_brown",
                "scarf_colorpalette1",
                "scarf_blue"
            ]
        },
        {
            "ClassName": "surgicalmask",
            "MaxPriceThreshold": 10,
            "MinPriceThreshold": 10,
            "SellPricePercent": -1.0,
            "MaxStockThreshold": 5,
            "MinStockThreshold": 1,
            "QuantityPercent": -1,
            "SpawnAttachments": [],
            "Variants": []
        },
        {
            "ClassName": "nioshfacemask",
            "MaxPriceThreshold": 10,
            "MinPriceThreshold": 10,
            "SellPricePercent": -1.0,
            "MaxStockThreshold": 5,
            "MinStockThreshold": 1,
            "QuantityPercent": -1,
            "SpawnAttachments": [],
            "Variants": []
        },
        {
            "ClassName": "plague_mask",
            "MaxPriceThreshold": 25,
            "MinPriceThreshold": 25,
            "SellPricePercent": -1.0,
            "MaxStockThreshold": 5,
            "MinStockThreshold": 1,
            "QuantityPercent": -1,
            "SpawnAttachments": [],
            "Variants": []
        },
        {
            "ClassName": "hockeymask",
            "MaxPriceThreshold": 10,
            "MinPriceThreshold": 10,
            "SellPricePercent": -1.0,
            "MaxStockThreshold": 5,
            "MinStockThreshold": 1,
            "QuantityPercent": -1,
            "SpawnAttachments": [],
            "Variants": []
        },
        {
            "ClassName": "balaclavamask_blackskull",
            "MaxPriceThreshold": 20,
            "MinPriceThreshold": 20,
            "SellPricePercent": -1.0,
            "MaxStockThreshold": 5,
            "MinStockThreshold": 1,
            "QuantityPercent": -1,
            "SpawnAttachments": [],
            "Variants": [
                "balaclavamask_blue",
                "balaclavamask_pink",
                "balaclavamask_white",
                "balaclavamask_beige",
                "balaclavamask_black",
                "balaclavamask_green"
            ]
        },
        {
            "ClassName": "balaclava3holes_beige",
            "MaxPriceThreshold": 30,
            "MinPriceThreshold": 30,
            "SellPricePercent": -1.0,
            "MaxStockThreshold": 5,
            "MinStockThreshold": 1,
            "QuantityPercent": -1,
            "SpawnAttachments": [],
            "Variants": [
                "balaclava3holes_blue",
                "balaclava3holes_black",
                "balaclava3holes_green"
            ]
        },
        {
            "ClassName": "weldingmask",
            "MaxPriceThreshold": 10,
            "MinPriceThreshold": 10,
            "SellPricePercent": -1.0,
            "MaxStockThreshold": 5,
            "MinStockThreshold": 1,
            "QuantityPercent": -1,
            "SpawnAttachments": [],
            "Variants": []
        },
        {
            "ClassName": "mimemask_female",
            "MaxPriceThreshold": 15,
            "MinPriceThreshold": 15,
            "SellPricePercent": -1.0,
            "MaxStockThreshold": 5,
            "MinStockThreshold": 1,
            "QuantityPercent": -1,
            "SpawnAttachments": [],
            "Variants": [
                "mimemask_male"
            ]
        }
    ]
}