{
    "m_Version": 12,
    "DisplayName": "COMMON MEDICINE",
    "Icon": "Deliver",
    "Color": "FBFCFEFF",
    "IsExchange": 0,
    "InitStockPercent": 0.0,
    "Items": [
		{
            "ClassName": "surgicalgloves_blue",
            "MaxPriceThreshold": 10,
            "MinPriceThreshold": 10,
            "SellPricePercent": -1.0,
            "MaxStockThreshold": 5,
            "MinStockThreshold": 1,
            "QuantityPercent": -1,
            "SpawnAttachments": [],
            "Variants": [
                "surgicalgloves_lightblue",
                "surgicalgloves_green",
                "surgicalgloves_white"
            ]
        },
        {
            "ClassName": "bandagedressing",
            "MaxPriceThreshold": 10,
            "MinPriceThreshold": 10,
            "SellPricePercent": -1.0,
            "MaxStockThreshold": 10,
            "MinStockThreshold": 1,
            "QuantityPercent": -1,
            "SpawnAttachments": [],
            "Variants": []
        },
        {
            "ClassName": "disinfectantalcohol",
            "MaxPriceThreshold": 25,
            "MinPriceThreshold": 25,
            "SellPricePercent": -1.0,
            "MaxStockThreshold": 10,
            "MinStockThreshold": 1,
            "QuantityPercent": -1,
            "SpawnAttachments": [],
            "Variants": []
        },
        {
            "ClassName": "purificationtablets",
            "MaxPriceThreshold": 25,
            "MinPriceThreshold": 25,
            "SellPricePercent": -1.0,
            "MaxStockThreshold": 10,
            "MinStockThreshold": 1,
            "QuantityPercent": -1,
            "SpawnAttachments": [],
            "Variants": []
        },
        {
            "ClassName": "bloodtestkit",
            "MaxPriceThreshold": 10,
            "MinPriceThreshold": 10,
            "SellPricePercent": -1.0,
            "MaxStockThreshold": 10,
            "MinStockThreshold": 1,
            "QuantityPercent": -1,
            "SpawnAttachments": [],
            "Variants": []
        },
        {
            "ClassName": "thermometer",
            "MaxPriceThreshold": 5,
            "MinPriceThreshold": 5,
            "SellPricePercent": -1.0,
            "MaxStockThreshold": 10,
            "MinStockThreshold": 1,
            "QuantityPercent": -1,
            "SpawnAttachments": [],
            "Variants": []
        },
        {
            "ClassName": "disinfectantspray",
            "MaxPriceThreshold": 50,
            "MinPriceThreshold": 50,
            "SellPricePercent": -1.0,
            "MaxStockThreshold": 10,
            "MinStockThreshold": 1,
            "QuantityPercent": -1,
            "SpawnAttachments": [],
            "Variants": []
        },
        {
            "ClassName": "startkitiv",
            "MaxPriceThreshold": 25,
            "MinPriceThreshold": 25,
            "SellPricePercent": -1.0,
            "MaxStockThreshold": 10,
            "MinStockThreshold": 1,
            "QuantityPercent": -1,
            "SpawnAttachments": [],
            "Variants": []
        },
        {
            "ClassName": "heatpack",
            "MaxPriceThreshold": 10,
            "MinPriceThreshold": 10,
            "SellPricePercent": -1.0,
            "MaxStockThreshold": 10,
            "MinStockThreshold": 1,
            "QuantityPercent": -1,
            "SpawnAttachments": [],
            "Variants": []
        },
        {
            "ClassName": "salinebag",
            "MaxPriceThreshold": 25,
            "MinPriceThreshold": 25,
            "SellPricePercent": -1.0,
            "MaxStockThreshold": 10,
            "MinStockThreshold": 1,
            "QuantityPercent": -1,
            "SpawnAttachments": [],
            "Variants": []
        },
        {
            "ClassName": "bloodbagempty",
            "MaxPriceThreshold": 25,
            "MinPriceThreshold": 25,
            "SellPricePercent": -1.0,
            "MaxStockThreshold": 10,
            "MinStockThreshold": 1,
            "QuantityPercent": -1,
            "SpawnAttachments": [],
            "Variants": []
        },
        {
            "ClassName": "firstaidkit",
            "MaxPriceThreshold": 50,
            "MinPriceThreshold": 50,
            "SellPricePercent": -1.0,
            "MaxStockThreshold": 10,
            "MinStockThreshold": 1,
            "QuantityPercent": -1,
            "SpawnAttachments": [],
            "Variants": []
        },
        {
            "ClassName": "iodinetincture",
            "MaxPriceThreshold": 30,
            "MinPriceThreshold": 30,
            "SellPricePercent": -1.0,
            "MaxStockThreshold": 10,
            "MinStockThreshold": 1,
            "QuantityPercent": -1,
            "SpawnAttachments": [],
            "Variants": []
        },
		{
            "ClassName": "CigarettePack_Chernamorka",
            "MaxPriceThreshold": 150,
            "MinPriceThreshold": 150,
            "SellPricePercent": -1.0,
            "MaxStockThreshold": 5,
            "MinStockThreshold": 1,
            "QuantityPercent": -1,
            "SpawnAttachments": [],
            "Variants": [
				"CigarettePack_Merkur",
				"CigarettePack_Partyzanka"
			]
        },
		{
            "ClassName": "Vodka",
            "MaxPriceThreshold": 50,
            "MinPriceThreshold": 50,
            "SellPricePercent": -1.0,
            "MaxStockThreshold": 5,
            "MinStockThreshold": 1,
            "QuantityPercent": -1,
            "SpawnAttachments": [],
            "Variants": []
        }
    ]
}