{
    "m_Version": 12,
    "DisplayName": "#STR_EXPANSION_MARKET_CATEGORY_PANTS & #STR_EXPANSION_MARKET_CATEGORY_SHORTS",
    "Icon": "Deliver",
    "Color": "FBFCFEFF",
    "IsExchange": 0,
    "InitStockPercent": 0.0,
    "Items": [
        {
            "ClassName": "medicalscrubspants_blue",
            "MaxPriceThreshold": 5,
            "MinPriceThreshold": 5,
            "SellPricePercent": -1.0,
            "MaxStockThreshold": 5,
            "MinStockThreshold": 1,
            "QuantityPercent": -1,
            "SpawnAttachments": [],
            "Variants": [
                "medicalscrubspants_green",
                "medicalscrubspants_white"
            ]
        },
        {
            "ClassName": "tracksuitpants_black",
            "MaxPriceThreshold": 10,
            "MinPriceThreshold": 10,
            "SellPricePercent": -1.0,
            "MaxStockThreshold": 5,
            "MinStockThreshold": 1,
            "QuantityPercent": -1,
            "SpawnAttachments": [],
            "Variants": [
                "tracksuitpants_blue",
                "tracksuitpants_green",
                "tracksuitpants_red",
                "tracksuitpants_lightblue"
            ]
        },
        {
            "ClassName": "prisonuniformpants",
            "MaxPriceThreshold": 5,
            "MinPriceThreshold": 5,
            "SellPricePercent": -1.0,
            "MaxStockThreshold": 5,
            "MinStockThreshold": 1,
            "QuantityPercent": -1,
            "SpawnAttachments": [],
            "Variants": []
        },
        {
            "ClassName": "breeches_pink",
            "MaxPriceThreshold": 10,
            "MinPriceThreshold": 10,
            "SellPricePercent": -1.0,
            "MaxStockThreshold": 5,
            "MinStockThreshold": 1,
            "QuantityPercent": -1,
            "SpawnAttachments": [],
            "Variants": [
                "breeches_red",
                "breeches_white",
                "breeches_blue",
                "breeches_beetcheck",
                "breeches_beige",
                "breeches_browncheck",
                "breeches_black",
                "breeches_blackcheck",
                "breeches_green"
            ]
        },
        {
            "ClassName": "slackspants_beige",
            "MaxPriceThreshold": 15,
            "MinPriceThreshold": 15,
            "SellPricePercent": -1.0,
            "MaxStockThreshold": 5,
            "MinStockThreshold": 1,
            "QuantityPercent": -1,
            "SpawnAttachments": [],
            "Variants": [
                "slackspants_blue",
                "slackspants_darkgrey",
                "slackspants_lightgrey",
                "slackspants_white",
                "slackspants_brown",
                "slackspants_black",
                "slackspants_khaki"
            ]
        },
        {
            "ClassName": "canvaspantsmidi_blue",
            "MaxPriceThreshold": 5,
            "MinPriceThreshold": 5,
            "SellPricePercent": -1.0,
            "MaxStockThreshold": 5,
            "MinStockThreshold": 1,
            "QuantityPercent": -1,
            "SpawnAttachments": [],
            "Variants": [
                "canvaspantsmidi_grey",
                "canvaspantsmidi_red",
                "canvaspantsmidi_violet",
                "canvaspantsmidi_beige"
            ]
        },
        {
            "ClassName": "jumpsuitpants_blue",
            "MaxPriceThreshold": 10,
            "MinPriceThreshold": 10,
            "SellPricePercent": -1.0,
            "MaxStockThreshold": 5,
            "MinStockThreshold": 1,
            "QuantityPercent": -1,
            "SpawnAttachments": [],
            "Variants": [
                "jumpsuitpants_green",
                "jumpsuitpants_grey",
                "jumpsuitpants_red"
            ]
        },
        {
            "ClassName": "policepants",
            "MaxPriceThreshold": 25,
            "MinPriceThreshold": 25,
            "SellPricePercent": -1.0,
            "MaxStockThreshold": 5,
            "MinStockThreshold": 1,
            "QuantityPercent": -1,
            "SpawnAttachments": [],
            "Variants": []
        },
        {
            "ClassName": "paramedicpants_blue",
            "MaxPriceThreshold": 25,
            "MinPriceThreshold": 25,
            "SellPricePercent": -1.0,
            "MaxStockThreshold": 5,
            "MinStockThreshold": 1,
            "QuantityPercent": -1,
            "SpawnAttachments": [],
            "Variants": [
                "paramedicpants_crimson",
                "paramedicpants_green"
            ]
        },
        {
            "ClassName": "firefighterspants_beige",
            "MaxPriceThreshold": 25,
            "MinPriceThreshold": 25,
            "SellPricePercent": -1.0,
            "MaxStockThreshold": 5,
            "MinStockThreshold": 1,
            "QuantityPercent": -1,
            "SpawnAttachments": [],
            "Variants": [
                "firefighterspants_black"
            ]
        },
        {
            "ClassName": "cargopants_beige",
            "MaxPriceThreshold": 30,
            "MinPriceThreshold": 30,
            "SellPricePercent": -1.0,
            "MaxStockThreshold": 5,
            "MinStockThreshold": 1,
            "QuantityPercent": -1,
            "SpawnAttachments": [],
            "Variants": [
                "cargopants_black",
                "cargopants_blue",
                "cargopants_green",
                "cargopants_grey"
            ]
        },
        {
            "ClassName": "shortjeans_blue",
            "MaxPriceThreshold": 10,
            "MinPriceThreshold": 10,
            "SellPricePercent": -1.0,
            "MaxStockThreshold": 5,
            "MinStockThreshold": 1,
            "QuantityPercent": -1,
            "SpawnAttachments": [],
            "Variants": [
                "shortjeans_brown",
                "shortjeans_darkblue",
                "shortjeans_red",
                "shortjeans_black",
                "shortjeans_green"
            ]
        },
        {
            "ClassName": "jeans_blue",
            "MaxPriceThreshold": 10,
            "MinPriceThreshold": 10,
            "SellPricePercent": -1.0,
            "MaxStockThreshold": 5,
            "MinStockThreshold": 1,
            "QuantityPercent": -1,
            "SpawnAttachments": [],
            "Variants": [
                "jeans_brown",
                "jeans_grey",
                "jeans_bluedark",
                "jeans_green",
                "jeans_black"
            ]
        },
        {
            "ClassName": "policepantsorel",
            "MaxPriceThreshold": 30,
            "MinPriceThreshold": 30,
            "SellPricePercent": -1.0,
            "MaxStockThreshold": 5,
            "MinStockThreshold": 1,
            "QuantityPercent": -1,
            "SpawnAttachments": [],
            "Variants": []
        },
        {
            "ClassName": "hunterpants_autumn",
            "MaxPriceThreshold": 50,
            "MinPriceThreshold": 50,
            "SellPricePercent": -1.0,
            "MaxStockThreshold": 5,
            "MinStockThreshold": 1,
            "QuantityPercent": -1,
            "SpawnAttachments": [],
            "Variants": [
                "hunterpants_winter",
                "hunterpants_brown",
                "hunterpants_spring",
                "hunterpants_summer",
				"zen_hunterpants_black"
            ]
        },
        {
            "ClassName": "chainmail_leggings",
            "MaxPriceThreshold": 100,
            "MinPriceThreshold": 100,
            "SellPricePercent": -1.0,
            "MaxStockThreshold": 5,
            "MinStockThreshold": 1,
            "QuantityPercent": -1,
            "SpawnAttachments": [],
            "Variants": []
        }
    ]
}