{
    "m_Version": 12,
    "DisplayName": "#STR_EXPANSION_MARKET_CATEGORY_SHIRTS & #STR_EXPANSION_MARKET_CATEGORY_TSHIRTS",
    "Icon": "Deliver",
    "Color": "FBFCFEFF",
    "IsExchange": 0,
    "InitStockPercent": 0.0,
    "Items": [
		{
            "ClassName": "zen_shirt_huntercat",
            "MaxPriceThreshold": 25,
            "MinPriceThreshold": 25,
            "SellPricePercent": -1.0,
            "MaxStockThreshold": 5,
            "MinStockThreshold": 1,
            "QuantityPercent": -1,
            "SpawnAttachments": [],
            "Variants": []
        },
		{
            "ClassName": "zen_shirt_pharaohcat",
            "MaxPriceThreshold": 25,
            "MinPriceThreshold": 25,
            "SellPricePercent": -1.0,
            "MaxStockThreshold": 5,
            "MinStockThreshold": 1,
            "QuantityPercent": -1,
            "SpawnAttachments": [],
            "Variants": []
        },
		{
            "ClassName": "zen_shirt_bothcat",
            "MaxPriceThreshold": 50,
            "MinPriceThreshold": 50,
            "SellPricePercent": -1.0,
            "MaxStockThreshold": 5,
            "MinStockThreshold": 1,
            "QuantityPercent": -1,
            "SpawnAttachments": [],
            "Variants": []
        },
        {
            "ClassName": "tshirt_blue",
            "MaxPriceThreshold": 10,
            "MinPriceThreshold": 10,
            "SellPricePercent": -1.0,
            "MaxStockThreshold": 5,
            "MinStockThreshold": 1,
            "QuantityPercent": -1,
            "SpawnAttachments": [],
            "Variants": [
                "tshirt_orangewhitestripes",
                "tshirt_red",
                "tshirt_redblackstripes",
                "tshirt_beige",
                "tshirt_grey",
                "tshirt_black",
                "tshirt_green"
            ]
        },
        {
            "ClassName": "telnyashkashirt",
            "MaxPriceThreshold": 5,
            "MinPriceThreshold": 5,
            "SellPricePercent": -1.0,
            "MaxStockThreshold": 5,
            "MinStockThreshold": 1,
            "QuantityPercent": -1,
            "SpawnAttachments": [],
            "Variants": []
        },
        {
            "ClassName": "shirt_bluecheck",
            "MaxPriceThreshold": 15,
            "MinPriceThreshold": 15,
            "SellPricePercent": -1.0,
            "MaxStockThreshold": 5,
            "MinStockThreshold": 1,
            "QuantityPercent": -1,
            "SpawnAttachments": [],
            "Variants": [
                "shirt_bluecheckbright",
                "shirt_redcheck",
                "shirt_whitecheck",
                "shirt_planeblack",
                "shirt_greencheck"
            ]
        },
        {
            "ClassName": "medicalscrubsshirt_blue",
            "MaxPriceThreshold": 5,
            "MinPriceThreshold": 5,
            "SellPricePercent": -1.0,
            "MaxStockThreshold": 5,
            "MinStockThreshold": 1,
            "QuantityPercent": -1,
            "SpawnAttachments": [],
            "Variants": [
                "medicalscrubsshirt_green",
                "medicalscrubsshirt_white"
            ]
        },
        {
            "ClassName": "chernarussportshirt",
            "MaxPriceThreshold": 5,
            "MinPriceThreshold": 5,
            "SellPricePercent": -1.0,
            "MaxStockThreshold": 5,
            "MinStockThreshold": 1,
            "QuantityPercent": -1,
            "SpawnAttachments": [],
            "Variants": []
        },
		{
			"ClassName": "Military_Sweater",
			"MaxPriceThreshold": 30,
			"MinPriceThreshold": 30,
			"SellPricePercent": -1,
			"MaxStockThreshold": 5,
			"MinStockThreshold": 1,
			"QuantityPercent": -1,
            "SpawnAttachments": [],
            "Variants": [
				"Military_Sweater_Red",
				"Military_Sweater_Blue",
				"Military_Sweater_Green",
				"Military_Sweater_White",
				"Military_Sweater_Black"
			]
        },		
		{
			"ClassName": "Layered_Shirt_Base",
			"MaxPriceThreshold": 5,
			"MinPriceThreshold": 5,
			"SellPricePercent": -1,
			"MaxStockThreshold": 5,
			"MinStockThreshold": 1,
			"QuantityPercent": -1,
            "SpawnAttachments": [],
            "Variants": [
				"Layered_Shirt_Cheburashka",
				"Layered_Shirt_White",
				"Layered_Shirt_Courage",
				"Layered_Shirt_Lily"
			]
        },
		{
			"ClassName": "Winter_Parka_Base",
			"MaxPriceThreshold": 30,
			"MinPriceThreshold": 30,
			"SellPricePercent": -1,
			"MaxStockThreshold": 5,
			"MinStockThreshold": 1,
			"QuantityPercent": -1,
            "SpawnAttachments": [],
            "Variants": [
				"Winter_Parka_White",
				"Winter_Parka_Green"
			]
        },	
		{
			"ClassName": "Medium_Sleeves_Shirt",
			"MaxPriceThreshold": 5,
			"MinPriceThreshold": 5,
			"SellPricePercent": -1,
			"MaxStockThreshold": 5,
			"MinStockThreshold": 1,
			"QuantityPercent": -1,
            "SpawnAttachments": [],
            "Variants": [
				"Medium_Sleeves_Shirt_Red",
				"Medium_Sleeves_Shirt_Blue"
			]
        },	
		{
			"ClassName": "geb_redfishshirt",
			"MaxPriceThreshold": 5,
			"MinPriceThreshold": 5,
			"SellPricePercent": -1,
			"MaxStockThreshold": 5,
			"MinStockThreshold": 1,
			"QuantityPercent": -1,
            "SpawnAttachments": [],
            "Variants": [
				"geb_greenfishshirt",
				"geb_bluefishshirt",
				"geb_purplefishshirt"
			]
        }		
    ]
}