{
    "m_Version": 12,
    "DisplayName": "#STR_EXPANSION_MARKET_CATEGORY_SKIRTS & #STR_EXPANSION_MARKET_CATEGORY_DRESSES",
    "Icon": "Deliver",
    "Color": "FBFCFEFF",
    "IsExchange": 0,
    "InitStockPercent": 0.0,
    "Items": [
        {
            "ClassName": "skirt_blue",
            "MaxPriceThreshold": 10,
            "MinPriceThreshold": 10,
            "SellPricePercent": -1.0,
            "MaxStockThreshold": 5,
            "MinStockThreshold": 1,
            "QuantityPercent": -1,
            "SpawnAttachments": [],
            "Variants": [
                "skirt_red",
                "skirt_white",
                "skirt_yellow"
            ]
        },
        {
            "ClassName": "minidress_pink",
            "MaxPriceThreshold": 10,
            "MinPriceThreshold": 10,
            "SellPricePercent": -1.0,
            "MaxStockThreshold": 5,
            "MinStockThreshold": 1,
            "QuantityPercent": -1,
            "SpawnAttachments": [],
            "Variants": [
                "minidress_pinkchecker",
                "minidress_redchecker",
                "minidress_bluechecker",
                "minidress_bluewithdots",
                "minidress_whitechecker",
                "minidress_brownchecker",
                "minidress_greenchecker"
            ]
        },
        {
            "ClassName": "nursedress_blue",
            "MaxPriceThreshold": 10,
            "MinPriceThreshold": 10,
            "SellPricePercent": -1.0,
            "MaxStockThreshold": 5,
            "MinStockThreshold": 1,
            "QuantityPercent": -1,
            "SpawnAttachments": [],
            "Variants": [
                "nursedress_white"
            ]
        }
    ]
}