{
    "m_Version": 12,
    "DisplayName": "ADVANCED MEDICINE",
    "Icon": "Deliver",
    "Color": "FBFCFEFF",
    "IsExchange": 0,
    "InitStockPercent": 0.0,
    "Items": [
		{
            "ClassName": "MedContainerSmall",
            "MaxPriceThreshold": 60,
            "MinPriceThreshold": 40,
            "SellPricePercent": 10,
            "MaxStockThreshold": 10,
            "MinStockThreshold": 1,
            "QuantityPercent": -1,
            "SpawnAttachments": [],
            "Variants": []
        },
        {
            "ClassName": "MedContainerMedium",
            "MaxPriceThreshold": 80,
            "MinPriceThreshold": 60,
            "SellPricePercent": 10,
            "MaxStockThreshold": 10,
            "MinStockThreshold": 1,
            "QuantityPercent": -1,
            "SpawnAttachments": [],
            "Variants": []
        },
		{
            "ClassName": "MedContainerLarge",
            "MaxPriceThreshold": 100,
            "MinPriceThreshold": 80,
            "SellPricePercent": 10,
            "MaxStockThreshold": 10,
            "MinStockThreshold": 1,
            "QuantityPercent": -1,
            "SpawnAttachments": [],
            "Variants": []
        },
		{
            "ClassName": "SurgicalKit",
            "MaxPriceThreshold": 50,
            "MinPriceThreshold": 30,
            "SellPricePercent": 50,
            "MaxStockThreshold": 10,
            "MinStockThreshold": 1,
            "QuantityPercent": -1,
            "SpawnAttachments": [],
            "Variants": []
        },
		{
            "ClassName": "SyringeEmpty",
            "MaxPriceThreshold": 50,
            "MinPriceThreshold": 30,
            "SellPricePercent": 10,
            "MaxStockThreshold": 25,
            "MinStockThreshold": 1,
            "QuantityPercent": -1,
            "SpawnAttachments": [],
            "Variants": []
        },
		{
            "ClassName": "Stethoscope",
            "MaxPriceThreshold": 50,
            "MinPriceThreshold": 30,
            "SellPricePercent": 25,
            "MaxStockThreshold": 10,
            "MinStockThreshold": 1,
            "QuantityPercent": -1,
            "SpawnAttachments": [],
            "Variants": []
        },
		{
            "ClassName": "AmpouleZivirol",
            "MaxPriceThreshold": 100,
            "MinPriceThreshold": 100,
            "SellPricePercent": 25,
            "MaxStockThreshold": 10,
            "MinStockThreshold": 1,
            "QuantityPercent": -1,
            "SpawnAttachments": [],
            "Variants": []
        },
		{
            "ClassName": "Syb_Geigercounter",
            "MaxPriceThreshold": 250,
            "MinPriceThreshold": 250,
            "SellPricePercent": 25,
            "MaxStockThreshold": 3,
            "MinStockThreshold": 1,
            "QuantityPercent": -1,
            "SpawnAttachments": [],
            "Variants": []
        },
        {
            "ClassName": "SalveFinalgon",
            "MaxPriceThreshold": 60,
            "MinPriceThreshold": 60,
            "SellPricePercent": 50,
            "MaxStockThreshold": 5,
            "MinStockThreshold": 1,
            "QuantityPercent": -1,
            "SpawnAttachments": [],
            "Variants": []
        },
        {
            "ClassName": "SalveKapsikam",
            "MaxPriceThreshold": 30,
            "MinPriceThreshold": 30,
            "SellPricePercent": 50,
            "MaxStockThreshold": 5,
            "MinStockThreshold": 1,
            "QuantityPercent": -1,
            "SpawnAttachments": [],
            "Variants": []
        },
        {
            "ClassName": "SalveViprosal",
            "MaxPriceThreshold": 40,
            "MinPriceThreshold": 40,
            "SellPricePercent": 50,
            "MaxStockThreshold": 5,
            "MinStockThreshold": 1,
            "QuantityPercent": -1,
            "SpawnAttachments": [],
            "Variants": []
        },
        {
            "ClassName": "BandageHemostatic",
            "MaxPriceThreshold": 25,
            "MinPriceThreshold": 25,
            "SellPricePercent": 50,
            "MaxStockThreshold": 10,
            "MinStockThreshold": 1,
            "QuantityPercent": -1,
            "SpawnAttachments": [],
            "Variants": []
        }
    ]
}