{
    "m_Version": 12,
    "DisplayName": "#STR_EXPANSION_MARKET_CATEGORY_VEHICLE_PARTS",
    "Icon": "Deliver",
    "Color": "FBFCFEFF",
    "IsExchange": 0,
    "InitStockPercent": 0.0,
    "Items": [
        {
            "ClassName": "hatchbackhood",
            "MaxPriceThreshold": 50,
            "MinPriceThreshold": 50,
            "SellPricePercent": 5,
            "MaxStockThreshold": 1,
            "MinStockThreshold": 1,
            "QuantityPercent": -1,
            "SpawnAttachments": [],
            "Variants": [
                "hatchbackhood_blue",
                "hatchbackhood_white"
            ]
        },
        {
            "ClassName": "hatchbacktrunk",
            "MaxPriceThreshold": 50,
            "MinPriceThreshold": 50,
            "SellPricePercent": 5,
            "MaxStockThreshold": 1,
            "MinStockThreshold": 1,
            "QuantityPercent": -1,
            "SpawnAttachments": [],
            "Variants": [
                "hatchbacktrunk_blue",
                "hatchbacktrunk_white"
            ]
        },
        {
            "ClassName": "hatchbackdoors_driver",
            "MaxPriceThreshold": 50,
            "MinPriceThreshold": 50,
            "SellPricePercent": 5,
            "MaxStockThreshold": 1,
            "MinStockThreshold": 1,
            "QuantityPercent": -1,
            "SpawnAttachments": [],
            "Variants": [
                "hatchbackdoors_driver_blue",
                "hatchbackdoors_driver_white"
            ]
        },
        {
            "ClassName": "hatchbackdoors_codriver",
            "MaxPriceThreshold": 50,
            "MinPriceThreshold": 50,
            "SellPricePercent": 5,
            "MaxStockThreshold": 1,
            "MinStockThreshold": 1,
            "QuantityPercent": -1,
            "SpawnAttachments": [],
            "Variants": [
                "hatchbackdoors_codriver_blue",
                "hatchbackdoors_codriver_white"
            ]
        },
        {
            "ClassName": "hatchbackwheel",
            "MaxPriceThreshold": 50,
            "MinPriceThreshold": 50,
            "SellPricePercent": 5,
            "MaxStockThreshold": 1,
            "MinStockThreshold": 1,
            "QuantityPercent": -1,
            "SpawnAttachments": [],
            "Variants": []
        },
        {
            "ClassName": "hatchback_02_hood",
            "MaxPriceThreshold": 50,
            "MinPriceThreshold": 50,
            "SellPricePercent": 5,
            "MaxStockThreshold": 1,
            "MinStockThreshold": 1,
            "QuantityPercent": -1,
            "SpawnAttachments": [],
            "Variants": [
                "hatchback_02_hood_black",
                "hatchback_02_hood_blue"
            ]
        },
        {
            "ClassName": "hatchback_02_trunk",
            "MaxPriceThreshold": 50,
            "MinPriceThreshold": 50,
            "SellPricePercent": 5,
            "MaxStockThreshold": 1,
            "MinStockThreshold": 1,
            "QuantityPercent": -1,
            "SpawnAttachments": [],
            "Variants": [
                "hatchback_02_trunk_black",
                "hatchback_02_trunk_blue"
            ]
        },
        {
            "ClassName": "hatchback_02_door_1_1",
            "MaxPriceThreshold": 50,
            "MinPriceThreshold": 50,
            "SellPricePercent": 5,
            "MaxStockThreshold": 1,
            "MinStockThreshold": 1,
            "QuantityPercent": -1,
            "SpawnAttachments": [],
            "Variants": [
                "hatchback_02_door_1_1_black",
                "hatchback_02_door_1_1_blue"
            ]
        },
        {
            "ClassName": "hatchback_02_door_1_2",
            "MaxPriceThreshold": 50,
            "MinPriceThreshold": 50,
            "SellPricePercent": 5,
            "MaxStockThreshold": 1,
            "MinStockThreshold": 1,
            "QuantityPercent": -1,
            "SpawnAttachments": [],
            "Variants": [
                "hatchback_02_door_1_2_black",
                "hatchback_02_door_1_2_blue"
            ]
        },
        {
            "ClassName": "hatchback_02_door_2_1",
            "MaxPriceThreshold": 50,
            "MinPriceThreshold": 50,
            "SellPricePercent": 5,
            "MaxStockThreshold": 1,
            "MinStockThreshold": 1,
            "QuantityPercent": -1,
            "SpawnAttachments": [],
            "Variants": [
                "hatchback_02_door_2_1_black",
                "hatchback_02_door_2_1_blue"
            ]
        },
        {
            "ClassName": "hatchback_02_door_2_2",
            "MaxPriceThreshold": 50,
            "MinPriceThreshold": 50,
            "SellPricePercent": 5,
            "MaxStockThreshold": 1,
            "MinStockThreshold": 1,
            "QuantityPercent": -1,
            "SpawnAttachments": [],
            "Variants": [
                "hatchback_02_door_2_2_black",
                "hatchback_02_door_2_2_blue"
            ]
        },
        {
            "ClassName": "hatchback_02_wheel",
            "MaxPriceThreshold": 50,
            "MinPriceThreshold": 50,
            "SellPricePercent": 5,
            "MaxStockThreshold": 1,
            "MinStockThreshold": 1,
            "QuantityPercent": -1,
            "SpawnAttachments": [],
            "Variants": []
        },
        {
            "ClassName": "civsedanhood",
            "MaxPriceThreshold": 50,
            "MinPriceThreshold": 50,
            "SellPricePercent": 5,
            "MaxStockThreshold": 1,
            "MinStockThreshold": 1,
            "QuantityPercent": -1,
            "SpawnAttachments": [],
            "Variants": [
                "civsedanhood_wine",
                "civsedanhood_black"
            ]
        },
        {
            "ClassName": "civsedantrunk",
            "MaxPriceThreshold": 50,
            "MinPriceThreshold": 50,
            "SellPricePercent": 5,
            "MaxStockThreshold": 1,
            "MinStockThreshold": 1,
            "QuantityPercent": -1,
            "SpawnAttachments": [],
            "Variants": [
                "civsedantrunk_wine",
                "civsedantrunk_black"
            ]
        },
        {
            "ClassName": "civsedandoors_driver",
            "MaxPriceThreshold": 50,
            "MinPriceThreshold": 50,
            "SellPricePercent": 5,
            "MaxStockThreshold": 1,
            "MinStockThreshold": 1,
            "QuantityPercent": -1,
            "SpawnAttachments": [],
            "Variants": [
                "civsedandoors_driver_wine",
                "civsedandoors_driver_black"
            ]
        },
        {
            "ClassName": "civsedandoors_codriver",
            "MaxPriceThreshold": 50,
            "MinPriceThreshold": 50,
            "SellPricePercent": 5,
            "MaxStockThreshold": 1,
            "MinStockThreshold": 1,
            "QuantityPercent": -1,
            "SpawnAttachments": [],
            "Variants": [
                "civsedandoors_codriver_wine",
                "civsedandoors_codriver_black"
            ]
        },
        {
            "ClassName": "civsedandoors_backleft",
            "MaxPriceThreshold": 50,
            "MinPriceThreshold": 50,
            "SellPricePercent": 5,
            "MaxStockThreshold": 1,
            "MinStockThreshold": 1,
            "QuantityPercent": -1,
            "SpawnAttachments": [],
            "Variants": [
                "civsedandoors_backleft_wine",
                "civsedandoors_backleft_black"
            ]
        },
        {
            "ClassName": "civsedandoors_backright",
            "MaxPriceThreshold": 50,
            "MinPriceThreshold": 50,
            "SellPricePercent": 5,
            "MaxStockThreshold": 1,
            "MinStockThreshold": 1,
            "QuantityPercent": -1,
            "SpawnAttachments": [],
            "Variants": [
                "civsedandoors_backright_wine",
                "civsedandoors_backright_black"
            ]
        },
        {
            "ClassName": "civsedanwheel",
            "MaxPriceThreshold": 50,
            "MinPriceThreshold": 50,
            "SellPricePercent": 5,
            "MaxStockThreshold": 1,
            "MinStockThreshold": 1,
            "QuantityPercent": -1,
            "SpawnAttachments": [],
            "Variants": []
        },
        {
            "ClassName": "sedan_02_hood",
            "MaxPriceThreshold": 50,
            "MinPriceThreshold": 50,
            "SellPricePercent": 5,
            "MaxStockThreshold": 1,
            "MinStockThreshold": 1,
            "QuantityPercent": -1,
            "SpawnAttachments": [],
            "Variants": [
                "sedan_02_hood_red",
                "sedan_02_hood_grey"
            ]
        },
        {
            "ClassName": "sedan_02_trunk",
            "MaxPriceThreshold": 50,
            "MinPriceThreshold": 50,
            "SellPricePercent": 5,
            "MaxStockThreshold": 1,
            "MinStockThreshold": 1,
            "QuantityPercent": -1,
            "SpawnAttachments": [],
            "Variants": [
                "sedan_02_trunk_red",
                "sedan_02_trunk_grey"
            ]
        },
        {
            "ClassName": "sedan_02_door_1_1",
            "MaxPriceThreshold": 50,
            "MinPriceThreshold": 50,
            "SellPricePercent": 5,
            "MaxStockThreshold": 1,
            "MinStockThreshold": 1,
            "QuantityPercent": -1,
            "SpawnAttachments": [],
            "Variants": [
                "sedan_02_door_1_1_red",
                "sedan_02_door_1_1_grey"
            ]
        },
        {
            "ClassName": "sedan_02_door_1_2",
            "MaxPriceThreshold": 50,
            "MinPriceThreshold": 50,
            "SellPricePercent": 5,
            "MaxStockThreshold": 1,
            "MinStockThreshold": 1,
            "QuantityPercent": -1,
            "SpawnAttachments": [],
            "Variants": [
                "sedan_02_door_1_2_red",
                "sedan_02_door_1_2_grey"
            ]
        },
        {
            "ClassName": "sedan_02_door_2_1",
            "MaxPriceThreshold": 50,
            "MinPriceThreshold": 50,
            "SellPricePercent": 5,
            "MaxStockThreshold": 1,
            "MinStockThreshold": 1,
            "QuantityPercent": -1,
            "SpawnAttachments": [],
            "Variants": [
                "sedan_02_door_2_1_red",
                "sedan_02_door_2_1_grey"
            ]
        },
        {
            "ClassName": "sedan_02_door_2_2",
            "MaxPriceThreshold": 50,
            "MinPriceThreshold": 50,
            "SellPricePercent": 5,
            "MaxStockThreshold": 1,
            "MinStockThreshold": 1,
            "QuantityPercent": -1,
            "SpawnAttachments": [],
            "Variants": [
                "sedan_02_door_2_2_red",
                "sedan_02_door_2_2_grey"
            ]
        },
        {
            "ClassName": "sedan_02_wheel",
            "MaxPriceThreshold": 50,
            "MinPriceThreshold": 50,
            "SellPricePercent": 5,
            "MaxStockThreshold": 1,
            "MinStockThreshold": 1,
            "QuantityPercent": -1,
            "SpawnAttachments": [],
            "Variants": []
        },
        {
            "ClassName": "truck_01_hood",
            "MaxPriceThreshold": 100,
            "MinPriceThreshold": 100,
            "SellPricePercent": 5,
            "MaxStockThreshold": 1,
            "MinStockThreshold": 1,
            "QuantityPercent": -1,
            "SpawnAttachments": [],
            "Variants": [
                "truck_01_hood_blue",
                "truck_01_hood_orange"
            ]
        },
        {
            "ClassName": "truck_01_door_1_1",
            "MaxPriceThreshold": 100,
            "MinPriceThreshold": 100,
            "SellPricePercent": 5,
            "MaxStockThreshold": 1,
            "MinStockThreshold": 1,
            "QuantityPercent": -1,
            "SpawnAttachments": [],
            "Variants": [
                "truck_01_door_1_1_blue",
                "truck_01_door_1_1_orange"
            ]
        },
        {
            "ClassName": "truck_01_door_2_1",
            "MaxPriceThreshold": 100,
            "MinPriceThreshold": 100,
            "SellPricePercent": 5,
            "MaxStockThreshold": 1,
            "MinStockThreshold": 1,
            "QuantityPercent": -1,
            "SpawnAttachments": [],
            "Variants": [
                "truck_01_door_2_1_blue",
                "truck_01_door_2_1_orange"
            ]
        },
        {
            "ClassName": "truck_01_wheel",
            "MaxPriceThreshold": 100,
            "MinPriceThreshold": 100,
            "SellPricePercent": 5,
            "MaxStockThreshold": 1,
            "MinStockThreshold": 1,
            "QuantityPercent": -1,
            "SpawnAttachments": [],
            "Variants": []
        },
        {
            "ClassName": "truck_01_wheeldouble",
            "MaxPriceThreshold": 200,
            "MinPriceThreshold": 200,
            "SellPricePercent": 5,
            "MaxStockThreshold": 1,
            "MinStockThreshold": 1,
            "QuantityPercent": -1,
            "SpawnAttachments": [],
            "Variants": []
        },
        {
            "ClassName": "offroad_02_hood",
            "MaxPriceThreshold": 100,
            "MinPriceThreshold": 100,
            "SellPricePercent": 5,
            "MaxStockThreshold": 1,
            "MinStockThreshold": 1,
            "QuantityPercent": -1,
            "SpawnAttachments": [],
            "Variants": []
        },
        {
            "ClassName": "offroad_02_trunk",
            "MaxPriceThreshold": 100,
            "MinPriceThreshold": 100,
            "SellPricePercent": 5,
            "MaxStockThreshold": 1,
            "MinStockThreshold": 1,
            "QuantityPercent": -1,
            "SpawnAttachments": [],
            "Variants": []
        },
        {
            "ClassName": "offroad_02_door_1_1",
            "MaxPriceThreshold": 100,
            "MinPriceThreshold": 100,
            "SellPricePercent": 5,
            "MaxStockThreshold": 1,
            "MinStockThreshold": 1,
            "QuantityPercent": -1,
            "SpawnAttachments": [],
            "Variants": []
        },
        {
            "ClassName": "offroad_02_door_1_2",
            "MaxPriceThreshold": 100,
            "MinPriceThreshold": 100,
            "SellPricePercent": 5,
            "MaxStockThreshold": 1,
            "MinStockThreshold": 1,
            "QuantityPercent": -1,
            "SpawnAttachments": [],
            "Variants": []
        },
        {
            "ClassName": "offroad_02_door_2_1",
            "MaxPriceThreshold": 100,
            "MinPriceThreshold": 100,
            "SellPricePercent": 5,
            "MaxStockThreshold": 1,
            "MinStockThreshold": 1,
            "QuantityPercent": -1,
            "SpawnAttachments": [],
            "Variants": []
        },
        {
            "ClassName": "offroad_02_door_2_2",
            "MaxPriceThreshold": 100,
            "MinPriceThreshold": 100,
            "SellPricePercent": 5,
            "MaxStockThreshold": 1,
            "MinStockThreshold": 1,
            "QuantityPercent": -1,
            "SpawnAttachments": [],
            "Variants": []
        },
        {
            "ClassName": "offroad_02_wheel",
            "MaxPriceThreshold": 100,
            "MinPriceThreshold": 100,
            "SellPricePercent": 5,
            "MaxStockThreshold": 1,
            "MinStockThreshold": 1,
            "QuantityPercent": -1,
            "SpawnAttachments": [],
            "Variants": []
        },
        {
            "ClassName": "expansiontractordoorsdriver",
            "MaxPriceThreshold": 50,
            "MinPriceThreshold": 50,
            "SellPricePercent": 5,
            "MaxStockThreshold": 1,
            "MinStockThreshold": 1,
            "QuantityPercent": -1,
            "SpawnAttachments": [],
            "Variants": []
        },
        {
            "ClassName": "expansiontractordoorscodriver",
            "MaxPriceThreshold": 50,
            "MinPriceThreshold": 50,
            "SellPricePercent": 5,
            "MaxStockThreshold": 1,
            "MinStockThreshold": 1,
            "QuantityPercent": -1,
            "SpawnAttachments": [],
            "Variants": []
        },
        {
            "ClassName": "expansiontractorbackwheel",
            "MaxPriceThreshold": 50,
            "MinPriceThreshold": 50,
            "SellPricePercent": 5,
            "MaxStockThreshold": 1,
            "MinStockThreshold": 1,
            "QuantityPercent": -1,
            "SpawnAttachments": [],
            "Variants": []
        },
        {
            "ClassName": "expansiontractorfrontwheel",
            "MaxPriceThreshold": 50,
            "MinPriceThreshold": 50,
            "SellPricePercent": 5,
            "MaxStockThreshold": 1,
            "MinStockThreshold": 1,
            "QuantityPercent": -1,
            "SpawnAttachments": [],
            "Variants": []
        },
        {
            "ClassName": "expansionuazdoorhood",
            "MaxPriceThreshold": 100,
            "MinPriceThreshold": 100,
            "SellPricePercent": 5,
            "MaxStockThreshold": 1,
            "MinStockThreshold": 1,
            "QuantityPercent": -1,
            "SpawnAttachments": [],
            "Variants": []
        },
        {
            "ClassName": "expansionuazdoordriver",
            "MaxPriceThreshold": 100,
            "MinPriceThreshold": 100,
            "SellPricePercent": 5,
            "MaxStockThreshold": 1,
            "MinStockThreshold": 1,
            "QuantityPercent": -1,
            "SpawnAttachments": [],
            "Variants": []
        },
        {
            "ClassName": "expansionuazdoorcodriver",
            "MaxPriceThreshold": 100,
            "MinPriceThreshold": 100,
            "SellPricePercent": 5,
            "MaxStockThreshold": 1,
            "MinStockThreshold": 1,
            "QuantityPercent": -1,
            "SpawnAttachments": [],
            "Variants": []
        },
        {
            "ClassName": "expansionuazdoorcargo1",
            "MaxPriceThreshold": 100,
            "MinPriceThreshold": 100,
            "SellPricePercent": 5,
            "MaxStockThreshold": 1,
            "MinStockThreshold": 1,
            "QuantityPercent": -1,
            "SpawnAttachments": [],
            "Variants": []
        },
        {
            "ClassName": "expansionuazdoorcargo2",
            "MaxPriceThreshold": 100,
            "MinPriceThreshold": 100,
            "SellPricePercent": 5,
            "MaxStockThreshold": 1,
            "MinStockThreshold": 1,
            "QuantityPercent": -1,
            "SpawnAttachments": [],
            "Variants": []
        },
        {
            "ClassName": "expansionuazwheel",
            "MaxPriceThreshold": 100,
            "MinPriceThreshold": 100,
            "SellPricePercent": 5,
            "MaxStockThreshold": 1,
            "MinStockThreshold": 1,
            "QuantityPercent": -1,
            "SpawnAttachments": [],
            "Variants": []
        },
        {
            "ClassName": "expansion_landrover_hood",
            "MaxPriceThreshold": 100,
            "MinPriceThreshold": 100,
            "SellPricePercent": 5,
            "MaxStockThreshold": 1,
            "MinStockThreshold": 1,
            "QuantityPercent": -1,
            "SpawnAttachments": [],
            "Variants": []
        },
        {
            "ClassName": "expansion_landrover_driverdoor",
            "MaxPriceThreshold": 100,
            "MinPriceThreshold": 100,
            "SellPricePercent": 5,
            "MaxStockThreshold": 1,
            "MinStockThreshold": 1,
            "QuantityPercent": -1,
            "SpawnAttachments": [],
            "Variants": []
        },
        {
            "ClassName": "expansion_landrover_codriverdoor",
            "MaxPriceThreshold": 100,
            "MinPriceThreshold": 100,
            "SellPricePercent": 5,
            "MaxStockThreshold": 1,
            "MinStockThreshold": 1,
            "QuantityPercent": -1,
            "SpawnAttachments": [],
            "Variants": []
        },
        {
            "ClassName": "expansion_landrover_left",
            "MaxPriceThreshold": 100,
            "MinPriceThreshold": 100,
            "SellPricePercent": 5,
            "MaxStockThreshold": 1,
            "MinStockThreshold": 1,
            "QuantityPercent": -1,
            "SpawnAttachments": [],
            "Variants": []
        },
        {
            "ClassName": "expansion_landrover_right",
            "MaxPriceThreshold": 100,
            "MinPriceThreshold": 100,
            "SellPricePercent": 5,
            "MaxStockThreshold": 1,
            "MinStockThreshold": 1,
            "QuantityPercent": -1,
            "SpawnAttachments": [],
            "Variants": []
        },
        {
            "ClassName": "expansion_landrover_trunk",
            "MaxPriceThreshold": 100,
            "MinPriceThreshold": 100,
            "SellPricePercent": 5,
            "MaxStockThreshold": 1,
            "MinStockThreshold": 1,
            "QuantityPercent": -1,
            "SpawnAttachments": [],
            "Variants": []
        },
        {
            "ClassName": "expansion_landrover_wheel",
            "MaxPriceThreshold": 100,
            "MinPriceThreshold": 100,
            "SellPricePercent": 5,
            "MaxStockThreshold": 1,
            "MinStockThreshold": 1,
            "QuantityPercent": -1,
            "SpawnAttachments": [],
            "Variants": []
        },
        {
            "ClassName": "expansionvodnikdoordriver",
            "MaxPriceThreshold": 250,
            "MinPriceThreshold": 250,
            "SellPricePercent": 5,
            "MaxStockThreshold": 1,
            "MinStockThreshold": 1,
            "QuantityPercent": -1,
            "SpawnAttachments": [],
            "Variants": []
        },
        {
            "ClassName": "expansionvodnikdoorcodriver",
            "MaxPriceThreshold": 250,
            "MinPriceThreshold": 250,
            "SellPricePercent": 5,
            "MaxStockThreshold": 1,
            "MinStockThreshold": 1,
            "QuantityPercent": -1,
            "SpawnAttachments": [],
            "Variants": []
        },
        {
            "ClassName": "expansionvodnikwheel",
            "MaxPriceThreshold": 250,
            "MinPriceThreshold": 250,
            "SellPricePercent": 5,
            "MaxStockThreshold": 1,
            "MinStockThreshold": 1,
            "QuantityPercent": -1,
            "SpawnAttachments": [],
            "Variants": []
        },
        {
            "ClassName": "expansionbuswheel",
            "MaxPriceThreshold": 100,
            "MinPriceThreshold": 100,
            "SellPricePercent": 5,
            "MaxStockThreshold": 1,
            "MinStockThreshold": 1,
            "QuantityPercent": -1,
            "SpawnAttachments": [],
            "Variants": []
        },
        {
            "ClassName": "expansionbuswheeldouble",
            "MaxPriceThreshold": 200,
            "MinPriceThreshold": 200,
            "SellPricePercent": 5,
            "MaxStockThreshold": 1,
            "MinStockThreshold": 1,
            "QuantityPercent": -1,
            "SpawnAttachments": [],
            "Variants": []
        },
        {
            "ClassName": "bastard_izh_wheel",
            "MaxPriceThreshold": 50,
            "MinPriceThreshold": 50,
            "SellPricePercent": 5,
            "MaxStockThreshold": 1,
            "MinStockThreshold": 1,
            "QuantityPercent": -1,
            "SpawnAttachments": [],
            "Variants": []
        },
        {
            "ClassName": "SavageSherpa_Hood",
            "MaxPriceThreshold": 50,
            "MinPriceThreshold": 50,
            "SellPricePercent": 5,
            "MaxStockThreshold": 1,
            "MinStockThreshold": 1,
            "QuantityPercent": -1,
            "SpawnAttachments": [],
            "Variants": [
				"SavageSherpa_Black_hood",
				"SavageSherpa_Blue_hood",
				"SavageSherpa_Brown_hood",
				"SavageSherpa_Green_hood",
				"SavageSherpa_Mint_hood",
				"SavageSherpa_Pink_hood",
				"SavageSherpa_Purple_hood",
				"SavageSherpa_Red_hood",
				"SavageSherpa_Savage_hood"
			]
        },
        {
            "ClassName": "SavageSherpa_Cargo_hood",
            "MaxPriceThreshold": 50,
            "MinPriceThreshold": 50,
            "SellPricePercent": 5,
            "MaxStockThreshold": 1,
            "MinStockThreshold": 1,
            "QuantityPercent": -1,
            "SpawnAttachments": [],
            "Variants": [
				"SavageSherpa_Cargo_Black_hood"
			]
        }
    ]
}