{
    "m_Version": 12,
    "DisplayName": "#STR_EXPANSION_MARKET_CATEGORY_VESTS",
    "Icon": "Deliver",
    "Color": "FBFCFEFF",
    "IsExchange": 0,
    "InitStockPercent": 0.0,
    "Items": [
        {
            "ClassName": "reflexvest",
            "MaxPriceThreshold": 5,
            "MinPriceThreshold": 5,
            "SellPricePercent": -1.0,
            "MaxStockThreshold": 5,
            "MinStockThreshold": 1,
            "QuantityPercent": -1,
            "SpawnAttachments": [],
            "Variants": []
        },
        {
            "ClassName": "policevest",
            "MaxPriceThreshold": 25,
            "MinPriceThreshold": 25,
            "SellPricePercent": -1.0,
            "MaxStockThreshold": 5,
            "MinStockThreshold": 1,
            "QuantityPercent": -1,
            "SpawnAttachments": [],
            "Variants": []
        },
        {
            "ClassName": "pressvest_blue",
            "MaxPriceThreshold": 50,
            "MinPriceThreshold": 50,
            "SellPricePercent": -1.0,
            "MaxStockThreshold": 5,
            "MinStockThreshold": 1,
            "QuantityPercent": -1,
            "SpawnAttachments": [],
            "Variants": [
                "pressvest_lightblue",
				"zen_pressvest_black",
				"zen_pressvest_green",
				"zen_pressvest_green_camo",
				"zen_pressvest_black_camo"
            ]
        },
        {
            "ClassName": "ukassvest_black",
            "MaxPriceThreshold": 50,
            "MinPriceThreshold": 50,
            "SellPricePercent": -1.0,
            "MaxStockThreshold": 5,
            "MinStockThreshold": 1,
            "QuantityPercent": -1,
            "SpawnAttachments": [],
            "Variants": [
                "ukassvest_khaki",
                "ukassvest_olive",
                "ukassvest_camo"
            ]
        },
        {
            "ClassName": "highcapacityvest_black",
            "MaxPriceThreshold": 75,
            "MinPriceThreshold": 75,
            "SellPricePercent": -1.0,
            "MaxStockThreshold": 5,
            "MinStockThreshold": 1,
            "QuantityPercent": -1,
            "SpawnAttachments": [],
            "Variants": [
                "highcapacityvest_olive"
            ]
        },
        {
            "ClassName": "huntingvest",
            "MaxPriceThreshold": 100,
            "MinPriceThreshold": 100,
            "SellPricePercent": -1.0,
            "MaxStockThreshold": 5,
            "MinStockThreshold": 1,
            "QuantityPercent": -1,
            "SpawnAttachments": [],
            "Variants": [
				"zen_huntingvest_black"
			]
        },
        {
            "ClassName": "chestplate",
            "MaxPriceThreshold": 150,
            "MinPriceThreshold": 150,
            "SellPricePercent": -1.0,
            "MaxStockThreshold": 5,
            "MinStockThreshold": 1,
            "QuantityPercent": -1,
            "SpawnAttachments": [],
            "Variants": []
        }
    ]
}