{
    "ConfigVersion": 28,
    "ID": 10,
    "ObjectiveType": 4,
    "ObjectiveText": "Get a Bear Head",
    "TimeLimit": -1,
    "Active": 1,
    "Collections": [
        {
            "Amount": 1,
            "ClassName": "BearHead_black",
            "QuantityPercent": -1,
            "MinQuantityPercent": 0
        },
        {
            "Amount": 1,
            "ClassName": "BearHead_Polar",
            "QuantityPercent": -1,
            "MinQuantityPercent": 0
        }
    ],
    "ShowDistance": 1,
    "AddItemsToNearbyMarketZone": 0,
    "NeedAnyCollection": 1
}