{
    "ClassName": "",
    "Chance": 1.0,
    "Quantity": {
        "Min": 0.0,
        "Max": 0.0
    },
    "Health": [],
    "InventoryAttachments": [
        {
            "SlotName": "Headgear",
            "Items": [
                {
                    "ClassName": "Zen_Mich2001Helmet_Zenarchist",
                    "Chance": 1.0,
                    "Quantity": {
                        "Min": 0.0,
                        "Max": 0.0
                    },
                    "Health": [],
                    "InventoryAttachments": [],
                    "InventoryCargo": [],
                    "ConstructionPartsBuilt": [],
                    "Sets": []
                }
            ]
        },
		{
            "SlotName": "Eyes",
            "Items": [
                {
                    "ClassName": "AviatorGlasses",
                    "Chance": 0.6,
                    "Quantity": {
                        "Min": 0.0,
                        "Max": 0.0
                    },
                    "Health": [],
                    "InventoryAttachments": [],
                    "InventoryCargo": [],
                    "ConstructionPartsBuilt": [],
                    "Sets": []
                },
				{
                    "ClassName": "TacticalGoggles",
                    "Chance": 0.25,
                    "Quantity": {
                        "Min": 0.0,
                        "Max": 0.0
                    },
                    "Health": [],
                    "InventoryAttachments": [],
                    "InventoryCargo": [],
                    "ConstructionPartsBuilt": [],
                    "Sets": []
                }
            ]
        },
        {
            "SlotName": "Body",
            "Items": [
                {
                    "ClassName": "Zen_TacticalShirt_Zenarchist",
                    "Chance": 1.0,
                    "Quantity": {
                        "Min": 0.0,
                        "Max": 0.0
                    },
                    "Health": [],
                    "InventoryAttachments": [],
                    "InventoryCargo": [
						{
							"ClassName": "Mag_STANAG_30Rnd",
							"Chance": 1.0,	
							"Quantity": {
								"Min": 0.0,
								"Max": 0.0
							},
							"Health": [],
							"InventoryAttachments": [],
							"InventoryCargo": [],
							"ConstructionPartsBuilt": [],
							"Sets": []
						},
						{
							"ClassName": "Mag_STANAG_30Rnd",
							"Chance": 1.0,	
							"Quantity": {
								"Min": 0.0,
								"Max": 0.0
							},
							"Health": [],
							"InventoryAttachments": [],
							"InventoryCargo": [],
							"ConstructionPartsBuilt": [],
							"Sets": []
						},
						{
							"ClassName": "Mag_STANAG_30Rnd",
							"Chance": 1.0,	
							"Quantity": {
								"Min": 0.0,
								"Max": 0.0
							},
							"Health": [],
							"InventoryAttachments": [],
							"InventoryCargo": [],
							"ConstructionPartsBuilt": [],
							"Sets": []
						},
						{
							"ClassName": "Mag_STANAG_30Rnd",
							"Chance": 1.0,	
							"Quantity": {
								"Min": 0.0,
								"Max": 0.0
							},
							"Health": [],
							"InventoryAttachments": [],
							"InventoryCargo": [],
							"ConstructionPartsBuilt": [],
							"Sets": []
						},
						{
							"ClassName": "Mag_STANAG_30Rnd",
							"Chance": 1.0,	
							"Quantity": {
								"Min": 0.0,
								"Max": 0.0
							},
							"Health": [],
							"InventoryAttachments": [],
							"InventoryCargo": [],
							"ConstructionPartsBuilt": [],
							"Sets": []
						},
						{
							"ClassName": "BandageDressing",
							"Chance": 1.0,	
							"Quantity": {
								"Min": 0.0,
								"Max": 0.0
							},
							"Health": [],
							"InventoryAttachments": [],
							"InventoryCargo": [],
							"ConstructionPartsBuilt": [],
							"Sets": []
						}
					],
                    "ConstructionPartsBuilt": [],
                    "Sets": []
                }
            ]
        },
        {
            "SlotName": "Vest",
            "Items": [
                {
                    "ClassName": "Zen_PlateCarrierVest_Black",
                    "Chance": 1.0,
                    "Quantity": {
                        "Min": 0.0,
                        "Max": 0.0
                    },
                    "Health": [],
                    "InventoryAttachments": [],
                    "InventoryCargo": [],
                    "ConstructionPartsBuilt": [],
                    "Sets": []
                }
            ]
        },
        {
            "SlotName": "Gloves",
            "Items": [
                {
                    "ClassName": "WorkingGloves_Black",
                    "Chance": 1.0,
                    "Quantity": {
                        "Min": 0.0,
                        "Max": 0.0
                    },
                    "Health": [],
                    "InventoryAttachments": [],
                    "InventoryCargo": [],
                    "ConstructionPartsBuilt": [],
                    "Sets": []
                }
            ]
        },
        {
            "SlotName": "Legs",
            "Items": [
                {
                    "ClassName": "CargoPants_Black",
                    "Chance": 1.0,
                    "Quantity": {
                        "Min": 0.0,
                        "Max": 0.0
                    },
                    "Health": [],
                    "InventoryAttachments": [],
                    "InventoryCargo": [
						{
							"ClassName": "Mag_STANAG_30Rnd",
							"Chance": 1.0,	
							"Quantity": {
								"Min": 0.0,
								"Max": 0.0
							},
							"Health": [],
							"InventoryAttachments": [],
							"InventoryCargo": [],
							"ConstructionPartsBuilt": [],
							"Sets": []
						},
						{
							"ClassName": "Mag_STANAG_30Rnd",
							"Chance": 1.0,	
							"Quantity": {
								"Min": 0.0,
								"Max": 0.0
							},
							"Health": [],
							"InventoryAttachments": [],
							"InventoryCargo": [],
							"ConstructionPartsBuilt": [],
							"Sets": []
						},
						{
							"ClassName": "Mag_STANAG_30Rnd",
							"Chance": 1.0,	
							"Quantity": {
								"Min": 0.0,
								"Max": 0.0
							},
							"Health": [],
							"InventoryAttachments": [],
							"InventoryCargo": [],
							"ConstructionPartsBuilt": [],
							"Sets": []
						},
						{
							"ClassName": "Mag_STANAG_30Rnd",
							"Chance": 1.0,	
							"Quantity": {
								"Min": 0.0,
								"Max": 0.0
							},
							"Health": [],
							"InventoryAttachments": [],
							"InventoryCargo": [],
							"ConstructionPartsBuilt": [],
							"Sets": []
						},
						{
							"ClassName": "Mag_STANAG_30Rnd",
							"Chance": 1.0,	
							"Quantity": {
								"Min": 0.0,
								"Max": 0.0
							},
							"Health": [],
							"InventoryAttachments": [],
							"InventoryCargo": [],
							"ConstructionPartsBuilt": [],
							"Sets": []
						},
						{
							"ClassName": "BandageDressing",
							"Chance": 1.0,	
							"Quantity": {
								"Min": 0.0,
								"Max": 0.0
							},
							"Health": [],
							"InventoryAttachments": [],
							"InventoryCargo": [],
							"ConstructionPartsBuilt": [],
							"Sets": []
						}
					],
                    "ConstructionPartsBuilt": [],
                    "Sets": []
                }
            ]
        },
        {
            "SlotName": "Feet",
            "Items": [
                {
                    "ClassName": "CombatBoots_Black",
                    "Chance": 1.0,
                    "Quantity": {
                        "Min": 0.0,
                        "Max": 0.0
                    },
                    "Health": [],
                    "InventoryAttachments": [],
                    "InventoryCargo": [],
                    "ConstructionPartsBuilt": [],
                    "Sets": []
                }
            ]
        },
        {
            "SlotName": "Armband",
            "Items": [
                {
                    "ClassName": "Armband_Trader",
                    "Chance": 1.0,
                    "Quantity": {
                        "Min": 0.0,
                        "Max": 0.0
                    },
                    "Health": [],
                    "InventoryAttachments": [],
                    "InventoryCargo": [],
                    "ConstructionPartsBuilt": [],
                    "Sets": []
                }
            ]
        },
		{
			"SlotName": "Shoulder",
			"Items": [
				{
					"ClassName": "M4A1",
					"Chance": 1.0,
					"Quantity": {
						"Min": 0.0,
						"Max": 0.0
					},
					"Health": [],
					"InventoryAttachments": [
						{
							"SlotName": "",
							"Items": [
								{
									"ClassName": "M4_CQBBttstck",
									"Chance": 1.0,
									"Quantity": {
										"Min": 0.0,
										"Max": 0.0
									},
									"Health": [],
									"InventoryAttachments": [],
									"InventoryCargo": [],
									"ConstructionPartsBuilt": [],
									"Sets": []
								},
								{
									"ClassName": "M4_RISHndgrd",
									"Chance": 1.0,
									"Quantity": {
										"Min": 0.0,
										"Max": 0.0
									},
									"Health": [],
									"InventoryAttachments": [],
									"InventoryCargo": [],
									"ConstructionPartsBuilt": [],
									"Sets": []
								},
								{
									"ClassName": "Mag_STANAG_30Rnd",
									"Chance": 1.0,	
									"Quantity": {
										"Min": 0.0,
										"Max": 0.0
									},
									"Health": [],
									"InventoryAttachments": [],
									"InventoryCargo": [],
									"ConstructionPartsBuilt": [],
									"Sets": []
								},
								{
									"ClassName": "ReflexOptic",
									"Chance": 1.0,
									"Quantity": {
										"Min": 0.0,
										"Max": 0.0
									},
									"Health": [],
									"InventoryAttachments": [
										{
											"SlotName": "",
											"Items": [
												{
													"ClassName": "Battery9V",
													"Chance": 1.0,
													"Quantity": {
														"Min": 0.0,
														"Max": 0.0
													},
													"Health": [],
													"InventoryAttachments": [],
													"InventoryCargo": [],
													"ConstructionPartsBuilt": [],
													"Sets": []
												}
											]
										}
									],
									"InventoryCargo": [],
									"ConstructionPartsBuilt": [],
									"Sets": []
								},
								{
									"ClassName": "Expansion_ANPEQ15_Green",
									"Chance": 1.0,
									"Quantity": {
										"Min": 0.0,
										"Max": 0.0
									},
									"Health": [],
									"InventoryAttachments": [
										{
											"SlotName": "",
											"Items": [
												{
													"ClassName": "Battery9V",
													"Chance": 1.0,
													"Quantity": {
														"Min": 0.0,
														"Max": 0.0
													},
													"Health": [],
													"InventoryAttachments": [],
													"InventoryCargo": [],
													"ConstructionPartsBuilt": [],
													"Sets": []
												}
											]
										}
									],
									"InventoryCargo": [],
									"ConstructionPartsBuilt": [],
									"Sets": []
								}
							]
						}
					],
					"InventoryCargo": [],
					"ConstructionPartsBuilt": [],
					"Sets": []
				}
			]
		}
	],
    "InventoryCargo": [],
    "ConstructionPartsBuilt": [],
    "Sets": []
}