{
    "ClassName": "",
    "Chance": 1.0,
    "Quantity": {
        "Min": 0.0,
        "Max": 0.0
    },
    "Health": [],
    "InventoryAttachments": [
        {
            "SlotName": "Headgear",
            "Items": [
                {
                    "ClassName": "DarkMotoHelmet_YellowScarred",
                    "Chance": 1.0,
                    "Quantity": {
                        "Min": 0.0,
                        "Max": 0.0
                    },
                    "Health": [
                        {
                            "Min": 0.699999988079071,
                            "Max": 1.0,
                            "Zone": ""
                        }
                    ],
                    "InventoryAttachments": [],
                    "InventoryCargo": [],
                    "ConstructionPartsBuilt": [],
                    "Sets": []
                }
            ]
        },
        {
            "SlotName": "Mask",
            "Items": [
                {
                    "ClassName": "BalaclavaMask_Black",
                    "Chance": 1.0,
                    "Quantity": {
                        "Min": 0.0,
                        "Max": 0.0
                    },
                    "Health": [
                        {
                            "Min": 0.699999988079071,
                            "Max": 1.0,
                            "Zone": ""
                        }
                    ],
                    "InventoryAttachments": [],
                    "InventoryCargo": [],
                    "ConstructionPartsBuilt": [],
                    "Sets": []
                }
            ]
        },
        {
            "SlotName": "Body",
            "Items": [
                {
                    "ClassName": "TacticalShirt_Black",
                    "Chance": 1.0,
                    "Quantity": {
                        "Min": 0.0,
                        "Max": 0.0
                    },
                    "Health": [
                        {
                            "Min": 0.699999988079071,
                            "Max": 1.0,
                            "Zone": ""
                        }
                    ],
                    "InventoryAttachments": [],
                    "InventoryCargo": [
						{
							"ClassName": "Mag_IJ70_8Rnd",
							"Chance": 1.0,	
							"Quantity": {
								"Min": 0.0,
								"Max": 0.0
							},
							"Health": [],
							"InventoryAttachments": [],
							"InventoryCargo": [],
							"ConstructionPartsBuilt": [],
							"Sets": []
						},
						{
							"ClassName": "Mag_IJ70_8Rnd",
							"Chance": 1.0,	
							"Quantity": {
								"Min": 0.0,
								"Max": 0.0
							},
							"Health": [],
							"InventoryAttachments": [],
							"InventoryCargo": [],
							"ConstructionPartsBuilt": [],
							"Sets": []
						},
						{
							"ClassName": "Mag_IJ70_8Rnd",
							"Chance": 1.0,	
							"Quantity": {
								"Min": 0.0,
								"Max": 0.0
							},
							"Health": [],
							"InventoryAttachments": [],
							"InventoryCargo": [],
							"ConstructionPartsBuilt": [],
							"Sets": []
						}
					],
                    "ConstructionPartsBuilt": [],
                    "Sets": []
                }
            ]
        },
        {
            "SlotName": "Vest",
            "Items": [
                {
                    "ClassName": "PlateCarrierVest_Black",
                    "Chance": 1.0,
                    "Quantity": {
                        "Min": 0.0,
                        "Max": 0.0
                    },
                    "Health": [
                        {
                            "Min": 0.699999988079071,
                            "Max": 1.0,
                            "Zone": ""
                        }
                    ],
                    "InventoryAttachments": [
                        {
                            "SlotName": "",
                            "Items": [
                                {
                                    "ClassName": "PlateCarrierHolster_Black",
                                    "Chance": 1.0,
                                    "Quantity": {
                                        "Min": 0.0,
                                        "Max": 0.0
                                    },
                                    "Health": [],
                                    "InventoryAttachments": [],
                                    "InventoryCargo": [],
                                    "ConstructionPartsBuilt": [],
                                    "Sets": []
                                },
                                {
                                    "ClassName": "PlateCarrierPouches_Black",
                                    "Chance": 1.0,
                                    "Quantity": {
                                        "Min": 0.0,
                                        "Max": 0.0
                                    },
                                    "Health": [],
                                    "InventoryAttachments": [],
                                    "InventoryCargo": [],
                                    "ConstructionPartsBuilt": [],
                                    "Sets": []
                                }
                            ]
                        }
                    ],
                    "InventoryCargo": [],
                    "ConstructionPartsBuilt": [],
                    "Sets": []
                }
            ]
        },
        {
            "SlotName": "Gloves",
            "Items": [
                {
                    "ClassName": "TacticalGloves_Black",
                    "Chance": 1.0,
                    "Quantity": {
                        "Min": 0.0,
                        "Max": 0.0
                    },
                    "Health": [
                        {
                            "Min": 0.699999988079071,
                            "Max": 1.0,
                            "Zone": ""
                        }
                    ],
                    "InventoryAttachments": [],
                    "InventoryCargo": [],
                    "ConstructionPartsBuilt": [],
                    "Sets": []
                }
            ]
        },
        {
            "SlotName": "Legs",
            "Items": [
                {
                    "ClassName": "CargoPants_Black",
                    "Chance": 1.0,
                    "Quantity": {
                        "Min": 0.0,
                        "Max": 0.0
                    },
                    "Health": [
                        {
                            "Min": 0.699999988079071,
                            "Max": 1.0,
                            "Zone": ""
                        }
                    ],
                    "InventoryAttachments": [],
                    "InventoryCargo": [],
                    "ConstructionPartsBuilt": [],
                    "Sets": []
                }
            ]
        },
        {
            "SlotName": "Feet",
            "Items": [
                {
                    "ClassName": "MilitaryBoots_Black",
                    "Chance": 1.0,
                    "Quantity": {
                        "Min": 0.0,
                        "Max": 0.0
                    },
                    "Health": [
                        {
                            "Min": 0.699999988079071,
                            "Max": 1.0,
                            "Zone": ""
                        }
                    ],
                    "InventoryAttachments": [],
                    "InventoryCargo": [],
                    "ConstructionPartsBuilt": [],
                    "Sets": []
                }
            ]
        },
		{
			"SlotName": "Hands",
			"Items": [
				{
					"ClassName": "MakarovIJ70",
					"Chance": 1.0,
					"Quantity": {
						"Min": 0.0,
						"Max": 0.0
					},
					"Health": [],
					"InventoryAttachments": [
						{
							"SlotName": "",
							"Items": [
								{
									"ClassName": "Mag_IJ70_8Rnd",
									"Chance": 1.0,
									"Quantity": {
										"Min": 0.0,
										"Max": 0.0
									},
									"Health": [],
									"InventoryAttachments": [],
									"InventoryCargo": [],
									"ConstructionPartsBuilt": [],
									"Sets": []
								}
							]
						}
					],
					"InventoryCargo": [],
					"ConstructionPartsBuilt": [],
					"Sets": []
				}
			]
		}
    ],
    "InventoryCargo": [],
    "ConstructionPartsBuilt": [],
    "Sets": []
}