{
    "ClassName": "",
    "Chance": 1.0,
    "Quantity": {
        "Min": 0.0,
        "Max": 0.0
    },
    "Health": [],
    "InventoryAttachments": [
		{
            "SlotName": "Eyes",
            "Items": [
                {
                    "ClassName": "Headtorch_Grey",
                    "Chance": 1.0,
                    "Quantity": {
                        "Min": 0.0,
                        "Max": 0.0
                    },
                    "Health": [
						{
                            "Min": 0.01,
                            "Max": 0.1,
                            "Zone": ""
                        }
					],
                    "InventoryAttachments": [
						{
							"SlotName": "",
							"Items": [
								{
									"ClassName": "Battery9V",
									"Chance": 1.0,
									"Quantity": {
										"Min": 0.0,
										"Max": 0.0
									},
									"Health": [],
									"InventoryAttachments": [],
									"InventoryCargo": [],
									"ConstructionPartsBuilt": [],
									"Sets": []
								}
							]
						}
					],
                    "InventoryCargo": [],
                    "ConstructionPartsBuilt": [],
                    "Sets": []
                },
				{
                    "ClassName": "Headtorch_Black",
                    "Chance": 1.0,
                    "Quantity": {
                        "Min": 0.0,
                        "Max": 0.0
                    },
                    "Health": [
						{
                            "Min": 0.01,
                            "Max": 0.1,
                            "Zone": ""
                        }
					],
                    "InventoryAttachments": [
						{
							"SlotName": "",
							"Items": [
								{
									"ClassName": "Battery9V",
									"Chance": 1.0,
									"Quantity": {
										"Min": 0.0,
										"Max": 0.0
									},
									"Health": [],
									"InventoryAttachments": [],
									"InventoryCargo": [],
									"ConstructionPartsBuilt": [],
									"Sets": []
								}
							]
						}
					],
                    "InventoryCargo": [],
                    "ConstructionPartsBuilt": [],
                    "Sets": []
                }
            ]
        },
		{
            "SlotName": "Headgear",
            "Items": [
                {
                    "ClassName": "NBCHoodGray",
                    "Chance": 1.0,
                    "Quantity": {
                        "Min": 0.0,
                        "Max": 0.0
                    },
                    "Health": [],
                    "InventoryAttachments": [],
                    "InventoryCargo": [],
                    "ConstructionPartsBuilt": [],
                    "Sets": []
                },
				{
                    "ClassName": "NBCHoodYellow",
                    "Chance": 1.0,
                    "Quantity": {
                        "Min": 0.0,
                        "Max": 0.0
                    },
                    "Health": [],
                    "InventoryAttachments": [],
                    "InventoryCargo": [],
                    "ConstructionPartsBuilt": [],
                    "Sets": []
                }
            ]
        },
		{
            "SlotName": "Armband",
            "Items": [
                {
                    "ClassName": "Armband_DoubleZenYellowKing",
                    "Chance": 1.0,
                    "Quantity": {
                        "Min": 0.0,
                        "Max": 0.0
                    },
                    "Health": [
                        {
                            "Min": 0.699999988079071,
                            "Max": 1.0,
                            "Zone": ""
                        }
                    ],
                    "InventoryAttachments": [],
                    "InventoryCargo": [],
                    "ConstructionPartsBuilt": [],
                    "Sets": []
                }
            ]
        },
        {
            "SlotName": "Body",
            "Items": [
                {
                    "ClassName": "NBCJacketGray",
                    "Chance": 1.0,
                    "Quantity": {
                        "Min": 0.0,
                        "Max": 0.0
                    },
                    "Health": [
                        {
                            "Min": 0.699999988079071,
                            "Max": 1.0,
                            "Zone": ""
                        }
                    ],
                    "InventoryAttachments": [],
                    "InventoryCargo": [],
                    "ConstructionPartsBuilt": [],
                    "Sets": []
                },
                {
                    "ClassName": "NBCJacketYellow",
                    "Chance": 1.0,
                    "Quantity": {
                        "Min": 0.0,
                        "Max": 0.0
                    },
                    "Health": [
                        {
                            "Min": 0.699999988079071,
                            "Max": 1.0,
                            "Zone": ""
                        }
                    ],
                    "InventoryAttachments": [],
                    "InventoryCargo": [],
                    "ConstructionPartsBuilt": [],
                    "Sets": []
                }
            ]
        },
        {
            "SlotName": "Legs",
            "Items": [
                {
                    "ClassName": "NBCPantsGray",
                    "Chance": 1.0,
                    "Quantity": {
                        "Min": 0.0,
                        "Max": 0.0
                    },
                    "Health": [
                        {
                            "Min": 0.699999988079071,
                            "Max": 1.0,
                            "Zone": ""
                        }
                    ],
                    "InventoryAttachments": [],
                    "InventoryCargo": [],
                    "ConstructionPartsBuilt": [],
                    "Sets": []
                },
                {
                    "ClassName": "NBCPantsYellow",
                    "Chance": 1.0,
                    "Quantity": {
                        "Min": 0.0,
                        "Max": 0.0
                    },
                    "Health": [
                        {
                            "Min": 0.699999988079071,
                            "Max": 1.0,
                            "Zone": ""
                        }
                    ],
                    "InventoryAttachments": [],
                    "InventoryCargo": [],
                    "ConstructionPartsBuilt": [],
                    "Sets": []
                }
            ]
        },
        {
            "SlotName": "Feet",
            "Items": [
                {
                    "ClassName": "NBCBootsGray",
                    "Chance": 1.0,
                    "Quantity": {
                        "Min": 0.0,
                        "Max": 0.0
                    },
                    "Health": [
                        {
                            "Min": 0.699999988079071,
                            "Max": 1.0,
                            "Zone": ""
                        }
                    ],
                    "InventoryAttachments": [],
                    "InventoryCargo": [],
                    "ConstructionPartsBuilt": [],
                    "Sets": []
                },
                {
                    "ClassName": "NBCBootsYellow",
                    "Chance": 1.0,
                    "Quantity": {
                        "Min": 0.0,
                        "Max": 0.0
                    },
                    "Health": [
                        {
                            "Min": 0.699999988079071,
                            "Max": 1.0,
                            "Zone": ""
                        }
                    ],
                    "InventoryAttachments": [],
                    "InventoryCargo": [],
                    "ConstructionPartsBuilt": [],
                    "Sets": []
                }
            ]
        },
        {
            "SlotName": "Gloves",
            "Items": [
                {
                    "ClassName": "NBCGlovesGray",
                    "Chance": 1.0,
                    "Quantity": {
                        "Min": 0.0,
                        "Max": 0.0
                    },
                    "Health": [
                        {
                            "Min": 0.699999988079071,
                            "Max": 1.0,
                            "Zone": ""
                        }
                    ],
                    "InventoryAttachments": [],
                    "InventoryCargo": [],
                    "ConstructionPartsBuilt": [],
                    "Sets": []
                },
                {
                    "ClassName": "NBCGlovesYellow",
                    "Chance": 1.0,
                    "Quantity": {
                        "Min": 0.0,
                        "Max": 0.0
                    },
                    "Health": [
                        {
                            "Min": 0.699999988079071,
                            "Max": 1.0,
                            "Zone": ""
                        }
                    ],
                    "InventoryAttachments": [],
                    "InventoryCargo": [],
                    "ConstructionPartsBuilt": [],
                    "Sets": []
                }
            ]
        },
        {
            "SlotName": "MASK",
            "Items": [
                {
                    "ClassName": "GasMask",
                    "Chance": 1.0,
                    "Quantity": {
                        "Min": 0.05,
                        "Max": 0.2
                    },
                    "Health": [
                        {
                            "Min": 0.699999988079071,
                            "Max": 1.0,
                            "Zone": ""
                        }
                    ],
                    "InventoryAttachments": [],
                    "InventoryCargo": [],
                    "ConstructionPartsBuilt": [],
                    "Sets": []
                }
            ]
        },
        {
            "SlotName": "Vest",
            "Items": [
                {
                    "ClassName": "Defender_Vest_Classic",
                    "Chance": 1.0,
                    "Quantity": {
                        "Min": 0.0,
                        "Max": 0.0
                    },
                    "Health": [
                        {
                            "Min": 0.699999988079071,
                            "Max": 1.0,
                            "Zone": ""
                        }
                    ],
                    "InventoryAttachments": [
						{
							"ClassName": "RGD5Grenade",
							"Chance": 0.1,
							"Quantity": {
								"Min": 0.0,
								"Max": 0.0
							},
							"Health": [
								{
									"Min": 0.01,
									"Max": 0.02,
									"Zone": ""
								}
							],
							"InventoryAttachments": [],
							"InventoryCargo": [],
							"ConstructionPartsBuilt": [],
							"Sets": []
						}
					],
                    "InventoryCargo": [],
                    "ConstructionPartsBuilt": [],
                    "Sets": []
                },
                {
                    "ClassName": "Defender_Vest_Green",
                    "Chance": 1.0,
                    "Quantity": {
                        "Min": 0.0,
                        "Max": 0.0
                    },
                    "Health": [
                        {
                            "Min": 0.699999988079071,
                            "Max": 1.0,
                            "Zone": ""
                        }
                    ],
                    "InventoryAttachments": [
						{
							"ClassName": "RGD5Grenade",
							"Chance": 0.1,
							"Quantity": {
								"Min": 0.0,
								"Max": 0.0
							},
							"Health": [
								{
									"Min": 0.01,
									"Max": 0.02,
									"Zone": ""
								}
							],
							"InventoryAttachments": [],
							"InventoryCargo": [],
							"ConstructionPartsBuilt": [],
							"Sets": []
						}
					],
                    "InventoryCargo": [],
                    "ConstructionPartsBuilt": [],
                    "Sets": []
                },
                {
                    "ClassName": "Defender_Vest_Black",
                    "Chance": 1.0,
                    "Quantity": {
                        "Min": 0.0,
                        "Max": 0.0
                    },
                    "Health": [
                        {
                            "Min": 0.699999988079071,
                            "Max": 1.0,
                            "Zone": ""
                        }
                    ],
                    "InventoryAttachments": [
						{
							"ClassName": "RGD5Grenade",
							"Chance": 0.1,
							"Quantity": {
								"Min": 0.0,
								"Max": 0.0
							},
							"Health": [
								{
									"Min": 0.01,
									"Max": 0.02,
									"Zone": ""
								}
							],
							"InventoryAttachments": [],
							"InventoryCargo": [],
							"ConstructionPartsBuilt": [],
							"Sets": []
						}
					],
                    "InventoryCargo": [],
                    "ConstructionPartsBuilt": [],
                    "Sets": []
                }
            ]
        },
        {
            "SlotName": "Hips",
            "Items": [
                {
                    "ClassName": "MilitaryBelt",
                    "Chance": 0.20000000298023225,
                    "Quantity": {
                        "Min": 0.0,
                        "Max": 0.0
                    },
                    "Health": [
                        {
                            "Min": 0.699999988079071,
                            "Max": 1.0,
                            "Zone": ""
                        }
                    ],
                    "InventoryAttachments": [],
                    "InventoryCargo": [],
                    "ConstructionPartsBuilt": [],
                    "Sets": []
                }
            ]
        },
        {
            "SlotName": "Melee",
            "Items": [
				{
				  "ClassName": "BarbedBaseballBat",
				  "Chance": 0.05000000074505806,
				  "Quantity": {
					"Min": 0.0,
					"Max": 0.0
				  },
				  "Health": [
					{
					  "Min": 0.699999988079071,
					  "Max": 1.0,
					  "Zone": ""
					}
				  ],
				  "InventoryAttachments": [],
				  "InventoryCargo": [],
				  "ConstructionPartsBuilt": [],
				  "Sets": []
				},
				{
				  "ClassName": "NailedBaseballBat",
				  "Chance": 0.05000000074505806,
				  "Quantity": {
					"Min": 0.0,
					"Max": 0.0
				  },
				  "Health": [
					{
					  "Min": 0.699999988079071,
					  "Max": 1.0,
					  "Zone": ""
					}
				  ],
				  "InventoryAttachments": [],
				  "InventoryCargo": [],
				  "ConstructionPartsBuilt": [],
				  "Sets": []
				},
				{
				  "ClassName": "SLC_Wakazashi",
				  "Chance": 0.05000000074505806,
				  "Quantity": {
					"Min": 0.0,
					"Max": 0.0
				  },
				  "Health": [
					{
					  "Min": 0.699999988079071,
					  "Max": 1.0,
					  "Zone": ""
					}
				  ],
				  "InventoryAttachments": [],
				  "InventoryCargo": [],
				  "ConstructionPartsBuilt": [],
				  "Sets": []
				},
				{
				  "ClassName": "SLC_Tachi",
				  "Chance": 0.05000000074505806,
				  "Quantity": {
					"Min": 0.0,
					"Max": 0.0
				  },
				  "Health": [
					{
					  "Min": 0.699999988079071,
					  "Max": 1.0,
					  "Zone": ""
					}
				  ],
				  "InventoryAttachments": [],
				  "InventoryCargo": [],
				  "ConstructionPartsBuilt": [],
				  "Sets": []
				},
				{
				  "ClassName": "SLC_Katana",
				  "Chance": 0.05000000074505806,
				  "Quantity": {
					"Min": 0.0,
					"Max": 0.0
				  },
				  "Health": [
					{
					  "Min": 0.699999988079071,
					  "Max": 1.0,
					  "Zone": ""
					}
				  ],
				  "InventoryAttachments": [],
				  "InventoryCargo": [],
				  "ConstructionPartsBuilt": [],
				  "Sets": []
				}
            ]
        }
    ],
    "InventoryCargo": [
		{
			"ClassName": "ZenTreasure_RandomPhoto",
			  "Chance": 0.1,
			  "Quantity": {
				"Min": 0.0,
				"Max": 0.0
			  },
			  "Health": [],
			  "InventoryAttachments": [],
			  "InventoryCargo": [],
			  "ConstructionPartsBuilt": [],
			  "Sets": []
		},
		{
			"ClassName": "ZenCasinoChips_Red",
			  "Chance": 0.1,
			  "Quantity": {
				"Min": 10.0,
				"Max": 100.0
			  },
			  "Health": [],
			  "InventoryAttachments": [],
			  "InventoryCargo": [],
			  "ConstructionPartsBuilt": [],
			  "Sets": []
		},
		{
			"ClassName": "Expansion_Ammo_FlareSupplyRed",
			  "Chance": 0.1,
			  "Quantity": {
				"Min": 0.0,
				"Max": 0.0
			  },
			  "Health": [],
			  "InventoryAttachments": [],
			  "InventoryCargo": [],
			  "ConstructionPartsBuilt": [],
			  "Sets": []
		}
	],
    "ConstructionPartsBuilt": [],
    "Sets": [
    {
      "ClassName": "WEAPON",
      "Chance": 1.0,
      "Quantity": {
        "Min": 0.0,
        "Max": 0.0
      },
      "Health": [],
      "InventoryAttachments": [
        {
          "SlotName": "Shoulder",
          "Items": [
            {
              "ClassName": "MP5K",
              "Chance": 1.0,
              "Quantity": {
                "Min": 0.0,
                "Max": 0.0
              },
              "Health": [],
              "InventoryAttachments": [
                {
                  "SlotName": "",
                  "Items": [
                    {
                      "ClassName": "Mag_MP5_30Rnd",
                      "Chance": 0.800000011920929,
                      "Quantity": {
                        "Min": 0.0,
                        "Max": 0.0
                      },
                      "Health": [],
                      "InventoryAttachments": [],
                      "InventoryCargo": [],
                      "ConstructionPartsBuilt": [],
                      "Sets": []
                    },
                    {
                      "ClassName": "Mag_MP5_15Rnd",
                      "Chance": 1.0,
                      "Quantity": {
                        "Min": 0.0,
                        "Max": 0.0
                      },
                      "Health": [],
                      "InventoryAttachments": [],
                      "InventoryCargo": [],
                      "ConstructionPartsBuilt": [],
                      "Sets": []
                    },
                    {
                      "ClassName": "MP5k_StockBttstck",
                      "Chance": 0.800000011920929,
                      "Quantity": {
                        "Min": 0.0,
                        "Max": 0.0
                      },
                      "Health": [],
                      "InventoryAttachments": [],
                      "InventoryCargo": [],
                      "ConstructionPartsBuilt": [],
                      "Sets": []
                    },
                    {
                      "ClassName": "MP5_PlasticHndgrd",
                      "Chance": 0.800000011920929,
                      "Quantity": {
                        "Min": 0.0,
                        "Max": 0.0
                      },
                      "Health": [],
                      "InventoryAttachments": [],
                      "InventoryCargo": [],
                      "ConstructionPartsBuilt": [],
                      "Sets": []
                    },
                    {
                      "ClassName": "MP5_RailHndgrd",
                      "Chance": 1.0,
                      "Quantity": {
                        "Min": 0.0,
                        "Max": 0.0
                      },
                      "Health": [],
                      "InventoryAttachments": [],
                      "InventoryCargo": [],
                      "ConstructionPartsBuilt": [],
                      "Sets": []
                    },
                    {
                      "ClassName": "MP5_Compensator",
                      "Chance": 0.20000000298023225,
                      "Quantity": {
                        "Min": 0.0,
                        "Max": 0.0
                      },
                      "Health": [],
                      "InventoryAttachments": [],
                      "InventoryCargo": [],
                      "ConstructionPartsBuilt": [],
                      "Sets": []
                    },
                    {
                      "ClassName": "ReflexOptic",
                      "Chance": 0.10000000149011612,
                      "Quantity": {
                        "Min": 0.0,
                        "Max": 0.0
                      },
                      "Health": [],
                      "InventoryAttachments": [
                        {
                          "SlotName": "",
                          "Items": [
                            {
                              "ClassName": "Battery9V",
                              "Chance": 1.0,
                              "Quantity": {
                                "Min": 0.0,
                                "Max": 0.0
                              },
                              "Health": [],
                              "InventoryAttachments": [],
                              "InventoryCargo": [],
                              "ConstructionPartsBuilt": [],
                              "Sets": []
                            }
                          ]
                        }
                      ],
                      "InventoryCargo": [],
                      "ConstructionPartsBuilt": [],
                      "Sets": []
                    }
                  ]
                }
              ],
              "InventoryCargo": [],
              "ConstructionPartsBuilt": [],
              "Sets": []
            }
          ]
        }
      ],
      "InventoryCargo": [
        {
          "ClassName": "Mag_MP5_15Rnd",
          "Chance": 0.5,
          "Quantity": {
            "Min": 0.0,
            "Max": 0.0
          },
          "Health": [],
          "InventoryAttachments": [],
          "InventoryCargo": [],
          "ConstructionPartsBuilt": [],
          "Sets": []
        },
        {
          "ClassName": "Mag_MP5_15Rnd",
          "Chance": 0.5,
          "Quantity": {
            "Min": 0.0,
            "Max": 0.0
          },
          "Health": [],
          "InventoryAttachments": [],
          "InventoryCargo": [],
          "ConstructionPartsBuilt": [],
          "Sets": []
        },
        {
          "ClassName": "Mag_MP5_30Rnd",
          "Chance": 0.15000000596046449,
          "Quantity": {
            "Min": 0.0,
            "Max": 0.0
          },
          "Health": [],
          "InventoryAttachments": [],
          "InventoryCargo": [],
          "ConstructionPartsBuilt": [],
          "Sets": []
        }
      ],
      "ConstructionPartsBuilt": [],
      "Sets": []
    },
    {
      "ClassName": "WEAPON",
      "Chance": 1.0,
      "Quantity": {
        "Min": 0.0,
        "Max": 0.0
      },
      "Health": [],
      "InventoryAttachments": [
        {
          "SlotName": "Shoulder",
          "Items": [
            {
              "ClassName": "Mp133Shotgun",
              "Chance": 1.0,
              "Quantity": {
                "Min": 0.0,
                "Max": 0.0
              },
              "Health": [],
              "InventoryAttachments": [],
              "InventoryCargo": [],
              "ConstructionPartsBuilt": [],
              "Sets": []
            }
          ]
        }
      ],
      "InventoryCargo": [
        {
          "ClassName": "Ammo_12gaSlug",
          "Chance": 0.5,
          "Quantity": {
            "Min": 0.0,
            "Max": 0.0
          },
          "Health": [],
          "InventoryAttachments": [],
          "InventoryCargo": [],
          "ConstructionPartsBuilt": [],
          "Sets": []
        },
        {
          "ClassName": "Ammo_12gaRubberSlug",
          "Chance": 1.0,
          "Quantity": {
            "Min": 0.0,
            "Max": 0.0
          },
          "Health": [],
          "InventoryAttachments": [],
          "InventoryCargo": [],
          "ConstructionPartsBuilt": [],
          "Sets": []
        },
        {
          "ClassName": "Ammo_12gaSlug",
          "Chance": 0.5,
          "Quantity": {
            "Min": 0.0,
            "Max": 0.0
          },
          "Health": [],
          "InventoryAttachments": [],
          "InventoryCargo": [],
          "ConstructionPartsBuilt": [],
          "Sets": []
        },
        {
          "ClassName": "Ammo_12gaPellets",
          "Chance": 0.5,
          "Quantity": {
            "Min": 0.0,
            "Max": 0.0
          },
          "Health": [],
          "InventoryAttachments": [],
          "InventoryCargo": [],
          "ConstructionPartsBuilt": [],
          "Sets": []
        }
      ],
      "ConstructionPartsBuilt": [],
      "Sets": []
    },
    {
      "ClassName": "WEAPON",
      "Chance": 1.0,
      "Quantity": {
        "Min": 0.0,
        "Max": 0.0
      },
      "Health": [],
      "InventoryAttachments": [
        {
          "SlotName": "Shoulder",
          "Items": [
            {
              "ClassName": "UMP45",
              "Chance": 1.0,
              "Quantity": {
                "Min": 0.0,
                "Max": 0.0
              },
              "Health": [],
              "InventoryAttachments": [
                {
                  "SlotName": "",
                  "Items": [
                    {
                      "ClassName": "Mag_UMP_25Rnd",
                      "Chance": 1.0,
                      "Quantity": {
                        "Min": 0.0,
                        "Max": 0.0
                      },
                      "Health": [],
                      "InventoryAttachments": [],
                      "InventoryCargo": [],
                      "ConstructionPartsBuilt": [],
                      "Sets": []
                    },
                    {
                      "ClassName": "ReflexOptic",
                      "Chance": 0.10000000149011612,
                      "Quantity": {
                        "Min": 0.0,
                        "Max": 0.0
                      },
                      "Health": [],
                      "InventoryAttachments": [
                        {
                          "SlotName": "",
                          "Items": [
                            {
                              "ClassName": "Battery9V",
                              "Chance": 1.0,
                              "Quantity": {
                                "Min": 0.0,
                                "Max": 0.0
                              },
                              "Health": [],
                              "InventoryAttachments": [],
                              "InventoryCargo": [],
                              "ConstructionPartsBuilt": [],
                              "Sets": []
                            }
                          ]
                        }
                      ],
                      "InventoryCargo": [],
                      "ConstructionPartsBuilt": [],
                      "Sets": []
                    }
                  ]
                }
              ],
              "InventoryCargo": [],
              "ConstructionPartsBuilt": [],
              "Sets": []
            }
          ]
        }
      ],
      "InventoryCargo": [
        {
          "ClassName": "Mag_UMP_25Rnd",
          "Chance": 1.0,
          "Quantity": {
            "Min": 0.0,
            "Max": 0.0
          },
          "Health": [],
          "InventoryAttachments": [],
          "InventoryCargo": [],
          "ConstructionPartsBuilt": [],
          "Sets": []
        },
        {
          "ClassName": "Mag_UMP_25Rnd",
          "Chance": 0.15000000596046449,
          "Quantity": {
            "Min": 0.0,
            "Max": 0.0
          },
          "Health": [],
          "InventoryAttachments": [],
          "InventoryCargo": [],
          "ConstructionPartsBuilt": [],
          "Sets": []
        }
      ],
      "ConstructionPartsBuilt": [],
      "Sets": []
    },
    {
      "ClassName": "WEAPON",
      "Chance": 1.0,
      "Quantity": {
        "Min": 0.0,
        "Max": 0.0
      },
      "Health": [],
      "InventoryAttachments": [
        {
          "SlotName": "Shoulder",
          "Items": [
            {
              "ClassName": "CZ61",
              "Chance": 1.0,
              "Quantity": {
                "Min": 0.0,
                "Max": 0.0
              },
              "Health": [],
              "InventoryAttachments": [
                {
                  "SlotName": "",
                  "Items": [
                    {
                      "ClassName": "Mag_CZ61_20Rnd",
                      "Chance": 1.0,
                      "Quantity": {
                        "Min": 0.0,
                        "Max": 0.0
                      },
                      "Health": [],
                      "InventoryAttachments": [],
                      "InventoryCargo": [],
                      "ConstructionPartsBuilt": [],
                      "Sets": []
                    }
                  ]
                }
              ],
              "InventoryCargo": [],
              "ConstructionPartsBuilt": [],
              "Sets": []
            }
          ]
        }
      ],
      "InventoryCargo": [
        {
          "ClassName": "Mag_CZ61_20Rnd",
          "Chance": 1.0,
          "Quantity": {
            "Min": 0.0,
            "Max": 0.0
          },
          "Health": [],
          "InventoryAttachments": [],
          "InventoryCargo": [],
          "ConstructionPartsBuilt": [],
          "Sets": []
        },
        {
          "ClassName": "Mag_CZ61_20Rnd",
          "Chance": 0.15000000596046449,
          "Quantity": {
            "Min": 0.0,
            "Max": 0.0
          },
          "Health": [],
          "InventoryAttachments": [],
          "InventoryCargo": [],
          "ConstructionPartsBuilt": [],
          "Sets": []
        }
      ],
      "ConstructionPartsBuilt": [],
      "Sets": []
    },
    {
      "ClassName": "WEAPON",
      "Chance": 1.0,
      "Quantity": {
        "Min": 0.0,
        "Max": 0.0
      },
      "Health": [],
      "InventoryAttachments": [
        {
          "SlotName": "Hands",
          "Items": [
            {
              "ClassName": "AKM",
              "Chance": 1.0,
              "Quantity": {
                "Min": 0.0,
                "Max": 0.0
              },
              "Health": [],
              "InventoryAttachments": [
                {
                  "SlotName": "",
                  "Items": [
                    {
                      "ClassName": "Mag_AKM_30Rnd",
                      "Chance": 1.0,
                      "Quantity": {
                        "Min": 0.0,
                        "Max": 0.0
                      },
                      "Health": [],
                      "InventoryAttachments": [],
                      "InventoryCargo": [],
                      "ConstructionPartsBuilt": [],
                      "Sets": []
                    },
					{
						"ClassName": "AK_RailHndgrd",
						"Chance": 1.0,
						"Quantity": {
							"Min": 0.0,
							"Max": 0.0
						},
						"Health": [],
						"InventoryAttachments": [],
						"InventoryCargo": [],
						"ConstructionPartsBuilt": [],
						"Sets": []
					},
					{
						"ClassName": "AK_WoodBttstck",
						"Chance": 1.0,
						"Quantity": {
							"Min": 0.0,
							"Max": 0.0
						},
						"Health": [],
						"InventoryAttachments": [],
						"InventoryCargo": [],
						"ConstructionPartsBuilt": [],
						"Sets": []
					},
					{
						"ClassName": "ReflexOptic",
						"Chance": 1.0,
						"Quantity": {
							"Min": 0.0,
							"Max": 0.0
						},
						"Health": [],
						"InventoryAttachments": [
							{
								"SlotName": "",
								"Items": [
									{
										"ClassName": "Battery9V",
										"Chance": 1.0,
										"Quantity": {
											"Min": 0.0,
											"Max": 0.0
										},
										"Health": [],
										"InventoryAttachments": [],
										"InventoryCargo": [],
										"ConstructionPartsBuilt": [],
										"Sets": []
									}
								]
							}
						],
						"InventoryCargo": [],
						"ConstructionPartsBuilt": [],
						"Sets": []
					},
					{
						"ClassName": "Expansion_ANPEQ15_Red",
						"Chance": 1.0,
						"Quantity": {
							"Min": 0.0,
							"Max": 0.0
						},
						"Health": [],
						"InventoryAttachments": [],
						"InventoryCargo": [],
						"ConstructionPartsBuilt": [],
						"Sets": []
					}
                  ]
                }
              ],
              "InventoryCargo": [],
              "ConstructionPartsBuilt": [],
              "Sets": []
            }
          ]
        }
      ],
      "InventoryCargo": [
        {
          "ClassName": "Mag_AKM_30Rnd",
          "Chance": 1.0,
          "Quantity": {
            "Min": 0.0,
            "Max": 0.0
          },
          "Health": [],
          "InventoryAttachments": [],
          "InventoryCargo": [],
          "ConstructionPartsBuilt": [],
          "Sets": []
        },
        {
          "ClassName": "Mag_AKM_30Rnd",
          "Chance": 0.15000000596046449,
          "Quantity": {
            "Min": 0.0,
            "Max": 0.0
          },
          "Health": [],
          "InventoryAttachments": [],
          "InventoryCargo": [],
          "ConstructionPartsBuilt": [],
          "Sets": []
        }
      ],
      "ConstructionPartsBuilt": [],
      "Sets": []
    },
    {
      "ClassName": "WEAPON",
      "Chance": 1.0,
      "Quantity": {
        "Min": 0.0,
        "Max": 0.0
      },
      "Health": [],
      "InventoryAttachments": [
        {
          "SlotName": "Hands",
          "Items": [
            {
              "ClassName": "Expansion_VityazSN",
              "Chance": 1.0,
              "Quantity": {
                "Min": 0.0,
                "Max": 0.0
              },
              "Health": [],
              "InventoryAttachments": [
                {
                  "SlotName": "",
                  "Items": [
                    {
                      "ClassName": "Mag_Expansion_Vityaz_30Rnd",
                      "Chance": 1.0,
                      "Quantity": {
                        "Min": 0.0,
                        "Max": 0.0
                      },
                      "Health": [],
                      "InventoryAttachments": [],
                      "InventoryCargo": [],
                      "ConstructionPartsBuilt": [],
                      "Sets": []
                    },
					{
						"ClassName": "AK_RailHndgrd",
						"Chance": 1.0,
						"Quantity": {
							"Min": 0.0,
							"Max": 0.0
						},
						"Health": [],
						"InventoryAttachments": [],
						"InventoryCargo": [],
						"ConstructionPartsBuilt": [],
						"Sets": []
					},
					{
						"ClassName": "AK_WoodBttstck_Black",
						"Chance": 1.0,
						"Quantity": {
							"Min": 0.0,
							"Max": 0.0
						},
						"Health": [],
						"InventoryAttachments": [],
						"InventoryCargo": [],
						"ConstructionPartsBuilt": [],
						"Sets": []
					},
					{
						"ClassName": "ReflexOptic",
						"Chance": 1.0,
						"Quantity": {
							"Min": 0.0,
							"Max": 0.0
						},
						"Health": [],
						"InventoryAttachments": [
							{
								"SlotName": "",
								"Items": [
									{
										"ClassName": "Battery9V",
										"Chance": 1.0,
										"Quantity": {
											"Min": 0.0,
											"Max": 0.0
										},
										"Health": [],
										"InventoryAttachments": [],
										"InventoryCargo": [],
										"ConstructionPartsBuilt": [],
										"Sets": []
									}
								]
							}
						],
						"InventoryCargo": [],
						"ConstructionPartsBuilt": [],
						"Sets": []
					},
					{
						"ClassName": "Expansion_ANPEQ15_Red",
						"Chance": 1.0,
						"Quantity": {
							"Min": 0.0,
							"Max": 0.0
						},
						"Health": [],
						"InventoryAttachments": [],
						"InventoryCargo": [],
						"ConstructionPartsBuilt": [],
						"Sets": []
					}
                  ]
                }
              ],
              "InventoryCargo": [],
              "ConstructionPartsBuilt": [],
              "Sets": []
            }
          ]
        }
      ],
      "InventoryCargo": [
        {
          "ClassName": "Mag_Expansion_Vityaz_30Rnd",
          "Chance": 1.0,
          "Quantity": {
            "Min": 0.0,
            "Max": 0.0
          },
          "Health": [],
          "InventoryAttachments": [],
          "InventoryCargo": [],
          "ConstructionPartsBuilt": [],
          "Sets": []
        },
        {
          "ClassName": "Mag_Expansion_Vityaz_30Rnd",
          "Chance": 0.15000000596046449,
          "Quantity": {
            "Min": 0.0,
            "Max": 0.0
          },
          "Health": [],
          "InventoryAttachments": [],
          "InventoryCargo": [],
          "ConstructionPartsBuilt": [],
          "Sets": []
        }
      ],
      "ConstructionPartsBuilt": [],
      "Sets": []
    },
	{
      "ClassName": "WEAPON",
      "Chance": 1.0,
      "Quantity": {
        "Min": 0.0,
        "Max": 0.0
      },
      "Health": [],
      "InventoryAttachments": [
        {
          "SlotName": "Hands",
          "Items": [
            {
              "ClassName": "HoneyBadger",
              "Chance": 1.0,
              "Quantity": {
                "Min": 0.0,
                "Max": 0.0
              },
              "Health": [],
              "InventoryAttachments": [
                {
                  "SlotName": "",
                  "Items": [
                    {
                      "ClassName": "HoneyBadger_30rnd_Magazine",
                      "Chance": 1.0,
                      "Quantity": {
                        "Min": 0.0,
                        "Max": 0.0
                      },
                      "Health": [],
                      "InventoryAttachments": [],
                      "InventoryCargo": [],
                      "ConstructionPartsBuilt": [],
                      "Sets": []
                    },
					{
						"ClassName": "ReflexOptic",
						"Chance": 1.0,
						"Quantity": {
							"Min": 0.0,
							"Max": 0.0
						},
						"Health": [],
						"InventoryAttachments": [
							{
								"SlotName": "",
								"Items": [
									{
										"ClassName": "Battery9V",
										"Chance": 1.0,
										"Quantity": {
											"Min": 0.0,
											"Max": 0.0
										},
										"Health": [],
										"InventoryAttachments": [],
										"InventoryCargo": [],
										"ConstructionPartsBuilt": [],
										"Sets": []
									}
								]
							}
						],
						"InventoryCargo": [],
						"ConstructionPartsBuilt": [],
						"Sets": []
					}
                  ]
                }
              ],
              "InventoryCargo": [],
              "ConstructionPartsBuilt": [],
              "Sets": []
            }
          ]
        }
      ],
      "InventoryCargo": [
        {
          "ClassName": "HoneyBadger_30rnd_Magazine",
          "Chance": 1.0,
          "Quantity": {
            "Min": 0.0,
            "Max": 0.0
          },
          "Health": [],
          "InventoryAttachments": [],
          "InventoryCargo": [],
          "ConstructionPartsBuilt": [],
          "Sets": []
        },
        {
          "ClassName": "HoneyBadger_30rnd_Magazine",
          "Chance": 0.15000000596046449,
          "Quantity": {
            "Min": 0.0,
            "Max": 0.0
          },
          "Health": [],
          "InventoryAttachments": [],
          "InventoryCargo": [],
          "ConstructionPartsBuilt": [],
          "Sets": []
        }
      ],
      "ConstructionPartsBuilt": [],
      "Sets": []
    }
  ]
}
