{
    "ConfigVersion": 6,
    "ID": 7,
    "ClassName": "Quest_Skeleton_Sit2_Old",
    "Position": [
        7384.7607421875,
        287.4755554199219,
        2565.32763671875
    ],
    "Orientation": [
        0.0,
        0.0,
        0.0
    ],
    "NPCName": "Skeleton",
    "DefaultNPCText": "It's the skeleton of Sebastian's scout... it looks like they found some explosives after all. I'd better be careful with this... I need to return these explosives to Sebastian.",
    "Waypoints": [],
    "NPCEmoteID": 46,
    "NPCEmoteIsStatic": 0,
    "NPCLoadoutFile": "",
    "NPCInteractionEmoteID": 1,
    "NPCQuestCancelEmoteID": 60,
    "NPCQuestStartEmoteID": 58,
    "NPCQuestCompleteEmoteID": 39,
    "NPCFaction": "InvincibleObservers",
    "NPCType": 1,
    "Active": 1
}