{
    "ConfigVersion": 6,
    "ID": 11,
    "ClassName": "ExpansionQuestNPCBoris",
    "Position": [
        4101.344727,
		5002.077637,
		10180.716797
    ],
    "Orientation": [
        134.208801,
		0.000000,
		0.000000
    ],
    "NPCName": "Dr Mobius",
    "DefaultNPCText": "Dr Mobius: I never thought I'd meet a real hero. They were about to kill me. Give me a few minutes to collect my lab research. I'll meet you outside the bunker.",
    "Waypoints": [],
    "NPCEmoteID": 46,
    "NPCEmoteIsStatic": 0,
    "NPCLoadoutFile": "Quest_DrEvaLoadout",
    "NPCInteractionEmoteID": 1,
    "NPCQuestCancelEmoteID": 60,
    "NPCQuestStartEmoteID": 58,
    "NPCQuestCompleteEmoteID": 39,
    "NPCFaction": "InvincibleObservers",
    "NPCType": 0,
    "Active": 1
}
