{
    "ConfigVersion": 6,
    "ID": 2,
    "ClassName": "ExpansionQuestNPCPeter",
    "Position": [
        5624.8603515625,
        180.96849060058595,
        10608.3271484375
    ],
    "Orientation": [
        129.5662384033203,
        0.0,
        0.0
    ],
    "NPCName": "Sebastian",
    "DefaultNPCText": "Hmm?",
    "Waypoints": [],
    "NPCEmoteID": 46,
    "NPCEmoteIsStatic": 0,
    "NPCLoadoutFile": "Quest_SebastianLoadout",
    "NPCInteractionEmoteID": 1,
    "NPCQuestCancelEmoteID": 60,
    "NPCQuestStartEmoteID": 58,
    "NPCQuestCompleteEmoteID": 39,
    "NPCFaction": "InvincibleObservers",
    "NPCType": 0,
    "Active": 1
}