{
    "ConfigVersion": 6,
    "ID": 9,
    "ClassName": "ExpansionQuestNPCEva",
    "Position": [
        11611.655273,
		213.370361,
		374.954926
    ],
    "Orientation": [
        95.298233,
        0.0,
        0.0
    ],
    "NPCName": "Dr Eva",
    "DefaultNPCText": "Hmm?",
    "Waypoints": [],
    "NPCEmoteID": 46,
    "NPCEmoteIsStatic": 0,
    "NPCLoadoutFile": "Quest_DrEvaLoadout",
    "NPCInteractionEmoteID": 1,
    "NPCQuestCancelEmoteID": 60,
    "NPCQuestStartEmoteID": 58,
    "NPCQuestCompleteEmoteID": 39,
    "NPCFaction": "InvincibleObservers",
    "NPCType": 0,
    "Active": 1
}
