{
    "ConfigVersion": 6,
    "ID": 3,
    "ClassName": "ExpansionQuestNPCFrancis",
    "Position": [
        5153.0029296875,
        517.1423950195313,
        2236.315185546875
    ],
    "Orientation": [
        100.55177307128906,
        0.0,
        -0.0
    ],
    "NPCName": "Scarecrow",
    "DefaultNPCText": "What do you want? I am busy...",
    "Waypoints": [],
    "NPCEmoteID": 46,
    "NPCEmoteIsStatic": 0,
    "NPCLoadoutFile": "Quest_BlackMarketLoadout",
    "NPCInteractionEmoteID": 1,
    "NPCQuestCancelEmoteID": 60,
    "NPCQuestStartEmoteID": 58,
    "NPCQuestCompleteEmoteID": 39,
    "NPCFaction": "InvincibleObservers",
    "NPCType": 0,
    "Active": 1
}