<?xml version="1.0" encoding="UTF-8" standalone="yes"?>
<types>
	<type name="DroneTablet">
			<nominal>6</nominal>
			<lifetime>14400</lifetime>
			<restock>1800</restock>
			<min>3</min>
			<quantmin>-1</quantmin>
			<quantmax>-1</quantmax>
			<cost>100</cost>
			<flags count_in_cargo="0" count_in_hoarder="0" count_in_map="1" count_in_player="0" crafted="0" deloot="0"/>
			<category name="tools"/>
			<usage name="Military"/>
			<value name="Tier3"/>
	</type>
	<type name="CargoDrone">
			<nominal>0</nominal>
			<lifetime>604800</lifetime>
			<restock>0</restock>
			<min>0</min>
			<quantmin>-1</quantmin>
			<quantmax>-1</quantmax>
			<cost>100</cost>
			<flags count_in_cargo="0" count_in_hoarder="0" count_in_map="1" count_in_player="0" crafted="1" deloot="0"/>
			<category name="tools"/>
	</type>
	<type name="SimpleDrone">
			<nominal>0</nominal>
			<lifetime>604800</lifetime>
			<restock>0</restock>
			<min>0</min>
			<quantmin>-1</quantmin>
			<quantmax>-1</quantmax>
			<cost>100</cost>
			<flags count_in_cargo="0" count_in_hoarder="0" count_in_map="1" count_in_player="0" crafted="1" deloot="0"/>
			<category name="tools"/>
	</type>
	<type name="ReconDrone">
			<nominal>0</nominal>
			<lifetime>604800</lifetime>
			<restock>0</restock>
			<min>0</min>
			<quantmin>-1</quantmin>
			<quantmax>-1</quantmax>
			<cost>100</cost>
			<flags count_in_cargo="0" count_in_hoarder="0" count_in_map="1" count_in_player="0" crafted="1" deloot="0"/>
			<category name="tools"/>
	</type>
	<type name="ReconDrone_ABU">
			<nominal>0</nominal>
			<lifetime>604800</lifetime>
			<restock>0</restock>
			<min>0</min>
			<quantmin>-1</quantmin>
			<quantmax>-1</quantmax>
			<cost>100</cost>
			<flags count_in_cargo="0" count_in_hoarder="0" count_in_map="1" count_in_player="0" crafted="1" deloot="0"/>
			<category name="tools"/>
	</type>
	<type name="ReconDrone_ARCTIC">
			<nominal>0</nominal>
			<lifetime>604800</lifetime>
			<restock>0</restock>
			<min>0</min>
			<quantmin>-1</quantmin>
			<quantmax>-1</quantmax>
			<cost>100</cost>
			<flags count_in_cargo="0" count_in_hoarder="0" count_in_map="1" count_in_player="0" crafted="1" deloot="0"/>
			<category name="tools"/>
	</type>
	<type name="ReconDrone_BRITISH">
			<nominal>0</nominal>
			<lifetime>604800</lifetime>
			<restock>0</restock>
			<min>0</min>
			<quantmin>-1</quantmin>
			<quantmax>-1</quantmax>
			<cost>100</cost>
			<flags count_in_cargo="0" count_in_hoarder="0" count_in_map="1" count_in_player="0" crafted="1" deloot="0"/>
			<category name="tools"/>
	</type>
	<type name="ReconDrone_DESERT">
			<nominal>0</nominal>
			<lifetime>604800</lifetime>
			<restock>0</restock>
			<min>0</min>
			<quantmin>-1</quantmin>
			<quantmax>-1</quantmax>
			<cost>100</cost>
			<flags count_in_cargo="0" count_in_hoarder="0" count_in_map="1" count_in_player="0" crafted="1" deloot="0"/>
			<category name="tools"/>
	</type>
	<type name="ReconDrone_FLECKTARN">
			<nominal>0</nominal>
			<lifetime>604800</lifetime>
			<restock>0</restock>
			<min>0</min>
			<quantmin>-1</quantmin>
			<quantmax>-1</quantmax>
			<cost>100</cost>
			<flags count_in_cargo="0" count_in_hoarder="0" count_in_map="1" count_in_player="0" crafted="1" deloot="0"/>
			<category name="tools"/>
	</type>
	<type name="ReconDrone_MULTICAMO">
			<nominal>0</nominal>
			<lifetime>604800</lifetime>
			<restock>0</restock>
			<min>0</min>
			<quantmin>-1</quantmin>
			<quantmax>-1</quantmax>
			<cost>100</cost>
			<flags count_in_cargo="0" count_in_hoarder="0" count_in_map="1" count_in_player="0" crafted="1" deloot="0"/>
			<category name="tools"/>
	</type>
	<type name="ReconDrone_MULTICAMODARK">
			<nominal>0</nominal>
			<lifetime>604800</lifetime>
			<restock>0</restock>
			<min>0</min>
			<quantmin>-1</quantmin>
			<quantmax>-1</quantmax>
			<cost>100</cost>
			<flags count_in_cargo="0" count_in_hoarder="0" count_in_map="1" count_in_player="0" crafted="1" deloot="0"/>
			<category name="tools"/>
	</type>
	<type name="ReconDrone_SPLINTER">
			<nominal>0</nominal>
			<lifetime>604800</lifetime>
			<restock>0</restock>
			<min>0</min>
			<quantmin>-1</quantmin>
			<quantmax>-1</quantmax>
			<cost>100</cost>
			<flags count_in_cargo="0" count_in_hoarder="0" count_in_map="1" count_in_player="0" crafted="1" deloot="0"/>
			<category name="tools"/>
	</type>
	<type name="ReconDrone_TIGERBLUE">
			<nominal>0</nominal>
			<lifetime>604800</lifetime>
			<restock>0</restock>
			<min>0</min>
			<quantmin>-1</quantmin>
			<quantmax>-1</quantmax>
			<cost>100</cost>
			<flags count_in_cargo="0" count_in_hoarder="0" count_in_map="1" count_in_player="0" crafted="1" deloot="0"/>
			<category name="tools"/>
	</type>
	<type name="ReconDrone_TIGERJUNGLE">
			<nominal>0</nominal>
			<lifetime>604800</lifetime>
			<restock>0</restock>
			<min>0</min>
			<quantmin>-1</quantmin>
			<quantmax>-1</quantmax>
			<cost>100</cost>
			<flags count_in_cargo="0" count_in_hoarder="0" count_in_map="1" count_in_player="0" crafted="1" deloot="0"/>
			<category name="tools"/>
	</type>
	<type name="ReconDrone_UCP">
			<nominal>0</nominal>
			<lifetime>604800</lifetime>
			<restock>0</restock>
			<min>0</min>
			<quantmin>-1</quantmin>
			<quantmax>-1</quantmax>
			<cost>100</cost>
			<flags count_in_cargo="0" count_in_hoarder="0" count_in_map="1" count_in_player="0" crafted="1" deloot="0"/>
			<category name="tools"/>
	</type>
	<type name="ReconDrone_UCPSMALL">
			<nominal>0</nominal>
			<lifetime>604800</lifetime>
			<restock>0</restock>
			<min>0</min>
			<quantmin>-1</quantmin>
			<quantmax>-1</quantmax>
			<cost>100</cost>
			<flags count_in_cargo="0" count_in_hoarder="0" count_in_map="1" count_in_player="0" crafted="1" deloot="0"/>
			<category name="tools"/>
	</type>
	<type name="ReconDrone_WOODLAND">
			<nominal>0</nominal>
			<lifetime>604800</lifetime>
			<restock>0</restock>
			<min>0</min>
			<quantmin>-1</quantmin>
			<quantmax>-1</quantmax>
			<cost>100</cost>
			<flags count_in_cargo="0" count_in_hoarder="0" count_in_map="1" count_in_player="0" crafted="1" deloot="0"/>
			<category name="tools"/>
	</type>

	<type name="CargoDroneKit">
			<nominal>1</nominal>
			<lifetime>28800</lifetime>
			<restock>0</restock>
			<min>1</min>
			<quantmin>-1</quantmin>
			<quantmax>-1</quantmax>
			<cost>100</cost>
			<flags count_in_cargo="0" count_in_hoarder="0" count_in_map="1" count_in_player="0" crafted="0" deloot="0"/>
			<category name="weapons"/>
			<usage name="Military"/>
			<value name="Tier3"/>
	</type>
	<type name="SimpleDroneKit">
			<nominal>1</nominal>
			<lifetime>28800</lifetime>
			<restock>0</restock>
			<min>1</min>
			<quantmin>-1</quantmin>
			<quantmax>-1</quantmax>
			<cost>100</cost>
			<flags count_in_cargo="0" count_in_hoarder="0" count_in_map="1" count_in_player="0" crafted="0" deloot="0"/>
			<category name="weapons"/>
			<usage name="Military"/>
			<value name="Tier3"/>
	</type>
	<type name="ReconDroneKit">
			<nominal>1</nominal>
			<lifetime>28800</lifetime>
			<restock>0</restock>
			<min>1</min>
			<quantmin>-1</quantmin>
			<quantmax>-1</quantmax>
			<cost>100</cost>
			<flags count_in_cargo="0" count_in_hoarder="0" count_in_map="1" count_in_player="0" crafted="0" deloot="0"/>
			<category name="weapons"/>
			<usage name="Military"/>
			<value name="Tier3"/>
	</type>
	<type name="ReconDroneKit_ABU">
			<nominal>0</nominal>
			<lifetime>28800</lifetime>
			<restock>0</restock>
			<min>0</min>
			<quantmin>-1</quantmin>
			<quantmax>-1</quantmax>
			<cost>100</cost>
			<flags count_in_cargo="0" count_in_hoarder="0" count_in_map="1" count_in_player="0" crafted="0" deloot="0"/>
			<category name="weapons"/>
			<usage name="Military"/>
	</type>
	<type name="ReconDroneKit_ARCTIC">
			<nominal>1</nominal>
			<lifetime>28800</lifetime>
			<restock>0</restock>
			<min>1</min>
			<quantmin>-1</quantmin>
			<quantmax>-1</quantmax>
			<cost>100</cost>
			<flags count_in_cargo="0" count_in_hoarder="0" count_in_map="1" count_in_player="0" crafted="0" deloot="1"/>
			<category name="weapons"/>
			<usage name="Military"/>
	</type>
	<type name="ReconDroneKit_BRITISH">
			<nominal>0</nominal>
			<lifetime>28800</lifetime>
			<restock>0</restock>
			<min>0</min>
			<quantmin>-1</quantmin>
			<quantmax>-1</quantmax>
			<cost>100</cost>
			<flags count_in_cargo="0" count_in_hoarder="0" count_in_map="1" count_in_player="0" crafted="0" deloot="0"/>
			<category name="weapons"/>
			<usage name="Military"/>
	</type>
	<type name="ReconDroneKit_DESERT">
			<nominal>0</nominal>
			<lifetime>28800</lifetime>
			<restock>0</restock>
			<min>0</min>
			<quantmin>-1</quantmin>
			<quantmax>-1</quantmax>
			<cost>100</cost>
			<flags count_in_cargo="0" count_in_hoarder="0" count_in_map="1" count_in_player="0" crafted="0" deloot="0"/>
			<category name="weapons"/>
			<usage name="Military"/>
	</type>
	<type name="ReconDroneKit_FLECKTARN">
			<nominal>0</nominal>
			<lifetime>28800</lifetime>
			<restock>0</restock>
			<min>0</min>
			<quantmin>-1</quantmin>
			<quantmax>-1</quantmax>
			<cost>100</cost>
			<flags count_in_cargo="0" count_in_hoarder="0" count_in_map="1" count_in_player="0" crafted="0" deloot="0"/>
			<category name="weapons"/>
			<usage name="Military"/>
	</type>
	<type name="ReconDroneKit_MULTICAMO">
			<nominal>1</nominal>
			<lifetime>28800</lifetime>
			<restock>0</restock>
			<min>0</min>
			<quantmin>-1</quantmin>
			<quantmax>-1</quantmax>
			<cost>100</cost>
			<flags count_in_cargo="0" count_in_hoarder="0" count_in_map="1" count_in_player="0" crafted="0" deloot="1"/>
			<category name="weapons"/>
			<usage name="Military"/>
	</type>
	<type name="ReconDroneKit_MULTICAMODARK">
			<nominal>1</nominal>
			<lifetime>28800</lifetime>
			<restock>0</restock>
			<min>0</min>
			<quantmin>-1</quantmin>
			<quantmax>-1</quantmax>
			<cost>100</cost>
			<flags count_in_cargo="0" count_in_hoarder="0" count_in_map="1" count_in_player="0" crafted="0" deloot="1"/>
			<category name="weapons"/>
			<usage name="Military"/>
	</type>
	<type name="ReconDroneKit_SPLINTER">
			<nominal>0</nominal>
			<lifetime>28800</lifetime>
			<restock>0</restock>
			<min>0</min>
			<quantmin>-1</quantmin>
			<quantmax>-1</quantmax>
			<cost>100</cost>
			<flags count_in_cargo="0" count_in_hoarder="0" count_in_map="1" count_in_player="0" crafted="0" deloot="0"/>
			<category name="weapons"/>
			<usage name="Military"/>
	</type>
	<type name="ReconDroneKit_TIGERBLUE">
			<nominal>0</nominal>
			<lifetime>28800</lifetime>
			<restock>0</restock>
			<min>0</min>
			<quantmin>-1</quantmin>
			<quantmax>-1</quantmax>
			<cost>100</cost>
			<flags count_in_cargo="0" count_in_hoarder="0" count_in_map="1" count_in_player="0" crafted="0" deloot="0"/>
			<category name="weapons"/>
			<usage name="Military"/>
	</type>
	<type name="ReconDroneKit_TIGERJUNGLE">
			<nominal>0</nominal>
			<lifetime>28800</lifetime>
			<restock>0</restock>
			<min>0</min>
			<quantmin>-1</quantmin>
			<quantmax>-1</quantmax>
			<cost>100</cost>
			<flags count_in_cargo="0" count_in_hoarder="0" count_in_map="1" count_in_player="0" crafted="0" deloot="0"/>
			<category name="weapons"/>
			<usage name="Military"/>
	</type>
	<type name="ReconDroneKit_UCP">
			<nominal>0</nominal>
			<lifetime>28800</lifetime>
			<restock>0</restock>
			<min>0</min>
			<quantmin>-1</quantmin>
			<quantmax>-1</quantmax>
			<cost>100</cost>
			<flags count_in_cargo="0" count_in_hoarder="0" count_in_map="1" count_in_player="0" crafted="0" deloot="0"/>
			<category name="weapons"/>
			<usage name="Military"/>
	</type>
	<type name="ReconDroneKit_UCPSMALL">
			<nominal>0</nominal>
			<lifetime>28800</lifetime>
			<restock>0</restock>
			<min>0</min>
			<quantmin>-1</quantmin>
			<quantmax>-1</quantmax>
			<cost>100</cost>
			<flags count_in_cargo="0" count_in_hoarder="0" count_in_map="1" count_in_player="0" crafted="0" deloot="0"/>
			<category name="weapons"/>
			<usage name="Military"/>
	</type>
	<type name="ReconDroneKit_WOODLAND">
			<nominal>0</nominal>
			<lifetime>28800</lifetime>
			<restock>0</restock>
			<min>0</min>
			<quantmin>-1</quantmin>
			<quantmax>-1</quantmax>
			<cost>100</cost>
			<flags count_in_cargo="0" count_in_hoarder="0" count_in_map="1" count_in_player="0" crafted="0" deloot="0"/>
			<category name="weapons"/>
			<usage name="Military"/>
	</type>
</types>