<?xml version="1.0" encoding="UTF-8" standalone="yes"?>
<events>
	<event name="AnimalWildDog">
        <nominal>6</nominal>
        <min>1</min>
        <max>1</max>
        <lifetime>180</lifetime>
        <restock>0</restock>
        <saferadius>350</saferadius>
        <distanceradius>0</distanceradius>
        <cleanupradius>0</cleanupradius>
        <flags deletable="0" init_random="0" remove_damaged="0"/>
        <position>fixed</position>
        <limit>mixed</limit>
        <active>1</active>
        <children>
            <child lootmax="0" lootmin="0" max="1" min="0" type="Doggo_Wild1"/>
            <child lootmax="0" lootmin="0" max="1" min="0" type="Doggo_Wild2"/>
            <child lootmax="0" lootmin="0" max="1" min="0" type="Doggo_Wild3"/>
            <child lootmax="0" lootmin="0" max="1" min="0" type="Doggo_Wild4"/>
			<child lootmax="0" lootmin="0" max="1" min="0" type="Doggo_Wild5"/>
			<child lootmax="0" lootmin="0" max="1" min="0" type="Doggo_Wild6"/>
			<child lootmax="0" lootmin="0" max="1" min="0" type="Doggo_Wild7"/>
			<child lootmax="0" lootmin="0" max="1" min="0" type="Doggo_Wild8"/>
			<child lootmax="0" lootmin="0" max="1" min="0" type="Doggo_Wild9"/>
			<child lootmax="0" lootmin="0" max="1" min="0" type="Doggo_Wild10"/>
			<child lootmax="0" lootmin="0" max="1" min="0" type="Doggo_Wild11"/>
			<child lootmax="0" lootmin="0" max="1" min="0" type="Doggo_Wild12"/>
			<child lootmax="0" lootmin="0" max="1" min="0" type="Doggo_Wild13"/>
			<child lootmax="0" lootmin="0" max="1" min="0" type="Doggo_Wild14"/>
			<child lootmax="0" lootmin="0" max="1" min="0" type="Doggo_Wild15"/>
			<child lootmax="0" lootmin="0" max="1" min="0" type="Doggo_Wild16"/>
			<child lootmax="0" lootmin="0" max="1" min="0" type="Doggo_Wild17"/>
			<child lootmax="0" lootmin="0" max="1" min="0" type="Doggo_Wild18"/>
			<child lootmax="0" lootmin="0" max="1" min="0" type="Doggo_Wild19"/>
			<child lootmax="0" lootmin="0" max="1" min="0" type="Doggo_Wild20"/>
			<child lootmax="0" lootmin="0" max="1" min="0" type="Doggo_Wild21"/>
			<child lootmax="0" lootmin="0" max="1" min="0" type="Doggo_Wild22"/>
			<child lootmax="0" lootmin="0" max="1" min="0" type="Doggo_Wild23"/>
			<child lootmax="0" lootmin="0" max="1" min="0" type="Doggo_Wild24"/>
			<child lootmax="0" lootmin="0" max="1" min="0" type="Doggo_Wild25"/>
			<child lootmax="0" lootmin="0" max="1" min="0" type="Doggo_Wild26"/>
			<child lootmax="0" lootmin="0" max="1" min="0" type="Doggo_Wild27"/>
			<child lootmax="0" lootmin="0" max="1" min="0" type="Doggo_Wild28"/>
			<child lootmax="0" lootmin="0" max="1" min="0" type="Doggo_Wild29"/>
			<child lootmax="0" lootmin="0" max="1" min="0" type="Doggo_Wild30"/>
			<child lootmax="0" lootmin="0" max="1" min="0" type="Doggo_Wild31"/>
			<child lootmax="0" lootmin="0" max="1" min="0" type="Doggo_Wild32"/>
			<child lootmax="0" lootmin="0" max="1" min="0" type="Doggo_Wild33"/>
			<child lootmax="0" lootmin="0" max="1" min="0" type="Doggo_Wild34"/>
			<child lootmax="0" lootmin="0" max="1" min="0" type="Doggo_Wild35"/>
        </children>
    </event>
    <event name="VehicleMotorbike">
        <nominal>4</nominal>
        <min>2</min>
        <max>4</max>
        <lifetime>300</lifetime>
        <restock>0</restock>
        <saferadius>200</saferadius>
        <distanceradius>50</distanceradius>
        <cleanupradius>200</cleanupradius>
        <flags deletable="0" init_random="0" remove_damaged="1" sec_spawner="0"/>
        <position>fixed</position>
        <limit>mixed</limit>
        <active>1</active>
        <children>
            <child lootmax="0" lootmin="0" max="1" min="0" type="bastard_izh_stock"/>
            <child lootmax="0" lootmin="0" max="1" min="0" type="bastard_izh_blue"/>
            <child lootmax="0" lootmin="0" max="1" min="0" type="bastard_izh_white"/>
            <child lootmax="0" lootmin="0" max="1" min="0" type="bastard_izh_black"/>
        </children>
    </event>
	<event name="AnimalHyena">
        <nominal>24</nominal>
        <min>1</min>
        <max>24</max>
        <lifetime>180</lifetime>
        <restock>3600</restock>
        <saferadius>200</saferadius>
        <distanceradius>0</distanceradius>
        <cleanupradius>0</cleanupradius>
        <flags deletable="0" init_random="0" remove_damaged="1"/>
        <position>fixed</position>
        <limit>child</limit>
        <active>1</active>
        <children>
            <child lootmax="0" lootmin="0" max="12" min="8" type="Animal_CrocutaCrocuta"/>
        </children>
    </event>
	<event name="AnimalFox">
        <nominal>8</nominal>
        <min>6</min>
        <max>8</max>
        <lifetime>180</lifetime>
        <restock>300</restock>
        <saferadius>200</saferadius>
        <distanceradius>0</distanceradius>
        <cleanupradius>0</cleanupradius>
        <flags deletable="0" init_random="0" remove_damaged="1"/>
        <position>fixed</position>
        <limit>child</limit>
        <active>1</active>
        <children>
            <child lootmax="0" lootmin="0" max="1" min="1" type="Animal_VulpesVulpes"/>
        </children>
    </event>
	<event name="AnimalBlackWolf">
        <nominal>2</nominal>
        <min>1</min>
        <max>2</max>
        <lifetime>180</lifetime>
        <restock>0</restock>
        <saferadius>200</saferadius>
        <distanceradius>0</distanceradius>
        <cleanupradius>0</cleanupradius>
        <flags deletable="0" init_random="0" remove_damaged="1"/>
        <position>fixed</position>
        <limit>child</limit>
        <active>1</active>
        <children>
            <child lootmax="0" lootmin="0" max="2" min="1" type="Animal_CanisLupus_Black"/>
        </children>
    </event>
	<event name="AnimalBrownWolf">
        <nominal>3</nominal>
        <min>1</min>
        <max>3</max>
        <lifetime>180</lifetime>
        <restock>0</restock>
        <saferadius>200</saferadius>
        <distanceradius>0</distanceradius>
        <cleanupradius>0</cleanupradius>
        <flags deletable="0" init_random="0" remove_damaged="1"/>
        <position>fixed</position>
        <limit>child</limit>
        <active>1</active>
        <children>
            <child lootmax="0" lootmin="0" max="6" min="3" type="Animal_CanisLupus_Brown"/>
        </children>
    </event>
	
	<!-- Custom Location Zombies -->
	<event name="InfectedAirfieldPlane">
        <nominal>1</nominal>
        <min>1</min>
        <max>1</max>
        <lifetime>6</lifetime>
        <restock>0</restock>
        <saferadius>200</saferadius>
        <distanceradius>50</distanceradius>
        <cleanupradius>200</cleanupradius>
        <flags deletable="0" init_random="0" remove_damaged="1"/>
        <position>player</position>
        <limit>custom</limit>
        <active>1</active>
        <children>
            <child lootmax="5" lootmin="0" max="1" min="1" type="ZmbM_US_Marines_M81_PilotCoveralls"/>
            <child lootmax="5" lootmin="0" max="2" min="1" type="ZmbF_PatientOld"/>
            <child lootmax="5" lootmin="0" max="2" min="1" type="ZmbM_PatientSkinny"/>
            <child lootmax="5" lootmin="0" max="3" min="1" type="ZmbM_US_OCP_WesternNBCSuit"/>
			<child lootmax="5" lootmin="0" max="1" min="1" type="ZmbM_PolicemanSpecForce_Heavy"/>
			
        </children>
    </event>
	<event name="InfectedZapOutpost">
        <nominal>1</nominal>
        <min>1</min>
        <max>1</max>
        <lifetime>6</lifetime>
        <restock>0</restock>
        <saferadius>200</saferadius>
        <distanceradius>50</distanceradius>
        <cleanupradius>200</cleanupradius>
        <flags deletable="0" init_random="0" remove_damaged="1"/>
        <position>player</position>
        <limit>custom</limit>
        <active>1</active>
        <children>
            <child lootmax="5" lootmin="0" max="0" min="20" type="ZmbM_PatrolNormal_Autumn"/>
            <child lootmax="5" lootmin="0" max="0" min="10" type="ZmbF_DoctorSkinny"/>
            <child lootmax="5" lootmin="0" max="0" min="10" type="ZmbM_PatrolNormal_Flat"/>
            <child lootmax="5" lootmin="0" max="0" min="20" type="ZmbM_PatrolNormal_PautRev"/>
            <child lootmax="5" lootmin="0" max="0" min="10" type="ZmbM_PatrolNormal_Summer"/>
            <child lootmax="5" lootmin="0" max="0" min="20" type="ZmbM_SoldierNormal"/>
            <child lootmax="5" lootmin="0" max="0" min="5" type="ZmbM_usSoldier_Heavy_Woodland"/>
            <child lootmax="5" lootmin="0" max="0" min="5" type="ZmbM_usSoldier_Officer_Desert"/>
            <child lootmax="5" lootmin="0" max="0" min="5" type="ZmbM_usSoldier_normal_Desert"/>
            <child lootmax="5" lootmin="0" max="0" min="5" type="ZmbM_usSoldier_normal_Woodland"/>
        </children>
    </event>
	<event name="InfectedPolana">
        <nominal>1</nominal>
        <min>1</min>
        <max>1</max>
        <lifetime>6</lifetime>
        <restock>0</restock>
        <saferadius>200</saferadius>
        <distanceradius>50</distanceradius>
        <cleanupradius>200</cleanupradius>
        <flags deletable="0" init_random="0" remove_damaged="1"/>
        <position>player</position>
        <limit>custom</limit>
        <active>1</active>
        <children>
            <child lootmax="5" lootmin="0" max="1" min="1" type="ZmbM_PatrolNormal_Autumn"/>
            <child lootmax="5" lootmin="0" max="1" min="1" type="ZmbM_PatrolNormal_Flat"/>
            <child lootmax="5" lootmin="0" max="1" min="1" type="ZmbM_PatrolNormal_PautRev"/>
            <child lootmax="5" lootmin="0" max="1" min="1" type="ZmbM_PatrolNormal_Summer"/>
            <child lootmax="5" lootmin="0" max="1" min="1" type="ZmbM_SoldierNormal"/>
            <child lootmax="5" lootmin="0" max="1" min="1" type="ZmbM_usSoldier_Heavy_Woodland"/>
            <child lootmax="5" lootmin="0" max="1" min="1" type="ZmbM_usSoldier_Officer_Desert"/>
            <child lootmax="5" lootmin="0" max="1" min="1" type="ZmbM_usSoldier_normal_Desert"/>
            <child lootmax="5" lootmin="0" max="1" min="1" type="ZmbM_usSoldier_normal_Woodland"/>
			<child lootmax="5" lootmin="0" max="1" min="1" type="ZmbM_NBC_Yellow"/>
            <child lootmax="5" lootmin="0" max="1" min="1" type="ZmbM_NBC_Yellow"/>
            <child lootmax="5" lootmin="0" max="1" min="1" type="ZmbF_PatientOld"/>
            <child lootmax="5" lootmin="0" max="1" min="1" type="ZmbM_PatientSkinny"/>
            <child lootmax="5" lootmin="0" max="1" min="1" type="ZmbM_NBC_Yellow"/>
        </children>
    </event>
	<event name="InfectedDolnikArmy">
        <nominal>3</nominal>
        <min>3</min>
        <max>3</max>
        <lifetime>6</lifetime>
        <restock>0</restock>
        <saferadius>200</saferadius>
        <distanceradius>50</distanceradius>
        <cleanupradius>200</cleanupradius>
        <flags deletable="0" init_random="0" remove_damaged="1"/>
        <position>player</position>
        <limit>custom</limit>
        <active>1</active>
        <children>
            <child lootmax="5" lootmin="0" max="0" min="20" type="ZmbM_PatrolNormal_Autumn"/>
            <child lootmax="5" lootmin="0" max="0" min="10" type="ZmbM_PatrolNormal_Flat"/>
            <child lootmax="5" lootmin="0" max="0" min="20" type="ZmbM_PatrolNormal_PautRev"/>
            <child lootmax="5" lootmin="0" max="0" min="10" type="ZmbM_PatrolNormal_Summer"/>
            <child lootmax="5" lootmin="0" max="0" min="20" type="ZmbM_SoldierNormal"/>
            <child lootmax="5" lootmin="0" max="0" min="5" type="ZmbM_usSoldier_Heavy_Woodland"/>
            <child lootmax="5" lootmin="0" max="0" min="5" type="ZmbM_usSoldier_Officer_Desert"/>
            <child lootmax="5" lootmin="0" max="0" min="5" type="ZmbM_usSoldier_normal_Desert"/>
            <child lootmax="5" lootmin="0" max="0" min="5" type="ZmbM_usSoldier_normal_Woodland"/>
        </children>
    </event>
	<event name="InfectedDolnikDoctor">
        <nominal>1</nominal>
        <min>1</min>
        <max>1</max>
        <lifetime>6</lifetime>
        <restock>0</restock>
        <saferadius>200</saferadius>
        <distanceradius>50</distanceradius>
        <cleanupradius>200</cleanupradius>
        <flags deletable="0" init_random="0" remove_damaged="1"/>
        <position>player</position>
        <limit>custom</limit>
        <active>1</active>
        <children>
            <child lootmax="5" lootmin="0" max="0" min="3" type="ZmbM_UN_WHO_WesternNBCSuit"/>
        </children>
    </event>
	<event name="InfectedWanderer">
        <nominal>50</nominal>
        <min>1</min>
        <max>100</max>
        <lifetime>6</lifetime>
        <restock>0</restock>
        <saferadius>200</saferadius>
        <distanceradius>50</distanceradius>
        <cleanupradius>200</cleanupradius>
        <flags deletable="0" init_random="0" remove_damaged="1"/>
        <position>player</position>
        <limit>custom</limit>
        <active>1</active>
        <children>
            <child lootmax="1" lootmin="0" max="1" min="0" type="ZmbM_HermitSkinny_Beige"/>
			<child lootmax="1" lootmin="0" max="1" min="0" type="ZmbM_HunterOld_Summer"/>
        </children>
    </event>
</events>