{
  "m_adminUids": [],
  "m_spawnerCategories": [
    {
      "m_name": "Items",
      "m_preffix": "CfgVehicles",
      "m_class": "Inventory_Base"
    },
    {
      "m_name": "Weapons",
      "m_preffix": "CfgWeapons",
      "m_class": "*"
    },
    {
      "m_name": "Magazines",
      "m_preffix": "CfgMagazines",
      "m_class": "*"
    },
    {
      "m_name": "Clothes",
      "m_preffix": "CfgVehicles",
      "m_class": "Clothing"
    },
    {
      "m_name": "Transport",
      "m_preffix": "CfgVehicles",
      "m_class": "Car"
    },
    {
      "m_name": "Creatures",
      "m_preffix": "CfgVehicles",
      "m_class": "DZ_LightAI"
    },
    {
      "m_name": "Buildings",
      "m_preffix": "CfgVehicles",
      "m_class": "House"
    }
  ]
}