{
  "m_startSoulsCount": 100,
  "m_respawnSoulsPrice": 0,
  "m_newchar_points": 30,
  "m_roleplay_mode": 0,
  "m_groups": [],
  "m_skillModifiers": [
    {
      "m_id": 0,
      "m_mod": 5.0,
      "m_decreaseOnDeath": 0.25
    },
    {
      "m_id": 1,
      "m_mod": 1.0,
      "m_decreaseOnDeath": 0.25
    },
    {
      "m_id": 2,
      "m_mod": 1.0,
      "m_decreaseOnDeath": 0.25
    },
    {
      "m_id": 3,
      "m_mod": 1.0,
      "m_decreaseOnDeath": 0.25
    },
    {
      "m_id": 4,
      "m_mod": 1.0,
      "m_decreaseOnDeath": 0.25
    },
    {
      "m_id": 5,
      "m_mod": 1.0,
      "m_decreaseOnDeath": 0.25
    },
    {
      "m_id": 6,
      "m_mod": 1.0,
      "m_decreaseOnDeath": 0.25
    },
    {
      "m_id": 7,
      "m_mod": 1.0,
      "m_decreaseOnDeath": 0.25
    },
    {
      "m_id": 8,
      "m_mod": 1.0,
      "m_decreaseOnDeath": 0.25
    },
    {
      "m_id": 9,
      "m_mod": 1.0,
      "m_decreaseOnDeath": 0.25
    },
    {
      "m_id": 10,
      "m_mod": 1.0,
      "m_decreaseOnDeath": 0.25
    },
    {
      "m_id": 11,
      "m_mod": 1.0,
      "m_decreaseOnDeath": 0.25
    },
    {
      "m_id": 12,
      "m_mod": 1.0,
      "m_decreaseOnDeath": 0.25
    },
    {
      "m_id": 13,
      "m_mod": 1.0,
      "m_decreaseOnDeath": 0.25
    },
    {
      "m_id": 14,
      "m_mod": 1.0,
      "m_decreaseOnDeath": 0.25
    },
    {
      "m_id": 15,
      "m_mod": 1.0,
      "m_decreaseOnDeath": 0.25
    },
    {
      "m_id": 16,
      "m_mod": 1.0,
      "m_decreaseOnDeath": 0.25
    },
    {
      "m_id": 17,
      "m_mod": 1.0,
      "m_decreaseOnDeath": 0.25
    }
  ],
  "m_startMedicKit": [
    "BandageDressing",
    "AmpouleAlcohol",
    "TabletsAnalgin"
  ],
  "m_startStealthKit": [
    "GhillieBushrag_Mossy",
    "MKII",
    "AmmoBox_22_50Rnd"
  ],
  "m_startSurvivorKit": [
    "Matchbox",
    "Canteen",
    "Crackers"
  ]
}