<?xml version="1.0" encoding="UTF-8" standalone="yes"?>
<types>
	<type name="SLC_Wakazashi">
        <nominal>1</nominal>
        <lifetime>14400</lifetime>
        <restock>0</restock>
        <min>1</min>
        <quantmin>-1</quantmin>
        <quantmax>-1</quantmax>
        <cost>100</cost>
        <flags count_in_cargo="0" count_in_hoarder="0" count_in_map="1" count_in_player="0" crafted="0" deloot="0"/>
        <usage name="Police"/>
		<usage name="Military"/>
		<usage name="Hunting"/>
    </type>
    <type name="SLC_Tachi">
        <lifetime>14400</lifetime>
        <flags count_in_cargo="0" count_in_hoarder="0" count_in_map="1" count_in_player="0" crafted="0" deloot="0"/>
    </type>
	<type name="SLCTachiSheath">
        <nominal>1</nominal>
        <lifetime>14400</lifetime>
        <restock>0</restock>
        <min>1</min>
        <quantmin>-1</quantmin>
        <quantmax>-1</quantmax>
        <cost>100</cost>
        <flags count_in_cargo="0" count_in_hoarder="0" count_in_map="1" count_in_player="0" crafted="0" deloot="0"/>
		<category name="weapons"/>
		<usage name="Hunting"/>
    </type>
	<type name="SLC_Katana">
        <lifetime>14400</lifetime>
        <flags count_in_cargo="0" count_in_hoarder="0" count_in_map="1" count_in_player="0" crafted="0" deloot="0"/>
    </type>
	<type name="SLCKatanaSheath">
        <nominal>1</nominal>
        <lifetime>14400</lifetime>
        <restock>0</restock>
        <min>1</min>
        <quantmin>-1</quantmin>
        <quantmax>-1</quantmax>
        <cost>100</cost>
        <flags count_in_cargo="0" count_in_hoarder="0" count_in_map="1" count_in_player="0" crafted="0" deloot="0"/>
		<category name="weapons"/>
		<usage name="Hunting"/>
    </type>
	<type name="SLC_Ninjato">
        <lifetime>14400</lifetime>
        <flags count_in_cargo="0" count_in_hoarder="0" count_in_map="1" count_in_player="0" crafted="0" deloot="0"/>
    </type>
	<type name="SLCNinjatoSheath">
        <nominal>1</nominal>
        <lifetime>14400</lifetime>
        <restock>0</restock>
        <min>1</min>
        <quantmin>-1</quantmin>
        <quantmax>-1</quantmax>
        <cost>100</cost>
        <flags count_in_cargo="0" count_in_hoarder="0" count_in_map="1" count_in_player="0" crafted="0" deloot="0"/>
		<category name="weapons"/>
		<usage name="Hunting"/>
    </type>
</types>