<?xml version="1.0" encoding="UTF-8" standalone="yes" ?>
<economycore>
	<classes>
		<rootclass name="DefaultWeapon" /> <!-- weapons -->
		<rootclass name="DefaultMagazine" /> <!-- magazines -->
		<rootclass name="Inventory_Base" /> <!-- inventory items -->
		<rootclass name="HouseNoDestruct" reportMemoryLOD="no" /> <!-- houses, wrecks -->
		<rootclass name="SurvivorBase" act="character" reportMemoryLOD="no" /> <!-- player characters -->
		<rootclass name="DZ_LightAI" act="character" reportMemoryLOD="no" /> <!-- infected, animals -->
		<rootclass name="CarScript" act="car" reportMemoryLOD="no" /> <!-- cars (sedan, hatchback, transitBus, V3S, ...) -->
		<rootclass name="BoatScript" act="boat" reportMemoryLOD="no" /> <!-- boats -->
	</classes>
	<defaults>
		<default name="dyn_radius" value="30" />
		<default name="dyn_smin" value="0" />
		<default name="dyn_smax" value="0" />
		<default name="dyn_dmin" value="1" />
		<default name="dyn_dmax" value="5" />
		<default name="log_ce_loop" value="false"/>
		<default name="log_ce_dynamicevent" value="false"/>
		<default name="log_ce_vehicle" value="false"/>
		<default name="log_ce_lootspawn" value="false"/>
		<default name="log_ce_lootcleanup" value="false"/>
		<default name="log_ce_lootrespawn" value="false"/>
		<default name="log_ce_statistics" value="true"/>
		<default name="log_ce_zombie" value="false"/>
		<default name="log_ce_animal" value="false"/>
		<default name="log_storageinfo" value="false"/>
		<default name="log_hivewarning" value="true"/>
		<default name="log_missionfilewarning" value="true"/>
		<default name="save_events_startup" value="true"/>
		<default name="save_types_startup" value="true"/>
	</defaults>
	<!-- Holiday types -->
	<ce folder="db">
		<file name="holiday_types.xml" type="types" />
	</ce>
	<!-- Custom types -->
	<ce folder="db/CustomTypes/#Seasonal">
		<file name="events.xml" type="events" />
		<file name="types.xml" type="types" />
	</ce>
	<ce folder="db/CustomTypes/CS_WeaponPack">
		<file name="types.xml" type="types" />
	</ce>
	<ce folder="db/CustomTypes/BreachingCharge">
		<file name="types.xml" type="types" />
	</ce>
	<ce folder="db/CustomTypes/EnhancedFlags">
		<file name="types.xml" type="types" />
	</ce>
	<ce folder="db/CustomTypes/DDU">
		<file name="types.xml" type="types" />
		<file name="cfgspawnabletypes.xml" type="spawnabletypes" />
	</ce>
	<ce folder="db/CustomTypes/SpaceCat">
		<file name="types.xml" type="types" />
		<file name="cfgspawnabletypes.xml" type="spawnabletypes" />
	</ce>
	<ce folder="db/CustomTypes/AmbientAnimals">
		<file name="types.xml" type="types" />
		<file name="events.xml" type="events" />
	</ce>
	<ce folder="db/CustomTypes/Expansion">
		<file name="expansion_types.xml" type="types" />
		<file name="expansion_spawnabletypes.xml" type="spawnabletypes" />
		<file name="expansion_events.xml" type="events" />
	</ce>
	<ce folder="db/CustomTypes/Zenarchist">
		<file name="types.xml" type="types" />
		<file name="events.xml" type="events" />
		<file name="cfgspawnabletypes.xml" type="spawnabletypes" />
	</ce>
	<ce folder="db/CustomTypes/Armaverse">
		<file name="AVEquip_types.xml" type="types" />
		<file name="AVZmb_types.xml" type="types" />
		<file name="cfgspawnabletypes.xml" type="spawnabletypes" />
		<file name="events.xml" type="events" />
	</ce>
	<ce folder="db/CustomTypes/BastardBike">
		<file name="types.xml" type="types" />
		<file name="spawnabletypes.xml" type="spawnabletypes" />
	</ce>
	<ce folder="db/CustomTypes/Snowmobiles">
		<file name="types.xml" type="types" />
		<file name="spawnabletypes.xml" type="spawnabletypes" />
	</ce>
	<ce folder="db/CustomTypes/GebsFishing">
		<file name="types.xml" type="types" />
	</ce>
	<ce folder="db/CustomTypes/Facepaint">
		<file name="types.xml" type="types" />
	</ce>
	<ce folder="db/CustomTypes/Dog">
		<file name="types.xml" type="types" />
	</ce>
	<ce folder="db/CustomTypes/BBP">
		<file name="types.xml" type="types" />
	</ce>
	<ce folder="db/CustomTypes/Crocodile">
		<file name="types.xml" type="types" />
	</ce>
	<ce folder="db/CustomTypes/Drones">
		<file name="types.xml" type="types" />
	</ce>
	<ce folder="db/CustomTypes/Cabin">
		<file name="types.xml" type="types" />
	</ce>
	<ce folder="db/CustomTypes/Syberia">
		<file name="types.xml" type="types" />
		<file name="cfgspawnabletypes.xml" type="spawnabletypes" />
	</ce>
	<ce folder="db/CustomTypes/SpurglesBags">
		<file name="types.xml" type="types" />
	</ce>
	<ce folder="db/CustomTypes/Tanning">
		<file name="types.xml" type="types" />
	</ce>
	<ce folder="db/CustomTypes/AnimalHeads">
		<file name="types.xml" type="types" />
	</ce>
	<ce folder="db/CustomTypes/Books">
		<file name="types.xml" type="types" />
	</ce>
	<ce folder="db/CustomTypes/Boomlay">
		<file name="types.xml" type="types" />
	</ce>
	<ce folder="db/CustomTypes/EmptyFood">
		<file name="types.xml" type="types" />
	</ce>
	<ce folder="db/CustomTypes/Treasure">
		<file name="types.xml" type="types" />
		<file name="cfgspawnabletypes.xml" type="spawnabletypes" />
	</ce>
	<ce folder="db/CustomTypes/WCP">
		<file name="types.xml" type="types" />
	</ce>
	<ce folder="db/CustomTypes/AdvancedScopes">
		<file name="types.xml" type="types" />
	</ce>
	<ce folder="db/CustomTypes/Swords">
		<file name="types.xml" type="types" />
		<file name="cfgspawnabletypes.xml" type="spawnabletypes" />
	</ce>
</economycore>