<?xml version="1.0" encoding="UTF-8" standalone="yes" ?>
<env>
	<!-- GENERAL Territories Section -->
	<territories>
		<file path="env/cattle_territories.xml" />
		<file path="env/sheep_goat_territories.xml" />
		<file path="env/red_deer_territories.xml" />
		<file path="env/roe_deer_territories.xml" />
		<file path="env/wild_boar_territories.xml" />
		<file path="env/pig_territories.xml" />
		<file path="env/hen_territories.xml" />
		<file path="env/hare_territories.xml" />
		<file path="env/fox_territories.xml" />
		<file path="env/wolf_territories.xml" />
		<file path="env/zombie_territories.xml" />
		<file path="env/bear_territories.xml" />

		<territory type="Herd" name="Deer" behavior="DZDeerGroupBeh">
			<file usable="red_deer_territories" />
		</territory>
		<territory type="Herd" name="RoeDeer" behavior="DZDeerGroupBeh">
			<file usable="roe_deer_territories" />
		</territory>
		<territory type="Herd" name="Bear" behavior="BlissBearGroupBeh">
			<file usable="bear_territories" />
		</territory>
		<territory type="Herd" name="PolarBear" behavior="BlissBearGroupBeh">
			<file usable="bear_territories" /> 
		</territory>
		<territory type="Herd" name="Cow" behavior="DZdomesticGroupBeh">
			<file usable="cattle_territories" />
		</territory>
		<territory type="Herd" name="WildBoar" behavior="DZDeerGroupBeh">
			<file usable="wild_boar_territories" />
		</territory>
		<territory type="Herd" name="Sheep" behavior="DZSheepGroupBeh">
			<file usable="sheep_goat_territories" />
		</territory>
		<territory type="Herd" name="Goat" behavior="DZSheepGroupBeh">
			<file usable="sheep_goat_territories" />
		</territory>
		<territory type="Herd" name="Wolf" behavior="DZWolfGroupBeh">
			<file usable="wolf_territories" />
		</territory>
		<territory type="Herd" name="Pig" behavior="DZSheepGroupBeh">
			<file usable="pig_territories" />
		</territory>

		<!-- HEN -->
		<territory type="Ambient" name="AmbientHen" behavior="DZAmbientLifeGroupBeh">
			<file usable="hen_territories" />
			<!-- different agent types - class has to begin with AgentType:w -->
			<agent type="Male" chance="1">
				<spawn configName="Animal_GallusGallusDomesticus" chance="1" />
			</agent>
			<agent type="Female" chance="3">
				<spawn configName="Animal_GallusGallusDomesticusF_Brown" chance="1" />
				<spawn configName="Animal_GallusGallusDomesticusF_Spotted" chance="10" />
				<spawn configName="Animal_GallusGallusDomesticusF_White" chance="20" />
			</agent>
			<item name="zoneTouchDisableEditPeriodSec" val="180" />
		</territory>

		<!-- HARE -->
		<territory type="Ambient" name="AmbientHare" behavior="DZAmbientLifeGroupBeh">
			<file usable="hare_territories" />
			<!-- different agent types - class has to begin with AgentType:w -->
			<agent type="Male" chance="1">
				<spawn configName="Animal_LepusEuropaeus" chance="1" />
			</agent>
			<agent type="Female" chance="1">
				<spawn configName="Animal_LepusEuropaeus" chance="1" />
			</agent>
			<item name="zoneTouchDisableEditPeriodSec" val="300" />
		</territory>

		<!-- FOX -->
		<territory type="Ambient" name="AmbientFox" behavior="DZAmbientLifeGroupBeh">
			<file usable="fox_territories" />
			<!-- different agent types - class has to begin with AgentType:w -->
			<agent type="Male" chance="1">
				<spawn configName="Animal_VulpesVulpes" chance="1" />
			</agent>
			<agent type="Female" chance="1">
				<spawn configName="Animal_VulpesVulpes" chance="1" />
			</agent>
			<item name="zoneTouchDisableEditPeriodSec" val="450" />
		</territory>

		<!-- INFECTED -->
		<territory type="Herd" name="ZombieTest" behavior="DZdomesticGroupBeh">
			<file usable="zombie_territories" />
			<!-- different agent types - class has to begin with AgentType:w -->
			<agent type="Male">
				<spawn configName="ZombieMale3_NewAI" />
				<item name="countMin" val="0" />
				<item name="countMax" val="0" />
			</agent>
			<agent type="Female">
				<spawn configName="ZombieFemale3_NewAI" />
				<item name="countMin" val="0" />
				<item name="countMax" val="0" />
			</agent>

			<!-- count of herds of this type in the map -->
			<item name="herdsCount" val="0" />
		</territory>
		
		<!-- Ambient Animals -->
		<file path="env/seagull_territories.xml" />
		<file path="env/rat_territories.xml" />
		<file path="env/rabbit_territories.xml" />
		<file path="env/raven_territories.xml" />
		<file path="env/snake_territories.xml" />
		<file path="env/squirrel_territories.xml" />
		<file path="env/otter_territories.xml" />
		
		<!-- SEAGULL -->
		<territory type="Ambient" name="AmbientSeagull" behavior="DZSeagullGroupBeh">
			<file usable="seagull_territories" />
			<!-- different agent types - class has to begin with AgentType:w -->
			<agent type="Male" chance="1">
				<spawn configName="Animal_Seagull_Airborne" chance="1" />
			</agent>
			<agent type="Female" chance="1">
				<spawn configName="Animal_Seagull" chance="1" />
			</agent>

			<item name="zoneTouchDisableEditPeriodSec" val="180" />
		</territory>
		
		<!-- Snakes -->
		<territory type="Herd" name="Snake" behavior="DZSnakeGroupBeh">
			<file usable="snake_territories" />
		</territory>
		
		<!-- OTTER -->
		<territory type="Ambient" name="AmbientOtter" behavior="DZOtterGroupBeh">
			<file usable="otter_territories" />
			<!-- different agent types - class has to begin with AgentType:w -->
			<agent type="Male" chance="1">
				<spawn configName="Animal_Otter" chance="1" />
			</agent>
			<agent type="Female" chance="1">
				<spawn configName="Animal_Otter" chance="1" />
			</agent>

			<item name="zoneTouchDisableEditPeriodSec" val="180" />
		</territory>
		
		<!-- Squirrel -->
		<territory type="Ambient" name="AmbientSquirrel" behavior="DZSquirrelGroupBeh">
			<file usable="squirrel_territories" />
			<!-- different agent types - class has to begin with AgentType:w -->
			<agent type="Male" chance="1">
				<spawn configName="Animal_Squirrel" chance="1" />
			</agent>
			<agent type="Female" chance="1">
				<spawn configName="Animal_Squirrel" chance="1" />
			</agent>
			<item name="zoneTouchDisableEditPeriodSec" val="180" />
		</territory>
	
		<!-- RAVENS -->
		<territory type="Ambient" name="AmbientRaven" behavior="DZRavenGroupBeh">
			<file usable="raven_territories" />
			<agent type="Male" chance="1">
				<spawn configName="Animal_Raven_Airborne" chance="1" />
			</agent>
			<agent type="Female" chance="1">
				<spawn configName="Animal_Raven" chance="30" />
				<spawn configName="Animal_Raven2" chance="20" />
			</agent>

			<item name="zoneTouchDisableEditPeriodSec" val="180" />
		</territory>
		
		<!-- RATS -->
		<territory type="Ambient" name="AmbientRat" behavior="DZRatGroupBeh">
			<file usable="rat_territories" />
			<agent type="Male" chance="1">
				<spawn configName="Animal_Rat_Grey" chance="10" />
			</agent>
			<agent type="Female" chance="1">
				<spawn configName="Animal_Rat_White" chance="20" />
			</agent>

			<item name="zoneTouchDisableEditPeriodSec" val="180" />
		</territory>

		<!-- RABBIT -->
		<territory type="Ambient" name="AmbientRabbit" behavior="DZRabbitGroupBeh">
			<file usable="rabbit_territories" />
			<!-- different agent types - class has to begin with AgentType:w -->
			<agent type="Male" chance="1">
				<spawn configName="Animal_Rabbit_Grey" chance="1" />
			</agent>
			<agent type="Female" chance="1">
				<spawn configName="Animal_Rabbit_Brown" chance="1" />
			</agent>

			<item name="zoneTouchDisableEditPeriodSec" val="180" />
		</territory>
		
		
		
		<!-- Predator animals -->
		<file path="env/croco_territories.xml" />
		<file path="env/dog_territories.xml" />
		
		<!-- Hunterz animals -->
		<territory type="Herd" name="Crocodile1" behavior="DZCrocoGroupBeh">
			<file usable="croco_territories" />
		</territory>
		<territory type="Herd" name="Crocodile2" behavior="DZCrocoGroupBeh">
			<file usable="croco_territories" />
		</territory>
		<territory type="Herd" name="Crocodile3" behavior="DZCrocoGroupBeh">
			<file usable="croco_territories" />
		</territory>
		<territory type="Herd" name="Crocodile4" behavior="DZCrocoGroupBeh">
			<file usable="croco_territories" />
		</territory>
		<territory type="Herd" name="Crocodile5" behavior="DZCrocoGroupBeh">
			<file usable="croco_territories" />
		</territory>
		
		<territory type="Herd" name="WildDog" behavior="DZWolfGroupBeh">
			<file usable="dog_territories" />
		</territory>

		<!-- Hyenas -->
		<file path="env/zen_hyena_territories.xml" />
		<territory type="Herd" name="Hyena" behavior="DZWolfGroupBeh">
			<file usable="zen_hyena_territories" />
		</territory>
		
		<!-- ZEN Fox
		<file path="env/zen_fox_territories.xml" />
		<territory type="Herd" name="Fox" behavior="DZWolfGroupBeh">
			<file usable="zen_fox_territories"/>
		</territory>-->
		
		<!-- Bears -->
		<file path="env/blood_bear_territories.xml" />
		<territory type="Herd" name="PolarBloodBear" behavior="BlissBearGroupBeh">
			<file usable="blood_bear_territories" />
		</territory>
		<territory type="Herd" name="BloodBear" behavior="BlissBearGroupBeh">
			<file usable="blood_bear_territories" />
		</territory>
		<file path="env/black_bear_territories.xml" />
		<territory type="Herd" name="BlackBear" behavior="BlissBearGroupBeh">
			<file usable="black_bear_territories" />
		</territory>
		
		<!-- Black & brown wolf -->
		<file path="env/zen_southern_wolf_territories.xml" />
		<territory type="Herd" name="BlackWolf" behavior="DZWolfGroupBeh">
			<file usable="zen_southern_wolf_territories"/>
		</territory>
		<territory type="Herd" name="BrownWolf" behavior="DZWolfGroupBeh">
			<file usable="zen_southern_wolf_territories"/>
		</territory>
		
		<!-- Vanilla animals -->
		<territory type="Herd" name="Deer" behavior="DZDeerGroupBeh">
			<file usable="red_deer_territories" />
		</territory>
		<territory type="Herd" name="RoeDeer" behavior="DZDeerGroupBeh">
			<file usable="roe_deer_territories" />
		</territory>
		<territory type="Herd" name="Cow" behavior="DZdomesticGroupBeh">
			<file usable="cattle_territories" />
		</territory>
		<territory type="Herd" name="WildBoar" behavior="DZDeerGroupBeh">
			<file usable="wild_boar_territories" />
		</territory>
		<territory type="Herd" name="Sheep" behavior="DZSheepGroupBeh">
			<file usable="sheep_goat_territories" />
		</territory>
		<territory type="Herd" name="Goat" behavior="DZSheepGroupBeh">
			<file usable="sheep_goat_territories" />
		</territory>
		<territory type="Herd" name="Wolf" behavior="DZWolfGroupBeh">
			<file usable="wolf_territories" />
		</territory>
		<territory type="Herd" name="Pig" behavior="DZSheepGroupBeh">
			<file usable="pig_territories" />
		</territory>
	</territories>
</env>