{
    "ConfigVersion": 28,
    "ID": 4,
    "ObjectiveType": 8,
    "ObjectiveText": "Kill the Bandits",
    "TimeLimit": -1,
    "Active": 1,
    "InfectedDeletionRadius": 50.0,
    "MaxDistance": -1.0,
    "MinDistance": -1.0,
    "AllowedWeapons": [],
    "AllowedDamageZones": [],
    "AISpawns": [
        {
            "Name": "Bandit",
            "Persist": 0,
            "Faction": "Shamans",
            "Formation": "RANDOM",
            "FormationLooseness": 0.0,
            "Loadout": "Bunker_BanditLoadout",
            "Units": [
                "eAI_SurvivorF_Eva",
                "eAI_SurvivorF_Frida",
                "eAI_SurvivorF_Gabi",
                "eAI_SurvivorF_Helga",
                "eAI_SurvivorF_Irena",
                "eAI_SurvivorF_Judy",
                "eAI_SurvivorF_Keiko",
                "eAI_SurvivorF_Linda",
                "eAI_SurvivorF_Maria",
                "eAI_SurvivorF_Naomi",
                "eAI_SurvivorF_Baty",
                "eAI_SurvivorM_Boris",
                "eAI_SurvivorM_Cyril",
                "eAI_SurvivorM_Denis",
                "eAI_SurvivorM_Elias",
                "eAI_SurvivorM_Francis",
                "eAI_SurvivorM_Guo",
                "eAI_SurvivorM_Hassan",
                "eAI_SurvivorM_Indar",
                "eAI_SurvivorM_Jose",
                "eAI_SurvivorM_Kaito",
                "eAI_SurvivorM_Lewis",
                "eAI_SurvivorM_Manua",
                "eAI_SurvivorM_Mirek",
                "eAI_SurvivorM_Niki",
                "eAI_SurvivorM_Oliver",
                "eAI_SurvivorM_Peter",
                "eAI_SurvivorM_Quinn",
                "eAI_SurvivorM_Rolf",
                "eAI_SurvivorM_Seth",
                "eAI_SurvivorM_Taiki"
            ],
            "NumberOfAI": 1,
            "Behaviour": "HALT",
            "Speed": "STATIC",
            "UnderThreatSpeed": "SPRINT",
            "CanBeLooted": 1,
            "UnlimitedReload": 1,
            "SniperProneDistanceThreshold": 300.0,
            "AccuracyMin": 0.5,
            "AccuracyMax": 0.9,
            "ThreatDistanceLimit": 50.0,
            "NoiseInvestigationDistanceLimit": -1.0,
            "DamageMultiplier": 1.0,
            "DamageReceivedMultiplier": 1.0,
            "MinDistRadius": 0.10000000149011612,
            "MaxDistRadius": 50.0,
            "DespawnRadius": 500.0,
            "MinSpreadRadius": 0.0,
            "MaxSpreadRadius": 0.0,
            "Chance": 1.0,
            "WaypointInterpolation": "",
            "DespawnTime": 1800.0,
            "RespawnTime": 1800.0,
            "UseRandomWaypointAsStartPoint": 1,
            "Waypoints": [
                [
                    1783.1387939453126,
                    362.3782043457031,
                    3821.7666015625
                ]
            ]
        },
        {
            "Name": "Bandit",
            "Persist": 0,
            "Faction": "Shamans",
            "Formation": "RANDOM",
            "FormationLooseness": 0.0,
            "Loadout": "Bunker_BanditLoadout",
            "Units": [
                "eAI_SurvivorF_Eva",
                "eAI_SurvivorF_Frida",
                "eAI_SurvivorF_Gabi",
                "eAI_SurvivorF_Helga",
                "eAI_SurvivorF_Irena",
                "eAI_SurvivorF_Judy",
                "eAI_SurvivorF_Keiko",
                "eAI_SurvivorF_Linda",
                "eAI_SurvivorF_Maria",
                "eAI_SurvivorF_Naomi",
                "eAI_SurvivorF_Baty",
                "eAI_SurvivorM_Boris",
                "eAI_SurvivorM_Cyril",
                "eAI_SurvivorM_Denis",
                "eAI_SurvivorM_Elias",
                "eAI_SurvivorM_Francis",
                "eAI_SurvivorM_Guo",
                "eAI_SurvivorM_Hassan",
                "eAI_SurvivorM_Indar",
                "eAI_SurvivorM_Jose",
                "eAI_SurvivorM_Kaito",
                "eAI_SurvivorM_Lewis",
                "eAI_SurvivorM_Manua",
                "eAI_SurvivorM_Mirek",
                "eAI_SurvivorM_Niki",
                "eAI_SurvivorM_Oliver",
                "eAI_SurvivorM_Peter",
                "eAI_SurvivorM_Quinn",
                "eAI_SurvivorM_Rolf",
                "eAI_SurvivorM_Seth",
                "eAI_SurvivorM_Taiki"
            ],
            "NumberOfAI": 1,
            "Behaviour": "HALT",
            "Speed": "STATIC",
            "UnderThreatSpeed": "SPRINT",
            "CanBeLooted": 1,
            "UnlimitedReload": 1,
            "SniperProneDistanceThreshold": 300.0,
            "AccuracyMin": 0.5,
            "AccuracyMax": 0.9,
            "ThreatDistanceLimit": 50.0,
            "NoiseInvestigationDistanceLimit": -1.0,
            "DamageMultiplier": 1.0,
            "DamageReceivedMultiplier": 1.0,
            "MinDistRadius": 0.10000000149011612,
            "MaxDistRadius": 50.0,
            "DespawnRadius": 500.0,
            "MinSpreadRadius": 0.0,
            "MaxSpreadRadius": 0.0,
            "Chance": 1.0,
            "WaypointInterpolation": "",
            "DespawnTime": 1800.0,
            "RespawnTime": 1800.0,
            "UseRandomWaypointAsStartPoint": 1,
            "Waypoints": [
                [
                    1778.86083984375,
                    362.5199890136719,
                    3823.435791015625
                ]
            ]
        },
        {
            "Name": "Bandit",
            "Persist": 0,
            "Faction": "Shamans",
            "Formation": "RANDOM",
            "FormationLooseness": 0.0,
            "Loadout": "Bunker_BanditLoadout",
            "Units": [
                "eAI_SurvivorF_Eva",
                "eAI_SurvivorF_Frida",
                "eAI_SurvivorF_Gabi",
                "eAI_SurvivorF_Helga",
                "eAI_SurvivorF_Irena",
                "eAI_SurvivorF_Judy",
                "eAI_SurvivorF_Keiko",
                "eAI_SurvivorF_Linda",
                "eAI_SurvivorF_Maria",
                "eAI_SurvivorF_Naomi",
                "eAI_SurvivorF_Baty",
                "eAI_SurvivorM_Boris",
                "eAI_SurvivorM_Cyril",
                "eAI_SurvivorM_Denis",
                "eAI_SurvivorM_Elias",
                "eAI_SurvivorM_Francis",
                "eAI_SurvivorM_Guo",
                "eAI_SurvivorM_Hassan",
                "eAI_SurvivorM_Indar",
                "eAI_SurvivorM_Jose",
                "eAI_SurvivorM_Kaito",
                "eAI_SurvivorM_Lewis",
                "eAI_SurvivorM_Manua",
                "eAI_SurvivorM_Mirek",
                "eAI_SurvivorM_Niki",
                "eAI_SurvivorM_Oliver",
                "eAI_SurvivorM_Peter",
                "eAI_SurvivorM_Quinn",
                "eAI_SurvivorM_Rolf",
                "eAI_SurvivorM_Seth",
                "eAI_SurvivorM_Taiki"
            ],
            "NumberOfAI": 1,
            "Behaviour": "HALT",
            "Speed": "STATIC",
            "UnderThreatSpeed": "SPRINT",
            "CanBeLooted": 1,
            "UnlimitedReload": 1,
            "SniperProneDistanceThreshold": 300.0,
            "AccuracyMin": 0.5,
            "AccuracyMax": 0.9,
            "ThreatDistanceLimit": 50.0,
            "NoiseInvestigationDistanceLimit": -1.0,
            "DamageMultiplier": 1.0,
            "DamageReceivedMultiplier": 1.0,
            "MinDistRadius": 0.10000000149011612,
            "MaxDistRadius": 50.0,
            "DespawnRadius": 500.0,
            "MinSpreadRadius": 0.0,
            "MaxSpreadRadius": 0.0,
            "Chance": 1.0,
            "WaypointInterpolation": "",
            "DespawnTime": 1800.0,
            "RespawnTime": 1800.0,
            "UseRandomWaypointAsStartPoint": 1,
            "Waypoints": [
                [
                    1776.670654296875,
                    363.1525573730469,
                    3817.035888671875
                ]
            ]
        }
    ]
}