{
    "ConfigVersion": 28,
    "ID": 2,
    "ObjectiveType": 8,
    "ObjectiveText": "Kill the Zone Bandits",
    "TimeLimit": -1,
    "Active": 1,
    "InfectedDeletionRadius": 50.0,
    "MaxDistance": -1.0,
    "MinDistance": -1.0,
    "AllowedWeapons": [],
    "AllowedDamageZones": [],
    "AISpawns": [
        {
            "Name": "Bandit",
            "Persist": 0,
            "Faction": "Shamans",
            "Formation": "RANDOM",
            "FormationLooseness": 0.0,
            "Loadout": "YellowKing_GearedBanditContam",
            "Units": [
                "eAI_SurvivorF_Eva",
                "eAI_SurvivorF_Frida",
                "eAI_SurvivorF_Gabi",
                "eAI_SurvivorF_Helga",
                "eAI_SurvivorF_Irena",
                "eAI_SurvivorF_Judy",
                "eAI_SurvivorF_Keiko",
                "eAI_SurvivorF_Linda",
                "eAI_SurvivorF_Maria",
                "eAI_SurvivorF_Naomi",
                "eAI_SurvivorF_Baty",
                "eAI_SurvivorM_Boris",
                "eAI_SurvivorM_Cyril",
                "eAI_SurvivorM_Denis",
                "eAI_SurvivorM_Elias",
                "eAI_SurvivorM_Francis",
                "eAI_SurvivorM_Guo",
                "eAI_SurvivorM_Hassan",
                "eAI_SurvivorM_Indar",
                "eAI_SurvivorM_Jose",
                "eAI_SurvivorM_Kaito",
                "eAI_SurvivorM_Lewis",
                "eAI_SurvivorM_Manua",
                "eAI_SurvivorM_Mirek",
                "eAI_SurvivorM_Niki",
                "eAI_SurvivorM_Oliver",
                "eAI_SurvivorM_Peter",
                "eAI_SurvivorM_Quinn",
                "eAI_SurvivorM_Rolf",
                "eAI_SurvivorM_Seth",
                "eAI_SurvivorM_Taiki"
            ],
            "NumberOfAI": 1,
            "Behaviour": "HALT",
            "Speed": "STATIC",
            "UnderThreatSpeed": "STATIC",
            "CanBeLooted": 1,
            "UnlimitedReload": 1,
            "SniperProneDistanceThreshold": 300.0,
            "AccuracyMin": 0.6000000238418579,
            "AccuracyMax": 0.75,
            "ThreatDistanceLimit": 100.0,
            "NoiseInvestigationDistanceLimit": -1.0,
            "DamageMultiplier": 1.0,
            "DamageReceivedMultiplier": 1.0,
            "MinDistRadius": 50.0,
            "MaxDistRadius": 300.0,
            "DespawnRadius": 1000.0,
            "MinSpreadRadius": 0.0,
            "MaxSpreadRadius": 0.0,
            "Chance": 1.0,
            "WaypointInterpolation": "",
            "DespawnTime": 1800.0,
            "RespawnTime": 1800.0,
            "UseRandomWaypointAsStartPoint": 1,
            "Waypoints": [
                [
                    7330.25390625,
                    289.5375061035156,
                    2823.596435546875
                ],
                [
                    7314.10791015625,
                    289.5100402832031,
                    2814.678955078125
                ],
                [
                    7332.10986328125,
                    289.5096435546875,
                    2814.17333984375
                ]
            ]
        },
        {
            "Name": "Bandit",
            "Persist": 0,
            "Faction": "Shamans",
            "Formation": "RANDOM",
            "FormationLooseness": 0.0,
            "Loadout": "YellowKing_GearedBanditContam",
            "Units": [
                "eAI_SurvivorF_Eva",
                "eAI_SurvivorF_Frida",
                "eAI_SurvivorF_Gabi",
                "eAI_SurvivorF_Helga",
                "eAI_SurvivorF_Irena",
                "eAI_SurvivorF_Judy",
                "eAI_SurvivorF_Keiko",
                "eAI_SurvivorF_Linda",
                "eAI_SurvivorF_Maria",
                "eAI_SurvivorF_Naomi",
                "eAI_SurvivorF_Baty",
                "eAI_SurvivorM_Boris",
                "eAI_SurvivorM_Cyril",
                "eAI_SurvivorM_Denis",
                "eAI_SurvivorM_Elias",
                "eAI_SurvivorM_Francis",
                "eAI_SurvivorM_Guo",
                "eAI_SurvivorM_Hassan",
                "eAI_SurvivorM_Indar",
                "eAI_SurvivorM_Jose",
                "eAI_SurvivorM_Kaito",
                "eAI_SurvivorM_Lewis",
                "eAI_SurvivorM_Manua",
                "eAI_SurvivorM_Mirek",
                "eAI_SurvivorM_Niki",
                "eAI_SurvivorM_Oliver",
                "eAI_SurvivorM_Peter",
                "eAI_SurvivorM_Quinn",
                "eAI_SurvivorM_Rolf",
                "eAI_SurvivorM_Seth",
                "eAI_SurvivorM_Taiki"
            ],
            "NumberOfAI": 1,
            "Behaviour": "HALT",
            "Speed": "STATIC",
            "UnderThreatSpeed": "STATIC",
            "CanBeLooted": 1,
            "UnlimitedReload": 1,
            "SniperProneDistanceThreshold": 300.0,
            "AccuracyMin": 0.6000000238418579,
            "AccuracyMax": 0.75,
            "ThreatDistanceLimit": 100.0,
            "NoiseInvestigationDistanceLimit": -1.0,
            "DamageMultiplier": 1.0,
            "DamageReceivedMultiplier": 1.0,
            "MinDistRadius": 50.0,
            "MaxDistRadius": 300.0,
            "DespawnRadius": 1000.0,
            "MinSpreadRadius": 0.0,
            "MaxSpreadRadius": 0.0,
            "Chance": 1.0,
            "WaypointInterpolation": "",
            "DespawnTime": 1800.0,
            "RespawnTime": 1800.0,
            "UseRandomWaypointAsStartPoint": 1,
            "Waypoints": [
                [
                    7313.01025390625,
                    289.64007568359377,
                    2855.945068359375
                ],
                [
                    7325.54296875,
                    289.5356140136719,
                    2810.939453125
                ],
                [
                    7325.96533203125,
                    289.51007080078127,
                    2846.660400390625
                ]
            ]
        },
        {
            "Name": "Bandit",
            "Persist": 0,
            "Faction": "Shamans",
            "Formation": "RANDOM",
            "FormationLooseness": 0.0,
            "Loadout": "YellowKing_GearedBanditContam",
            "Units": [
                "eAI_SurvivorF_Eva",
                "eAI_SurvivorF_Frida",
                "eAI_SurvivorF_Gabi",
                "eAI_SurvivorF_Helga",
                "eAI_SurvivorF_Irena",
                "eAI_SurvivorF_Judy",
                "eAI_SurvivorF_Keiko",
                "eAI_SurvivorF_Linda",
                "eAI_SurvivorF_Maria",
                "eAI_SurvivorF_Naomi",
                "eAI_SurvivorF_Baty",
                "eAI_SurvivorM_Boris",
                "eAI_SurvivorM_Cyril",
                "eAI_SurvivorM_Denis",
                "eAI_SurvivorM_Elias",
                "eAI_SurvivorM_Francis",
                "eAI_SurvivorM_Guo",
                "eAI_SurvivorM_Hassan",
                "eAI_SurvivorM_Indar",
                "eAI_SurvivorM_Jose",
                "eAI_SurvivorM_Kaito",
                "eAI_SurvivorM_Lewis",
                "eAI_SurvivorM_Manua",
                "eAI_SurvivorM_Mirek",
                "eAI_SurvivorM_Niki",
                "eAI_SurvivorM_Oliver",
                "eAI_SurvivorM_Peter",
                "eAI_SurvivorM_Quinn",
                "eAI_SurvivorM_Rolf",
                "eAI_SurvivorM_Seth",
                "eAI_SurvivorM_Taiki"
            ],
            "NumberOfAI": 1,
            "Behaviour": "HALT_OR_LOOP",
            "Speed": "WALK",
            "UnderThreatSpeed": "SPRINT",
            "CanBeLooted": 1,
            "UnlimitedReload": 1,
            "SniperProneDistanceThreshold": 300.0,
            "AccuracyMin": 0.6000000238418579,
            "AccuracyMax": 0.75,
            "ThreatDistanceLimit": 100.0,
            "NoiseInvestigationDistanceLimit": -1.0,
            "DamageMultiplier": 1.0,
            "DamageReceivedMultiplier": 1.0,
            "MinDistRadius": 50.0,
            "MaxDistRadius": 300.0,
            "DespawnRadius": 1000.0,
            "MinSpreadRadius": 0.0,
            "MaxSpreadRadius": 0.0,
            "Chance": 1.0,
            "WaypointInterpolation": "",
            "DespawnTime": 1800.0,
            "RespawnTime": 1800.0,
            "UseRandomWaypointAsStartPoint": 1,
            "Waypoints": [
                [
                    7296.68310546875,
                    289.5100402832031,
                    2848.122802734375
                ],
                [
                    7311.4716796875,
                    289.50994873046877,
                    2821.2705078125
                ],
                [
                    7326.6357421875,
                    289.5100402832031,
                    2828.69677734375
                ],
                [
                    7317.74560546875,
                    289.5099792480469,
                    2843.40966796875
                ],
                [
                    7303.33203125,
                    289.5100402832031,
                    2835.279541015625
                ]
            ]
        },
        {
            "Name": "Bandit",
            "Persist": 0,
            "Faction": "Shamans",
            "Formation": "RANDOM",
            "FormationLooseness": 0.0,
            "Loadout": "YellowKing_GearedBanditContam",
            "Units": [
                "eAI_SurvivorF_Eva",
                "eAI_SurvivorF_Frida",
                "eAI_SurvivorF_Gabi",
                "eAI_SurvivorF_Helga",
                "eAI_SurvivorF_Irena",
                "eAI_SurvivorF_Judy",
                "eAI_SurvivorF_Keiko",
                "eAI_SurvivorF_Linda",
                "eAI_SurvivorF_Maria",
                "eAI_SurvivorF_Naomi",
                "eAI_SurvivorF_Baty",
                "eAI_SurvivorM_Boris",
                "eAI_SurvivorM_Cyril",
                "eAI_SurvivorM_Denis",
                "eAI_SurvivorM_Elias",
                "eAI_SurvivorM_Francis",
                "eAI_SurvivorM_Guo",
                "eAI_SurvivorM_Hassan",
                "eAI_SurvivorM_Indar",
                "eAI_SurvivorM_Jose",
                "eAI_SurvivorM_Kaito",
                "eAI_SurvivorM_Lewis",
                "eAI_SurvivorM_Manua",
                "eAI_SurvivorM_Mirek",
                "eAI_SurvivorM_Niki",
                "eAI_SurvivorM_Oliver",
                "eAI_SurvivorM_Peter",
                "eAI_SurvivorM_Quinn",
                "eAI_SurvivorM_Rolf",
                "eAI_SurvivorM_Seth",
                "eAI_SurvivorM_Taiki"
            ],
            "NumberOfAI": 1,
            "Behaviour": "HALT",
            "Speed": "STATIC",
            "UnderThreatSpeed": "STATIC",
            "CanBeLooted": 1,
            "UnlimitedReload": 1,
            "SniperProneDistanceThreshold": 300.0,
            "AccuracyMin": 0.6000000238418579,
            "AccuracyMax": 0.75,
            "ThreatDistanceLimit": 100.0,
            "NoiseInvestigationDistanceLimit": -1.0,
            "DamageMultiplier": 1.0,
            "DamageReceivedMultiplier": 1.0,
            "MinDistRadius": 50.0,
            "MaxDistRadius": 300.0,
            "DespawnRadius": 1000.0,
            "MinSpreadRadius": 0.0,
            "MaxSpreadRadius": 0.0,
            "Chance": 1.0,
            "WaypointInterpolation": "",
            "DespawnTime": 1800.0,
            "RespawnTime": 1800.0,
            "UseRandomWaypointAsStartPoint": 1,
            "Waypoints": [
                [
                    7303.14111328125,
                    289.53265380859377,
                    2847.754638671875
                ],
                [
                    7317.341796875,
                    289.5100402832031,
                    2833.747802734375
                ],
                [
                    7314.978515625,
                    289.5100402832031,
                    2830.078369140625
                ],
                [
                    7301.0,
                    289.5326232910156,
                    2845.69384765625
                ]
            ]
        },
        {
            "Name": "Bandit",
            "Persist": 0,
            "Faction": "Shamans",
            "Formation": "RANDOM",
            "FormationLooseness": 0.0,
            "Loadout": "YellowKing_GearedBanditContam",
            "Units": [
                "eAI_SurvivorF_Eva",
                "eAI_SurvivorF_Frida",
                "eAI_SurvivorF_Gabi",
                "eAI_SurvivorF_Helga",
                "eAI_SurvivorF_Irena",
                "eAI_SurvivorF_Judy",
                "eAI_SurvivorF_Keiko",
                "eAI_SurvivorF_Linda",
                "eAI_SurvivorF_Maria",
                "eAI_SurvivorF_Naomi",
                "eAI_SurvivorF_Baty",
                "eAI_SurvivorM_Boris",
                "eAI_SurvivorM_Cyril",
                "eAI_SurvivorM_Denis",
                "eAI_SurvivorM_Elias",
                "eAI_SurvivorM_Francis",
                "eAI_SurvivorM_Guo",
                "eAI_SurvivorM_Hassan",
                "eAI_SurvivorM_Indar",
                "eAI_SurvivorM_Jose",
                "eAI_SurvivorM_Kaito",
                "eAI_SurvivorM_Lewis",
                "eAI_SurvivorM_Manua",
                "eAI_SurvivorM_Mirek",
                "eAI_SurvivorM_Niki",
                "eAI_SurvivorM_Oliver",
                "eAI_SurvivorM_Peter",
                "eAI_SurvivorM_Quinn",
                "eAI_SurvivorM_Rolf",
                "eAI_SurvivorM_Seth",
                "eAI_SurvivorM_Taiki"
            ],
            "NumberOfAI": 1,
            "Behaviour": "HALT",
            "Speed": "STATIC",
            "UnderThreatSpeed": "STATIC",
            "CanBeLooted": 1,
            "UnlimitedReload": 1,
            "SniperProneDistanceThreshold": 300.0,
            "AccuracyMin": 0.800000011920929,
            "AccuracyMax": 0.8999999761581421,
            "ThreatDistanceLimit": 100.0,
            "NoiseInvestigationDistanceLimit": -1.0,
            "DamageMultiplier": 1.0,
            "DamageReceivedMultiplier": 1.0,
            "MinDistRadius": 50.0,
            "MaxDistRadius": 300.0,
            "DespawnRadius": 1000.0,
            "MinSpreadRadius": 0.0,
            "MaxSpreadRadius": 0.0,
            "Chance": 1.0,
            "WaypointInterpolation": "",
            "DespawnTime": 1800.0,
            "RespawnTime": 1800.0,
            "UseRandomWaypointAsStartPoint": 1,
            "Waypoints": [
                [
                    7321.84033203125,
                    289.5101013183594,
                    2852.13623046875
                ]
            ]
        }
    ]
}