{
    "ConfigVersion": 28,
    "ID": 1,
    "ObjectiveType": 8,
    "ObjectiveText": "Kill the Bandits",
    "TimeLimit": 14400,
    "Active": 1,
    "InfectedDeletionRadius": 50.0,
    "MaxDistance": -1.0,
    "MinDistance": -1.0,
    "AllowedWeapons": [],
    "AllowedDamageZones": [],
    "AISpawns": [
        {
            "Name": "Bandit",
            "Persist": 0,
            "Faction": "Shamans",
            "Formation": "RANDOM",
            "FormationLooseness": 0.0,
            "Loadout": "YellowKing_GearedBandit",
            "Units": [
                "eAI_SurvivorF_Eva",
                "eAI_SurvivorF_Frida",
                "eAI_SurvivorF_Gabi",
                "eAI_SurvivorF_Helga",
                "eAI_SurvivorF_Irena",
                "eAI_SurvivorF_Judy",
                "eAI_SurvivorF_Keiko",
                "eAI_SurvivorF_Linda",
                "eAI_SurvivorF_Maria",
                "eAI_SurvivorF_Naomi",
                "eAI_SurvivorF_Baty",
                "eAI_SurvivorM_Boris",
                "eAI_SurvivorM_Cyril",
                "eAI_SurvivorM_Denis",
                "eAI_SurvivorM_Elias",
                "eAI_SurvivorM_Francis",
                "eAI_SurvivorM_Guo",
                "eAI_SurvivorM_Hassan",
                "eAI_SurvivorM_Indar",
                "eAI_SurvivorM_Jose",
                "eAI_SurvivorM_Kaito",
                "eAI_SurvivorM_Lewis",
                "eAI_SurvivorM_Manua",
                "eAI_SurvivorM_Mirek",
                "eAI_SurvivorM_Niki",
                "eAI_SurvivorM_Oliver",
                "eAI_SurvivorM_Peter",
                "eAI_SurvivorM_Quinn",
                "eAI_SurvivorM_Rolf",
                "eAI_SurvivorM_Seth",
                "eAI_SurvivorM_Taiki"
            ],
            "NumberOfAI": 1,
            "Behaviour": "LOOP",
            "Speed": "WALK",
            "UnderThreatSpeed": "SPRINT",
            "CanBeLooted": 1,
            "UnlimitedReload": 1,
            "SniperProneDistanceThreshold": 300.0,
            "AccuracyMin": 0.699999988079071,
            "AccuracyMax": 0.800000011920929,
            "ThreatDistanceLimit": 300.0,
            "NoiseInvestigationDistanceLimit": -1.0,
            "DamageMultiplier": 1.0,
            "DamageReceivedMultiplier": 1.0,
            "MinDistRadius": 0.10000000149011612,
            "MaxDistRadius": 500.0,
            "DespawnRadius": 600.0,
            "MinSpreadRadius": 0.0,
            "MaxSpreadRadius": 0.0,
            "Chance": 1.0,
            "WaypointInterpolation": "",
            "DespawnTime": 1800.0,
            "RespawnTime": 1800.0,
            "UseRandomWaypointAsStartPoint": 1,
            "Waypoints": [
                [
                    2026.4891357421876,
                    324.5098876953125,
                    12093.6845703125
                ],
                [
                    2020.0780029296876,
                    325.24041748046877,
                    12114.537109375
                ],
                [
                    1992.0726318359376,
                    326.1169128417969,
                    12134.466796875
                ]
            ]
        },
        {
            "Name": "Bandit",
            "Persist": 0,
            "Faction": "Shamans",
            "Formation": "RANDOM",
            "FormationLooseness": 0.0,
            "Loadout": "YellowKing_GearedBandit",
            "Units": [
                "eAI_SurvivorF_Eva",
                "eAI_SurvivorF_Frida",
                "eAI_SurvivorF_Gabi",
                "eAI_SurvivorF_Helga",
                "eAI_SurvivorF_Irena",
                "eAI_SurvivorF_Judy",
                "eAI_SurvivorF_Keiko",
                "eAI_SurvivorF_Linda",
                "eAI_SurvivorF_Maria",
                "eAI_SurvivorF_Naomi",
                "eAI_SurvivorF_Baty",
                "eAI_SurvivorM_Boris",
                "eAI_SurvivorM_Cyril",
                "eAI_SurvivorM_Denis",
                "eAI_SurvivorM_Elias",
                "eAI_SurvivorM_Francis",
                "eAI_SurvivorM_Guo",
                "eAI_SurvivorM_Hassan",
                "eAI_SurvivorM_Indar",
                "eAI_SurvivorM_Jose",
                "eAI_SurvivorM_Kaito",
                "eAI_SurvivorM_Lewis",
                "eAI_SurvivorM_Manua",
                "eAI_SurvivorM_Mirek",
                "eAI_SurvivorM_Niki",
                "eAI_SurvivorM_Oliver",
                "eAI_SurvivorM_Peter",
                "eAI_SurvivorM_Quinn",
                "eAI_SurvivorM_Rolf",
                "eAI_SurvivorM_Seth",
                "eAI_SurvivorM_Taiki"
            ],
            "NumberOfAI": 1,
            "Behaviour": "HALT",
            "Speed": "STATIC",
            "UnderThreatSpeed": "SPRINT",
            "CanBeLooted": 1,
            "UnlimitedReload": 1,
            "SniperProneDistanceThreshold": 300.0,
            "AccuracyMin": 0.800000011920929,
            "AccuracyMax": 0.8999999761581421,
            "ThreatDistanceLimit": 200.0,
            "NoiseInvestigationDistanceLimit": -1.0,
            "DamageMultiplier": 1.0,
            "DamageReceivedMultiplier": 1.0,
            "MinDistRadius": 0.10000000149011612,
            "MaxDistRadius": 500.0,
            "DespawnRadius": 600.0,
            "MinSpreadRadius": 0.0,
            "MaxSpreadRadius": 0.0,
            "Chance": 1.0,
            "WaypointInterpolation": "",
            "DespawnTime": 1800.0,
            "RespawnTime": 1800.0,
            "UseRandomWaypointAsStartPoint": 1,
            "Waypoints": [
                [
                    2040.7193603515626,
                    325.78790283203127,
                    12105.1591796875
                ]
            ]
        },
        {
            "Name": "Bandit",
            "Persist": 0,
            "Faction": "Shamans",
            "Formation": "RANDOM",
            "FormationLooseness": 0.0,
            "Loadout": "YellowKing_GearedBandit",
            "Units": [
                "eAI_SurvivorF_Eva",
                "eAI_SurvivorF_Frida",
                "eAI_SurvivorF_Gabi",
                "eAI_SurvivorF_Helga",
                "eAI_SurvivorF_Irena",
                "eAI_SurvivorF_Judy",
                "eAI_SurvivorF_Keiko",
                "eAI_SurvivorF_Linda",
                "eAI_SurvivorF_Maria",
                "eAI_SurvivorF_Naomi",
                "eAI_SurvivorF_Baty",
                "eAI_SurvivorM_Boris",
                "eAI_SurvivorM_Cyril",
                "eAI_SurvivorM_Denis",
                "eAI_SurvivorM_Elias",
                "eAI_SurvivorM_Francis",
                "eAI_SurvivorM_Guo",
                "eAI_SurvivorM_Hassan",
                "eAI_SurvivorM_Indar",
                "eAI_SurvivorM_Jose",
                "eAI_SurvivorM_Kaito",
                "eAI_SurvivorM_Lewis",
                "eAI_SurvivorM_Manua",
                "eAI_SurvivorM_Mirek",
                "eAI_SurvivorM_Niki",
                "eAI_SurvivorM_Oliver",
                "eAI_SurvivorM_Peter",
                "eAI_SurvivorM_Quinn",
                "eAI_SurvivorM_Rolf",
                "eAI_SurvivorM_Seth",
                "eAI_SurvivorM_Taiki"
            ],
            "NumberOfAI": 1,
            "Behaviour": "ONCE",
            "Speed": "WALK",
            "UnderThreatSpeed": "SPRINT",
            "CanBeLooted": 1,
            "UnlimitedReload": 1,
            "SniperProneDistanceThreshold": 300.0,
            "AccuracyMin": 0.6000000238418579,
            "AccuracyMax": 0.75,
            "ThreatDistanceLimit": 1000.0,
            "NoiseInvestigationDistanceLimit": -1.0,
            "DamageMultiplier": 1.0,
            "DamageReceivedMultiplier": 1.0,
            "MinDistRadius": 0.10000000149011612,
            "MaxDistRadius": 500.0,
            "DespawnRadius": 600.0,
            "MinSpreadRadius": 0.0,
            "MaxSpreadRadius": 0.0,
            "Chance": 1.0,
            "WaypointInterpolation": "",
            "DespawnTime": 1800.0,
            "RespawnTime": 1800.0,
            "UseRandomWaypointAsStartPoint": 1,
            "Waypoints": [
                [
                    2042.1749267578126,
                    325.2870178222656,
                    12083.7314453125
                ],
                [
                    2054.685302734375,
                    324.7091064453125,
                    12092.451171875
                ],
                [
                    2042.4793701171876,
                    325.5137634277344,
                    12096.5556640625
                ]
            ]
        },
        {
            "Name": "Bandit",
            "Persist": 0,
            "Faction": "Shamans",
            "Formation": "RANDOM",
            "FormationLooseness": 0.0,
            "Loadout": "YellowKing_GearedBandit",
            "Units": [
                "eAI_SurvivorF_Eva",
                "eAI_SurvivorF_Frida",
                "eAI_SurvivorF_Gabi",
                "eAI_SurvivorF_Helga",
                "eAI_SurvivorF_Irena",
                "eAI_SurvivorF_Judy",
                "eAI_SurvivorF_Keiko",
                "eAI_SurvivorF_Linda",
                "eAI_SurvivorF_Maria",
                "eAI_SurvivorF_Naomi",
                "eAI_SurvivorF_Baty",
                "eAI_SurvivorM_Boris",
                "eAI_SurvivorM_Cyril",
                "eAI_SurvivorM_Denis",
                "eAI_SurvivorM_Elias",
                "eAI_SurvivorM_Francis",
                "eAI_SurvivorM_Guo",
                "eAI_SurvivorM_Hassan",
                "eAI_SurvivorM_Indar",
                "eAI_SurvivorM_Jose",
                "eAI_SurvivorM_Kaito",
                "eAI_SurvivorM_Lewis",
                "eAI_SurvivorM_Manua",
                "eAI_SurvivorM_Mirek",
                "eAI_SurvivorM_Niki",
                "eAI_SurvivorM_Oliver",
                "eAI_SurvivorM_Peter",
                "eAI_SurvivorM_Quinn",
                "eAI_SurvivorM_Rolf",
                "eAI_SurvivorM_Seth",
                "eAI_SurvivorM_Taiki"
            ],
            "NumberOfAI": 1,
            "Behaviour": "HALT_OR_LOOP",
            "Speed": "WALK",
            "UnderThreatSpeed": "SPRINT",
            "CanBeLooted": 1,
            "UnlimitedReload": 1,
            "SniperProneDistanceThreshold": 300.0,
            "AccuracyMin": 0.5,
            "AccuracyMax": 0.6000000238418579,
            "ThreatDistanceLimit": 1000.0,
            "NoiseInvestigationDistanceLimit": -1.0,
            "DamageMultiplier": 1.0,
            "DamageReceivedMultiplier": 1.0,
            "MinDistRadius": 0.10000000149011612,
            "MaxDistRadius": 500.0,
            "DespawnRadius": 600.0,
            "MinSpreadRadius": 0.0,
            "MaxSpreadRadius": 0.0,
            "Chance": 1.0,
            "WaypointInterpolation": "",
            "DespawnTime": 1800.0,
            "RespawnTime": 1800.0,
            "UseRandomWaypointAsStartPoint": 1,
            "Waypoints": [
                [
                    2061.4091796875,
                    324.2255859375,
                    12102.9833984375
                ],
                [
                    2051.762451171875,
                    328.4718322753906,
                    12124.53125
                ],
                [
                    2068.126953125,
                    326.2493896484375,
                    12114.6884765625
                ],
                [
                    2073.2080078125,
                    322.98443603515627,
                    12091.3720703125
                ]
            ]
        },
        {
            "Name": "Bandit",
            "Persist": 0,
            "Faction": "Shamans",
            "Formation": "RANDOM",
            "FormationLooseness": 0.0,
            "Loadout": "YellowKing_GearedBandit",
            "Units": [
                "eAI_SurvivorF_Eva",
                "eAI_SurvivorF_Frida",
                "eAI_SurvivorF_Gabi",
                "eAI_SurvivorF_Helga",
                "eAI_SurvivorF_Irena",
                "eAI_SurvivorF_Judy",
                "eAI_SurvivorF_Keiko",
                "eAI_SurvivorF_Linda",
                "eAI_SurvivorF_Maria",
                "eAI_SurvivorF_Naomi",
                "eAI_SurvivorF_Baty",
                "eAI_SurvivorM_Boris",
                "eAI_SurvivorM_Cyril",
                "eAI_SurvivorM_Denis",
                "eAI_SurvivorM_Elias",
                "eAI_SurvivorM_Francis",
                "eAI_SurvivorM_Guo",
                "eAI_SurvivorM_Hassan",
                "eAI_SurvivorM_Indar",
                "eAI_SurvivorM_Jose",
                "eAI_SurvivorM_Kaito",
                "eAI_SurvivorM_Lewis",
                "eAI_SurvivorM_Manua",
                "eAI_SurvivorM_Mirek",
                "eAI_SurvivorM_Niki",
                "eAI_SurvivorM_Oliver",
                "eAI_SurvivorM_Peter",
                "eAI_SurvivorM_Quinn",
                "eAI_SurvivorM_Rolf",
                "eAI_SurvivorM_Seth",
                "eAI_SurvivorM_Taiki"
            ],
            "NumberOfAI": 1,
            "Behaviour": "HALT_OR_LOOP",
            "Speed": "WALK",
            "UnderThreatSpeed": "SPRINT",
            "CanBeLooted": 1,
            "UnlimitedReload": 1,
            "SniperProneDistanceThreshold": 300.0,
            "AccuracyMin": 0.5,
            "AccuracyMax": 0.6000000238418579,
            "ThreatDistanceLimit": 1000.0,
            "NoiseInvestigationDistanceLimit": -1.0,
            "DamageMultiplier": 1.0,
            "DamageReceivedMultiplier": 1.0,
            "MinDistRadius": 0.10000000149011612,
            "MaxDistRadius": 500.0,
            "DespawnRadius": 600.0,
            "MinSpreadRadius": 0.0,
            "MaxSpreadRadius": 0.0,
            "Chance": 1.0,
            "WaypointInterpolation": "",
            "DespawnTime": 1800.0,
            "RespawnTime": 1800.0,
            "UseRandomWaypointAsStartPoint": 1,
            "Waypoints": [
                [
                    2044.1929931640626,
                    325.23779296875,
                    12077.3037109375
                ],
                [
                    2033.3193359375,
                    328.85662841796877,
                    12045.0615234375
                ],
                [
                    2061.05224609375,
                    322.84283447265627,
                    12052.3056640625
                ],
                [
                    2085.774658203125,
                    321.4734191894531,
                    12087.7978515625
                ]
            ]
        }
    ]
}