{
    "ConfigVersion": 28,
    "ID": 3,
    "ObjectiveType": 8,
    "ObjectiveText": "Kill the Magicians",
    "TimeLimit": -1,
    "Active": 1,
    "InfectedDeletionRadius": 50.0,
    "MaxDistance": -1.0,
    "MinDistance": -1.0,
    "AllowedWeapons": [],
    "AllowedDamageZones": [],
    "AISpawns": [
        {
            "Name": "Magician",
            "Persist": 0,
            "Faction": "Shamans",
            "Formation": "RANDOM",
            "FormationLooseness": 0.0,
            "Loadout": "WitchHunt1",
            "Units": [
                "eAI_SurvivorF_Eva",
                "eAI_SurvivorF_Frida",
                "eAI_SurvivorF_Gabi",
                "eAI_SurvivorF_Helga",
                "eAI_SurvivorF_Irena",
                "eAI_SurvivorF_Judy",
                "eAI_SurvivorF_Keiko",
                "eAI_SurvivorF_Linda",
                "eAI_SurvivorF_Maria",
                "eAI_SurvivorF_Naomi",
                "eAI_SurvivorF_Baty",
                "eAI_SurvivorM_Boris",
                "eAI_SurvivorM_Cyril",
                "eAI_SurvivorM_Denis",
                "eAI_SurvivorM_Elias",
                "eAI_SurvivorM_Francis",
                "eAI_SurvivorM_Guo",
                "eAI_SurvivorM_Hassan",
                "eAI_SurvivorM_Indar",
                "eAI_SurvivorM_Jose",
                "eAI_SurvivorM_Kaito",
                "eAI_SurvivorM_Lewis",
                "eAI_SurvivorM_Manua",
                "eAI_SurvivorM_Mirek",
                "eAI_SurvivorM_Niki",
                "eAI_SurvivorM_Oliver",
                "eAI_SurvivorM_Peter",
                "eAI_SurvivorM_Quinn",
                "eAI_SurvivorM_Rolf",
                "eAI_SurvivorM_Seth",
                "eAI_SurvivorM_Taiki"
            ],
            "NumberOfAI": 1,
            "Behaviour": "HALT",
            "Speed": "STATIC",
            "UnderThreatSpeed": "SPRINT",
            "CanBeLooted": 1,
            "UnlimitedReload": 1,
            "SniperProneDistanceThreshold": 300.0,
            "AccuracyMin": 1.0,
            "AccuracyMax": 1.0,
            "ThreatDistanceLimit": 100.0,
            "NoiseInvestigationDistanceLimit": -1.0,
            "DamageMultiplier": 1.0,
            "DamageReceivedMultiplier": 1.0,
            "MinDistRadius": 0.10000000149011612,
            "MaxDistRadius": 200.0,
            "DespawnRadius": 500.0,
            "MinSpreadRadius": 0.0,
            "MaxSpreadRadius": 0.0,
            "Chance": 1.0,
            "WaypointInterpolation": "",
            "DespawnTime": 1800.0,
            "RespawnTime": 1800.0,
            "UseRandomWaypointAsStartPoint": 1,
            "Waypoints": [
                [
                    12189.1337890625,
                    346.9228820800781,
                    1684.5279541015626
                ]
            ]
        },
        {
            "Name": "Magician",
            "Persist": 0,
            "Faction": "Shamans",
            "Formation": "RANDOM",
            "FormationLooseness": 0.0,
            "Loadout": "WitchHunt2",
            "Units": [
                "eAI_SurvivorF_Eva",
                "eAI_SurvivorF_Frida",
                "eAI_SurvivorF_Gabi",
                "eAI_SurvivorF_Helga",
                "eAI_SurvivorF_Irena",
                "eAI_SurvivorF_Judy",
                "eAI_SurvivorF_Keiko",
                "eAI_SurvivorF_Linda",
                "eAI_SurvivorF_Maria",
                "eAI_SurvivorF_Naomi",
                "eAI_SurvivorF_Baty",
                "eAI_SurvivorM_Boris",
                "eAI_SurvivorM_Cyril",
                "eAI_SurvivorM_Denis",
                "eAI_SurvivorM_Elias",
                "eAI_SurvivorM_Francis",
                "eAI_SurvivorM_Guo",
                "eAI_SurvivorM_Hassan",
                "eAI_SurvivorM_Indar",
                "eAI_SurvivorM_Jose",
                "eAI_SurvivorM_Kaito",
                "eAI_SurvivorM_Lewis",
                "eAI_SurvivorM_Manua",
                "eAI_SurvivorM_Mirek",
                "eAI_SurvivorM_Niki",
                "eAI_SurvivorM_Oliver",
                "eAI_SurvivorM_Peter",
                "eAI_SurvivorM_Quinn",
                "eAI_SurvivorM_Rolf",
                "eAI_SurvivorM_Seth",
                "eAI_SurvivorM_Taiki"
            ],
            "NumberOfAI": 1,
            "Behaviour": "HALT",
            "Speed": "STATIC",
            "UnderThreatSpeed": "SPRINT",
            "CanBeLooted": 1,
            "UnlimitedReload": 1,
            "SniperProneDistanceThreshold": 300.0,
            "AccuracyMin": 1.0,
            "AccuracyMax": 1.0,
            "ThreatDistanceLimit": 100.0,
            "NoiseInvestigationDistanceLimit": -1.0,
            "DamageMultiplier": 1.0,
            "DamageReceivedMultiplier": 1.0,
            "MinDistRadius": 0.10000000149011612,
            "MaxDistRadius": 210.0,
            "DespawnRadius": 500.0,
            "MinSpreadRadius": 0.0,
            "MaxSpreadRadius": 0.0,
            "Chance": 1.0,
            "WaypointInterpolation": "",
            "DespawnTime": 1800.0,
            "RespawnTime": 1800.0,
            "UseRandomWaypointAsStartPoint": 1,
            "Waypoints": [
                [
                    12184.201171875,
                    346.9045104980469,
                    1686.1822509765626
                ]
            ]
        },
        {
            "Name": "Magician",
            "Persist": 0,
            "Faction": "Shamans",
            "Formation": "RANDOM",
            "FormationLooseness": 0.0,
            "Loadout": "WitchHunt3",
            "Units": [
                "eAI_SurvivorF_Eva",
                "eAI_SurvivorF_Frida",
                "eAI_SurvivorF_Gabi",
                "eAI_SurvivorF_Helga",
                "eAI_SurvivorF_Irena",
                "eAI_SurvivorF_Judy",
                "eAI_SurvivorF_Keiko",
                "eAI_SurvivorF_Linda",
                "eAI_SurvivorF_Maria",
                "eAI_SurvivorF_Naomi",
                "eAI_SurvivorF_Baty",
                "eAI_SurvivorM_Boris",
                "eAI_SurvivorM_Cyril",
                "eAI_SurvivorM_Denis",
                "eAI_SurvivorM_Elias",
                "eAI_SurvivorM_Francis",
                "eAI_SurvivorM_Guo",
                "eAI_SurvivorM_Hassan",
                "eAI_SurvivorM_Indar",
                "eAI_SurvivorM_Jose",
                "eAI_SurvivorM_Kaito",
                "eAI_SurvivorM_Lewis",
                "eAI_SurvivorM_Manua",
                "eAI_SurvivorM_Mirek",
                "eAI_SurvivorM_Niki",
                "eAI_SurvivorM_Oliver",
                "eAI_SurvivorM_Peter",
                "eAI_SurvivorM_Quinn",
                "eAI_SurvivorM_Rolf",
                "eAI_SurvivorM_Seth",
                "eAI_SurvivorM_Taiki"
            ],
            "NumberOfAI": 1,
            "Behaviour": "HALT",
            "Speed": "STATIC",
            "UnderThreatSpeed": "SPRINT",
            "CanBeLooted": 1,
            "UnlimitedReload": 1,
            "SniperProneDistanceThreshold": 300.0,
            "AccuracyMin": 1.0,
            "AccuracyMax": 1.0,
            "ThreatDistanceLimit": 100.0,
            "NoiseInvestigationDistanceLimit": -1.0,
            "DamageMultiplier": 1.0,
            "DamageReceivedMultiplier": 1.0,
            "MinDistRadius": 0.10000000149011612,
            "MaxDistRadius": 220.0,
            "DespawnRadius": 500.0,
            "MinSpreadRadius": 0.0,
            "MaxSpreadRadius": 0.0,
            "Chance": 1.0,
            "WaypointInterpolation": "",
            "DespawnTime": 1800.0,
            "RespawnTime": 1800.0,
            "UseRandomWaypointAsStartPoint": 1,
            "Waypoints": [
                [
                    12181.916015625,
                    346.8945617675781,
                    1682.606201171875
                ]
            ]
        },
        {
            "Name": "Magician",
            "Persist": 0,
            "Faction": "Shamans",
            "Formation": "RANDOM",
            "FormationLooseness": 0.0,
            "Loadout": "WitchHunt4",
            "Units": [
                "eAI_SurvivorF_Eva",
                "eAI_SurvivorF_Frida",
                "eAI_SurvivorF_Gabi",
                "eAI_SurvivorF_Helga",
                "eAI_SurvivorF_Irena",
                "eAI_SurvivorF_Judy",
                "eAI_SurvivorF_Keiko",
                "eAI_SurvivorF_Linda",
                "eAI_SurvivorF_Maria",
                "eAI_SurvivorF_Naomi",
                "eAI_SurvivorF_Baty",
                "eAI_SurvivorM_Boris",
                "eAI_SurvivorM_Cyril",
                "eAI_SurvivorM_Denis",
                "eAI_SurvivorM_Elias",
                "eAI_SurvivorM_Francis",
                "eAI_SurvivorM_Guo",
                "eAI_SurvivorM_Hassan",
                "eAI_SurvivorM_Indar",
                "eAI_SurvivorM_Jose",
                "eAI_SurvivorM_Kaito",
                "eAI_SurvivorM_Lewis",
                "eAI_SurvivorM_Manua",
                "eAI_SurvivorM_Mirek",
                "eAI_SurvivorM_Niki",
                "eAI_SurvivorM_Oliver",
                "eAI_SurvivorM_Peter",
                "eAI_SurvivorM_Quinn",
                "eAI_SurvivorM_Rolf",
                "eAI_SurvivorM_Seth",
                "eAI_SurvivorM_Taiki"
            ],
            "NumberOfAI": 1,
            "Behaviour": "HALT",
            "Speed": "STATIC",
            "UnderThreatSpeed": "SPRINT",
            "CanBeLooted": 1,
            "UnlimitedReload": 1,
            "SniperProneDistanceThreshold": 300.0,
            "AccuracyMin": 1.0,
            "AccuracyMax": 1.0,
            "ThreatDistanceLimit": 100.0,
            "NoiseInvestigationDistanceLimit": -1.0,
            "DamageMultiplier": 1.0,
            "DamageReceivedMultiplier": 1.0,
            "MinDistRadius": 0.10000000149011612,
            "MaxDistRadius": 230.0,
            "DespawnRadius": 500.0,
            "MinSpreadRadius": 0.0,
            "MaxSpreadRadius": 0.0,
            "Chance": 1.0,
            "WaypointInterpolation": "",
            "DespawnTime": 1800.0,
            "RespawnTime": 1800.0,
            "UseRandomWaypointAsStartPoint": 1,
            "Waypoints": [
                [
                    12181.7109375,
                    346.8905334472656,
                    1678.740234375
                ]
            ]
        },
        {
            "Name": "Magician",
            "Persist": 0,
            "Faction": "Shamans",
            "Formation": "RANDOM",
            "FormationLooseness": 0.0,
            "Loadout": "WitchHunt5",
            "Units": [
                "eAI_SurvivorF_Eva",
                "eAI_SurvivorF_Frida",
                "eAI_SurvivorF_Gabi",
                "eAI_SurvivorF_Helga",
                "eAI_SurvivorF_Irena",
                "eAI_SurvivorF_Judy",
                "eAI_SurvivorF_Keiko",
                "eAI_SurvivorF_Linda",
                "eAI_SurvivorF_Maria",
                "eAI_SurvivorF_Naomi",
                "eAI_SurvivorF_Baty",
                "eAI_SurvivorM_Boris",
                "eAI_SurvivorM_Cyril",
                "eAI_SurvivorM_Denis",
                "eAI_SurvivorM_Elias",
                "eAI_SurvivorM_Francis",
                "eAI_SurvivorM_Guo",
                "eAI_SurvivorM_Hassan",
                "eAI_SurvivorM_Indar",
                "eAI_SurvivorM_Jose",
                "eAI_SurvivorM_Kaito",
                "eAI_SurvivorM_Lewis",
                "eAI_SurvivorM_Manua",
                "eAI_SurvivorM_Mirek",
                "eAI_SurvivorM_Niki",
                "eAI_SurvivorM_Oliver",
                "eAI_SurvivorM_Peter",
                "eAI_SurvivorM_Quinn",
                "eAI_SurvivorM_Rolf",
                "eAI_SurvivorM_Seth",
                "eAI_SurvivorM_Taiki"
            ],
            "NumberOfAI": 1,
            "Behaviour": "HALT",
            "Speed": "STATIC",
            "UnderThreatSpeed": "SPRINT",
            "CanBeLooted": 1,
            "UnlimitedReload": 1,
            "SniperProneDistanceThreshold": 300.0,
            "AccuracyMin": 1.0,
            "AccuracyMax": 1.0,
            "ThreatDistanceLimit": 100.0,
            "NoiseInvestigationDistanceLimit": -1.0,
            "DamageMultiplier": 1.0,
            "DamageReceivedMultiplier": 1.0,
            "MinDistRadius": 0.10000000149011612,
            "MaxDistRadius": 240.0,
            "DespawnRadius": 500.0,
            "MinSpreadRadius": 0.0,
            "MaxSpreadRadius": 0.0,
            "Chance": 1.0,
            "WaypointInterpolation": "",
            "DespawnTime": 1800.0,
            "RespawnTime": 1800.0,
            "UseRandomWaypointAsStartPoint": 1,
            "Waypoints": [
                [
                    12184.734375,
                    346.901123046875,
                    1676.24267578125
                ]
            ]
        },
        {
            "Name": "Magician",
            "Persist": 0,
            "Faction": "Shamans",
            "Formation": "RANDOM",
            "FormationLooseness": 0.0,
            "Loadout": "WitchHunt6",
            "Units": [
                "eAI_SurvivorF_Eva",
                "eAI_SurvivorF_Frida",
                "eAI_SurvivorF_Gabi",
                "eAI_SurvivorF_Helga",
                "eAI_SurvivorF_Irena",
                "eAI_SurvivorF_Judy",
                "eAI_SurvivorF_Keiko",
                "eAI_SurvivorF_Linda",
                "eAI_SurvivorF_Maria",
                "eAI_SurvivorF_Naomi",
                "eAI_SurvivorF_Baty",
                "eAI_SurvivorM_Boris",
                "eAI_SurvivorM_Cyril",
                "eAI_SurvivorM_Denis",
                "eAI_SurvivorM_Elias",
                "eAI_SurvivorM_Francis",
                "eAI_SurvivorM_Guo",
                "eAI_SurvivorM_Hassan",
                "eAI_SurvivorM_Indar",
                "eAI_SurvivorM_Jose",
                "eAI_SurvivorM_Kaito",
                "eAI_SurvivorM_Lewis",
                "eAI_SurvivorM_Manua",
                "eAI_SurvivorM_Mirek",
                "eAI_SurvivorM_Niki",
                "eAI_SurvivorM_Oliver",
                "eAI_SurvivorM_Peter",
                "eAI_SurvivorM_Quinn",
                "eAI_SurvivorM_Rolf",
                "eAI_SurvivorM_Seth",
                "eAI_SurvivorM_Taiki"
            ],
            "NumberOfAI": 1,
            "Behaviour": "HALT",
            "Speed": "STATIC",
            "UnderThreatSpeed": "SPRINT",
            "CanBeLooted": 1,
            "UnlimitedReload": 1,
            "SniperProneDistanceThreshold": 300.0,
            "AccuracyMin": 1.0,
            "AccuracyMax": 1.0,
            "ThreatDistanceLimit": 100.0,
            "NoiseInvestigationDistanceLimit": -1.0,
            "DamageMultiplier": 1.0,
            "DamageReceivedMultiplier": 1.0,
            "MinDistRadius": 0.10000000149011612,
            "MaxDistRadius": 250.0,
            "DespawnRadius": 500.0,
            "MinSpreadRadius": 0.0,
            "MaxSpreadRadius": 0.0,
            "Chance": 1.0,
            "WaypointInterpolation": "",
            "DespawnTime": 1800.0,
            "RespawnTime": 1800.0,
            "UseRandomWaypointAsStartPoint": 1,
            "Waypoints": [
                [
                    12188.744140625,
                    346.9164123535156,
                    1677.1365966796876
                ]
            ]
        },
        {
            "Name": "Magician",
            "Persist": 0,
            "Faction": "Shamans",
            "Formation": "RANDOM",
            "FormationLooseness": 0.0,
            "Loadout": "WitchHunt7",
            "Units": [
                "eAI_SurvivorF_Eva",
                "eAI_SurvivorF_Frida",
                "eAI_SurvivorF_Gabi",
                "eAI_SurvivorF_Helga",
                "eAI_SurvivorF_Irena",
                "eAI_SurvivorF_Judy",
                "eAI_SurvivorF_Keiko",
                "eAI_SurvivorF_Linda",
                "eAI_SurvivorF_Maria",
                "eAI_SurvivorF_Naomi",
                "eAI_SurvivorF_Baty",
                "eAI_SurvivorM_Boris",
                "eAI_SurvivorM_Cyril",
                "eAI_SurvivorM_Denis",
                "eAI_SurvivorM_Elias",
                "eAI_SurvivorM_Francis",
                "eAI_SurvivorM_Guo",
                "eAI_SurvivorM_Hassan",
                "eAI_SurvivorM_Indar",
                "eAI_SurvivorM_Jose",
                "eAI_SurvivorM_Kaito",
                "eAI_SurvivorM_Lewis",
                "eAI_SurvivorM_Manua",
                "eAI_SurvivorM_Mirek",
                "eAI_SurvivorM_Niki",
                "eAI_SurvivorM_Oliver",
                "eAI_SurvivorM_Peter",
                "eAI_SurvivorM_Quinn",
                "eAI_SurvivorM_Rolf",
                "eAI_SurvivorM_Seth",
                "eAI_SurvivorM_Taiki"
            ],
            "NumberOfAI": 1,
            "Behaviour": "HALT",
            "Speed": "STATIC",
            "UnderThreatSpeed": "SPRINT",
            "CanBeLooted": 1,
            "UnlimitedReload": 1,
            "SniperProneDistanceThreshold": 300.0,
            "AccuracyMin": 1.0,
            "AccuracyMax": 1.0,
            "ThreatDistanceLimit": 100.0,
            "NoiseInvestigationDistanceLimit": -1.0,
            "DamageMultiplier": 1.0,
            "DamageReceivedMultiplier": 1.0,
            "MinDistRadius": 0.10000000149011612,
            "MaxDistRadius": 260.0,
            "DespawnRadius": 500.0,
            "MinSpreadRadius": 0.0,
            "MaxSpreadRadius": 0.0,
            "Chance": 1.0,
            "WaypointInterpolation": "",
            "DespawnTime": 1800.0,
            "RespawnTime": 1800.0,
            "UseRandomWaypointAsStartPoint": 1,
            "Waypoints": [
                [
                    12191.4833984375,
                    346.9252014160156,
                    1679.779052734375
                ]
            ]
        },
        {
            "Name": "Magician",
            "Persist": 0,
            "Faction": "Shamans",
            "Formation": "RANDOM",
            "FormationLooseness": 0.0,
            "Loadout": "WitchHunt8",
            "Units": [
                "eAI_SurvivorF_Eva",
                "eAI_SurvivorF_Frida",
                "eAI_SurvivorF_Gabi",
                "eAI_SurvivorF_Helga",
                "eAI_SurvivorF_Irena",
                "eAI_SurvivorF_Judy",
                "eAI_SurvivorF_Keiko",
                "eAI_SurvivorF_Linda",
                "eAI_SurvivorF_Maria",
                "eAI_SurvivorF_Naomi",
                "eAI_SurvivorF_Baty",
                "eAI_SurvivorM_Boris",
                "eAI_SurvivorM_Cyril",
                "eAI_SurvivorM_Denis",
                "eAI_SurvivorM_Elias",
                "eAI_SurvivorM_Francis",
                "eAI_SurvivorM_Guo",
                "eAI_SurvivorM_Hassan",
                "eAI_SurvivorM_Indar",
                "eAI_SurvivorM_Jose",
                "eAI_SurvivorM_Kaito",
                "eAI_SurvivorM_Lewis",
                "eAI_SurvivorM_Manua",
                "eAI_SurvivorM_Mirek",
                "eAI_SurvivorM_Niki",
                "eAI_SurvivorM_Oliver",
                "eAI_SurvivorM_Peter",
                "eAI_SurvivorM_Quinn",
                "eAI_SurvivorM_Rolf",
                "eAI_SurvivorM_Seth",
                "eAI_SurvivorM_Taiki"
            ],
            "NumberOfAI": 1,
            "Behaviour": "HALT",
            "Speed": "STATIC",
            "UnderThreatSpeed": "SPRINT",
            "CanBeLooted": 1,
            "UnlimitedReload": 1,
            "SniperProneDistanceThreshold": 300.0,
            "AccuracyMin": 1.0,
            "AccuracyMax": 1.0,
            "ThreatDistanceLimit": 100.0,
            "NoiseInvestigationDistanceLimit": -1.0,
            "DamageMultiplier": 1.0,
            "DamageReceivedMultiplier": 1.0,
            "MinDistRadius": 0.10000000149011612,
            "MaxDistRadius": 270.0,
            "DespawnRadius": 500.0,
            "MinSpreadRadius": 0.0,
            "MaxSpreadRadius": 0.0,
            "Chance": 1.0,
            "WaypointInterpolation": "",
            "DespawnTime": 1800.0,
            "RespawnTime": 1800.0,
            "UseRandomWaypointAsStartPoint": 1,
            "Waypoints": [
                [
                    12190.5703125,
                    346.9255065917969,
                    1683.2821044921876
                ]
            ]
        },
        {
            "Name": "Magician",
            "Persist": 0,
            "Faction": "Shamans",
            "Formation": "RANDOM",
            "FormationLooseness": 0.0,
            "Loadout": "WitchHunt9",
            "Units": [
                "eAI_SurvivorF_Eva",
                "eAI_SurvivorF_Frida",
                "eAI_SurvivorF_Gabi",
                "eAI_SurvivorF_Helga",
                "eAI_SurvivorF_Irena",
                "eAI_SurvivorF_Judy",
                "eAI_SurvivorF_Keiko",
                "eAI_SurvivorF_Linda",
                "eAI_SurvivorF_Maria",
                "eAI_SurvivorF_Naomi",
                "eAI_SurvivorF_Baty",
                "eAI_SurvivorM_Boris",
                "eAI_SurvivorM_Cyril",
                "eAI_SurvivorM_Denis",
                "eAI_SurvivorM_Elias",
                "eAI_SurvivorM_Francis",
                "eAI_SurvivorM_Guo",
                "eAI_SurvivorM_Hassan",
                "eAI_SurvivorM_Indar",
                "eAI_SurvivorM_Jose",
                "eAI_SurvivorM_Kaito",
                "eAI_SurvivorM_Lewis",
                "eAI_SurvivorM_Manua",
                "eAI_SurvivorM_Mirek",
                "eAI_SurvivorM_Niki",
                "eAI_SurvivorM_Oliver",
                "eAI_SurvivorM_Peter",
                "eAI_SurvivorM_Quinn",
                "eAI_SurvivorM_Rolf",
                "eAI_SurvivorM_Seth",
                "eAI_SurvivorM_Taiki"
            ],
            "NumberOfAI": 1,
            "Behaviour": "HALT",
            "Speed": "STATIC",
            "UnderThreatSpeed": "SPRINT",
            "CanBeLooted": 1,
            "UnlimitedReload": 1,
            "SniperProneDistanceThreshold": 300.0,
            "AccuracyMin": 1.0,
            "AccuracyMax": 1.0,
            "ThreatDistanceLimit": 100.0,
            "NoiseInvestigationDistanceLimit": -1.0,
            "DamageMultiplier": 1.0,
            "DamageReceivedMultiplier": 1.0,
            "MinDistRadius": 0.10000000149011612,
            "MaxDistRadius": 280.0,
            "DespawnRadius": 500.0,
            "MinSpreadRadius": 0.0,
            "MaxSpreadRadius": 0.0,
            "Chance": 1.0,
            "WaypointInterpolation": "",
            "DespawnTime": 1800.0,
            "RespawnTime": 1800.0,
            "UseRandomWaypointAsStartPoint": 1,
            "Waypoints": [
                [
                    12190.876953125,
                    346.9363098144531,
                    1692.274658203125
                ]
            ]
        },
        {
            "Name": "Magician",
            "Persist": 0,
            "Faction": "Shamans",
            "Formation": "RANDOM",
            "FormationLooseness": 0.0,
            "Loadout": "WitchHunt10",
            "Units": [
                "eAI_SurvivorF_Eva",
                "eAI_SurvivorF_Frida",
                "eAI_SurvivorF_Gabi",
                "eAI_SurvivorF_Helga",
                "eAI_SurvivorF_Irena",
                "eAI_SurvivorF_Judy",
                "eAI_SurvivorF_Keiko",
                "eAI_SurvivorF_Linda",
                "eAI_SurvivorF_Maria",
                "eAI_SurvivorF_Naomi",
                "eAI_SurvivorF_Baty",
                "eAI_SurvivorM_Boris",
                "eAI_SurvivorM_Cyril",
                "eAI_SurvivorM_Denis",
                "eAI_SurvivorM_Elias",
                "eAI_SurvivorM_Francis",
                "eAI_SurvivorM_Guo",
                "eAI_SurvivorM_Hassan",
                "eAI_SurvivorM_Indar",
                "eAI_SurvivorM_Jose",
                "eAI_SurvivorM_Kaito",
                "eAI_SurvivorM_Lewis",
                "eAI_SurvivorM_Manua",
                "eAI_SurvivorM_Mirek",
                "eAI_SurvivorM_Niki",
                "eAI_SurvivorM_Oliver",
                "eAI_SurvivorM_Peter",
                "eAI_SurvivorM_Quinn",
                "eAI_SurvivorM_Rolf",
                "eAI_SurvivorM_Seth",
                "eAI_SurvivorM_Taiki"
            ],
            "NumberOfAI": 1,
            "Behaviour": "HALT",
            "Speed": "STATIC",
            "UnderThreatSpeed": "SPRINT",
            "CanBeLooted": 1,
            "UnlimitedReload": 1,
            "SniperProneDistanceThreshold": 300.0,
            "AccuracyMin": 1.0,
            "AccuracyMax": 1.0,
            "ThreatDistanceLimit": 100.0,
            "NoiseInvestigationDistanceLimit": -1.0,
            "DamageMultiplier": 1.0,
            "DamageReceivedMultiplier": 1.0,
            "MinDistRadius": 0.10000000149011612,
            "MaxDistRadius": 290.0,
            "DespawnRadius": 500.0,
            "MinSpreadRadius": 0.0,
            "MaxSpreadRadius": 0.0,
            "Chance": 1.0,
            "WaypointInterpolation": "",
            "DespawnTime": 1800.0,
            "RespawnTime": 1800.0,
            "UseRandomWaypointAsStartPoint": 1,
            "Waypoints": [
                [
                    12185.7841796875,
                    346.9069519042969,
                    1681.79052734375
                ]
            ]
        }
    ]
}