{
    "ConfigVersion": 28,
    "ID": 5,
    "ObjectiveType": 8,
    "ObjectiveText": "Kill the Evil Scientist!",
    "TimeLimit": 300,
    "Active": 1,
    "InfectedDeletionRadius": 50.0,
    "MaxDistance": -1.0,
    "MinDistance": -1.0,
    "AllowedWeapons": [],
    "AllowedDamageZones": [],
    "AISpawns": [
        {
            "Name": "Scientist",
            "Persist": 0,
            "Faction": "Shamans",
            "Formation": "RANDOM",
            "FormationLooseness": 0.0,
            "Loadout": "Quest_LukowBunkerScientist",
            "Units": [
                "eAI_SurvivorM_Boris",
                "eAI_SurvivorM_Cyril",
                "eAI_SurvivorM_Denis",
                "eAI_SurvivorM_Elias",
                "eAI_SurvivorM_Francis",
                "eAI_SurvivorM_Guo",
                "eAI_SurvivorM_Hassan",
                "eAI_SurvivorM_Indar",
                "eAI_SurvivorM_Jose",
                "eAI_SurvivorM_Kaito",
                "eAI_SurvivorM_Lewis",
                "eAI_SurvivorM_Manua",
                "eAI_SurvivorM_Mirek",
                "eAI_SurvivorM_Niki",
                "eAI_SurvivorM_Oliver",
                "eAI_SurvivorM_Peter",
                "eAI_SurvivorM_Quinn",
                "eAI_SurvivorM_Rolf",
                "eAI_SurvivorM_Seth",
                "eAI_SurvivorM_Taiki"
            ],
            "NumberOfAI": 1,
            "Behaviour": "HALT",
            "Speed": "STATIC",
            "UnderThreatSpeed": "SPRINT",
            "CanBeLooted": 1,
            "UnlimitedReload": 1,
            "SniperProneDistanceThreshold": 300.0,
            "AccuracyMin": 0.7,
            "AccuracyMax": 0.9,
            "ThreatDistanceLimit": 50.0,
            "NoiseInvestigationDistanceLimit": -1.0,
            "DamageMultiplier": 1.0,
            "DamageReceivedMultiplier": 1.0,
            "CanBeTriggeredByAI": 0,
            "MinDistRadius": 10.0,
            "MaxDistRadius": 200.0,
            "DespawnRadius": 500.0,
            "MinSpreadRadius": 0.0,
            "MaxSpreadRadius": 0.0,
            "Chance": 1.0,
            "WaypointInterpolation": "",
            "DespawnTime": 1800.0,
            "RespawnTime": 1800.0,
            "UseRandomWaypointAsStartPoint": 1,
            "Waypoints": [
                [
                    4116.611328125,
                    5002.08642578125,
                    10161.787109375
                ]
            ]
        }
    ]
}