<?xml version="1.0" encoding="utf-8" standalone="yes"?>
<types>
	<type name="Canteen_Spur_Green">
        <nominal>1</nominal>
        <lifetime>14400</lifetime>
        <restock>3600</restock>
        <min>1</min>
        <quantmin>10</quantmin>
        <quantmax>90</quantmax>
        <cost>100</cost>
        <flags count_in_cargo="0" count_in_hoarder="0" count_in_map="1" count_in_player="0" crafted="0" deloot="0"/>
        <category name="food"/>
        <usage name="Military"/>
		<usage name="Hunting"/>
    </type>
	<type name="Canteen_Spur_Black">
        <nominal>1</nominal>
        <lifetime>14400</lifetime>
        <restock>3600</restock>
        <min>1</min>
        <quantmin>10</quantmin>
        <quantmax>90</quantmax>
        <cost>100</cost>
        <flags count_in_cargo="0" count_in_hoarder="0" count_in_map="1" count_in_player="0" crafted="0" deloot="0"/>
        <category name="food"/>
        <usage name="Military"/>
    </type>
	<type name="Canteen_Spur_Tan">
        <nominal>1</nominal>
        <lifetime>14400</lifetime>
        <restock>3600</restock>
        <min>1</min>
        <quantmin>10</quantmin>
        <quantmax>90</quantmax>
        <cost>100</cost>
        <flags count_in_cargo="0" count_in_hoarder="0" count_in_map="1" count_in_player="0" crafted="0" deloot="0"/>
        <category name="food"/>
        <usage name="Military"/>
    </type>
	<type name="Canteen_Spur_WoodlandCamo">
        <nominal>1</nominal>
        <lifetime>14400</lifetime>
        <restock>3600</restock>
        <min>1</min>
        <quantmin>10</quantmin>
        <quantmax>90</quantmax>
        <cost>100</cost>
        <flags count_in_cargo="0" count_in_hoarder="0" count_in_map="1" count_in_player="0" crafted="0" deloot="0"/>
        <category name="food"/>
        <usage name="Military"/>
    </type>
	<type name="Canteen_Spur_MultiCamo">
        <nominal>1</nominal>
        <lifetime>14400</lifetime>
        <restock>3600</restock>
        <min>1</min>
        <quantmin>10</quantmin>
        <quantmax>90</quantmax>
        <cost>100</cost>
        <flags count_in_cargo="0" count_in_hoarder="0" count_in_map="1" count_in_player="0" crafted="0" deloot="0"/>
        <category name="food"/>
        <usage name="Military"/>
    </type>
	<type name="Canteen_Spur_WinterCamo">
        <nominal>1</nominal>
        <lifetime>14400</lifetime>
        <restock>3600</restock>
        <min>1</min>
        <quantmin>10</quantmin>
        <quantmax>90</quantmax>
        <cost>100</cost>
        <flags count_in_cargo="0" count_in_hoarder="0" count_in_map="1" count_in_player="0" crafted="0" deloot="0"/>
        <category name="food"/>
        <usage name="Military"/>
    </type>
	<type name="Spur_LW_Bag_Black">
        <nominal>1</nominal>
        <lifetime>28800</lifetime>
        <restock>0</restock>
        <min>1</min>
        <quantmin>-1</quantmin>
        <quantmax>-1</quantmax>
        <cost>100</cost>
        <flags count_in_cargo="0" count_in_hoarder="0" count_in_map="1" count_in_player="0" crafted="0" deloot="0"/>
        <category name="containers"/>
        <usage name="Town"/>
        <usage name="Village"/>
        <value name="Tier2"/>
        <value name="Tier3"/>
    </type>
	<type name="Spur_LW_Bag_Blue">
        <nominal>1</nominal>
        <lifetime>28800</lifetime>
        <restock>0</restock>
        <min>1</min>
        <quantmin>-1</quantmin>
        <quantmax>-1</quantmax>
        <cost>100</cost>
        <flags count_in_cargo="0" count_in_hoarder="0" count_in_map="1" count_in_player="0" crafted="0" deloot="0"/>
        <category name="containers"/>
        <usage name="Town"/>
        <usage name="Village"/>
        <value name="Tier2"/>
        <value name="Tier3"/>
    </type>
	<type name="Spur_LW_Bag_Brown">
        <nominal>1</nominal>
        <lifetime>28800</lifetime>
        <restock>0</restock>
        <min>1</min>
        <quantmin>-1</quantmin>
        <quantmax>-1</quantmax>
        <cost>100</cost>
        <flags count_in_cargo="0" count_in_hoarder="0" count_in_map="1" count_in_player="0" crafted="0" deloot="0"/>
        <category name="containers"/>
        <usage name="Town"/>
        <usage name="Village"/>
        <value name="Tier2"/>
        <value name="Tier3"/>
    </type>
	<type name="Spur_LW_Bag_Green">
        <nominal>1</nominal>
        <lifetime>28800</lifetime>
        <restock>0</restock>
        <min>1</min>
        <quantmin>-1</quantmin>
        <quantmax>-1</quantmax>
        <cost>100</cost>
        <flags count_in_cargo="0" count_in_hoarder="0" count_in_map="1" count_in_player="0" crafted="0" deloot="0"/>
        <category name="containers"/>
        <usage name="Town"/>
        <usage name="Village"/>
        <value name="Tier2"/>
        <value name="Tier3"/>
    </type>
	<type name="Spur_LW_Bag_Grey">
        <nominal>1</nominal>
        <lifetime>28800</lifetime>
        <restock>0</restock>
        <min>1</min>
        <quantmin>-1</quantmin>
        <quantmax>-1</quantmax>
        <cost>100</cost>
        <flags count_in_cargo="0" count_in_hoarder="0" count_in_map="1" count_in_player="0" crafted="0" deloot="0"/>
        <category name="containers"/>
        <usage name="Town"/>
        <usage name="Village"/>
        <value name="Tier2"/>
        <value name="Tier3"/>
    </type>
	<type name="Spur_LW_Bag_Orange">
        <nominal>1</nominal>
        <lifetime>28800</lifetime>
        <restock>0</restock>
        <min>1</min>
        <quantmin>-1</quantmin>
        <quantmax>-1</quantmax>
        <cost>100</cost>
        <flags count_in_cargo="0" count_in_hoarder="0" count_in_map="1" count_in_player="0" crafted="0" deloot="0"/>
        <category name="containers"/>
        <usage name="Town"/>
        <usage name="Village"/>
        <value name="Tier2"/>
        <value name="Tier3"/>
    </type>
	<type name="Spur_LW_Bag_Purple">
        <nominal>1</nominal>
        <lifetime>28800</lifetime>
        <restock>0</restock>
        <min>1</min>
        <quantmin>-1</quantmin>
        <quantmax>-1</quantmax>
        <cost>100</cost>
        <flags count_in_cargo="0" count_in_hoarder="0" count_in_map="1" count_in_player="0" crafted="0" deloot="0"/>
        <category name="containers"/>
        <usage name="Town"/>
        <usage name="Village"/>
        <value name="Tier2"/>
        <value name="Tier3"/>
    </type>
	<type name="Spur_LW_Bag_Red">
        <nominal>1</nominal>
        <lifetime>28800</lifetime>
        <restock>0</restock>
        <min>1</min>
        <quantmin>-1</quantmin>
        <quantmax>-1</quantmax>
        <cost>100</cost>
        <flags count_in_cargo="0" count_in_hoarder="0" count_in_map="1" count_in_player="0" crafted="0" deloot="0"/>
        <category name="containers"/>
        <usage name="Town"/>
        <usage name="Village"/>
        <value name="Tier2"/>
        <value name="Tier3"/>
    </type>
	<!-- Military bags -->
	<type name="Spur_MilBag_Black">
        <nominal>1</nominal>
        <lifetime>28800</lifetime>
        <restock>1800</restock>
        <min>1</min>
        <quantmin>-1</quantmin>
        <quantmax>-1</quantmax>
        <cost>100</cost>
        <flags count_in_cargo="0" count_in_hoarder="0" count_in_map="1" count_in_player="0" crafted="0" deloot="0"/>
        <category name="containers"/>
        <usage name="Military"/>
        <value name="Tier3"/>
    </type>
	<type name="Spur_MilBag_Green">
        <nominal>1</nominal>
        <lifetime>28800</lifetime>
        <restock>1800</restock>
        <min>1</min>
        <quantmin>-1</quantmin>
        <quantmax>-1</quantmax>
        <cost>100</cost>
        <flags count_in_cargo="0" count_in_hoarder="0" count_in_map="1" count_in_player="0" crafted="0" deloot="0"/>
        <category name="containers"/>
        <usage name="Military"/>
        <value name="Tier3"/>
    </type>
	<type name="Spur_MilBag_Tan">
        <nominal>1</nominal>
        <lifetime>28800</lifetime>
        <restock>1800</restock>
        <min>1</min>
        <quantmin>-1</quantmin>
        <quantmax>-1</quantmax>
        <cost>100</cost>
        <flags count_in_cargo="0" count_in_hoarder="0" count_in_map="1" count_in_player="0" crafted="0" deloot="0"/>
        <category name="containers"/>
        <usage name="Military"/>
        <value name="Tier3"/>
    </type>
	<type name="Spur_MilBag_WoodlandCamo">
        <nominal>1</nominal>
        <lifetime>28800</lifetime>
        <restock>1800</restock>
        <min>1</min>
        <quantmin>-1</quantmin>
        <quantmax>-1</quantmax>
        <cost>100</cost>
        <flags count_in_cargo="0" count_in_hoarder="0" count_in_map="1" count_in_player="0" crafted="0" deloot="0"/>
        <category name="containers"/>
        <usage name="Military"/>
        <value name="Tier3"/>
    </type>
	<type name="Spur_MilBag_MultiCamo">
        <nominal>1</nominal>
        <lifetime>28800</lifetime>
        <restock>1800</restock>
        <min>1</min>
        <quantmin>-1</quantmin>
        <quantmax>-1</quantmax>
        <cost>100</cost>
        <flags count_in_cargo="0" count_in_hoarder="0" count_in_map="1" count_in_player="0" crafted="0" deloot="0"/>
        <category name="containers"/>
        <usage name="Military"/>
		<value name="Tier2"/>
        <value name="Tier3"/>
    </type>
	<type name="Spur_MilBag_WinterCamo">
        <nominal>1</nominal>
        <lifetime>28800</lifetime>
        <restock>1800</restock>
        <min>1</min>
        <quantmin>-1</quantmin>
        <quantmax>-1</quantmax>
        <cost>100</cost>
        <flags count_in_cargo="0" count_in_hoarder="0" count_in_map="1" count_in_player="0" crafted="0" deloot="1"/>
        <category name="containers"/>
        <usage name="Military"/>
		<value name="Tier2"/>
        <value name="Tier3"/>
    </type>
	<!-- Civilian trekker -->
	<type name="Spur_Treker_Yellow">
        <nominal>1</nominal>
        <lifetime>28800</lifetime>
        <restock>0</restock>
        <min>1</min>
        <quantmin>-1</quantmin>
        <quantmax>-1</quantmax>
        <cost>100</cost>
        <flags count_in_cargo="0" count_in_hoarder="0" count_in_map="1" count_in_player="0" crafted="0" deloot="0"/>
        <category name="containers"/>
        <usage name="Town"/>
        <usage name="Village"/>
		<value name="Tier1"/>
		<value name="Tier2"/>
    </type>
	<type name="Spur_Treker_Green">
        <nominal>1</nominal>
        <lifetime>28800</lifetime>
        <restock>0</restock>
        <min>1</min>
        <quantmin>-1</quantmin>
        <quantmax>-1</quantmax>
        <cost>100</cost>
        <flags count_in_cargo="0" count_in_hoarder="0" count_in_map="1" count_in_player="0" crafted="0" deloot="0"/>
        <category name="containers"/>
        <usage name="Town"/>
        <usage name="Village"/>
		<value name="Tier1"/>
		<value name="Tier2"/>
    </type>	
	<type name="Spur_Treker_Red">
        <nominal>1</nominal>
        <lifetime>28800</lifetime>
        <restock>0</restock>
        <min>1</min>
        <quantmin>-1</quantmin>
        <quantmax>-1</quantmax>
        <cost>100</cost>
        <flags count_in_cargo="0" count_in_hoarder="0" count_in_map="1" count_in_player="0" crafted="0" deloot="0"/>
        <category name="containers"/>
        <usage name="Town"/>
        <usage name="Village"/>
		<value name="Tier1"/>
		<value name="Tier2"/>
    </type>	
	<type name="Spur_Treker_Black">
        <nominal>1</nominal>
        <lifetime>28800</lifetime>
        <restock>0</restock>
        <min>1</min>
        <quantmin>-1</quantmin>
        <quantmax>-1</quantmax>
        <cost>100</cost>
        <flags count_in_cargo="0" count_in_hoarder="0" count_in_map="1" count_in_player="0" crafted="0" deloot="0"/>
        <category name="containers"/>
        <usage name="Town"/>
        <usage name="Village"/>
		<value name="Tier1"/>
		<value name="Tier2"/>
    </type>
	<type name="Spur_Treker_Blue">
        <nominal>1</nominal>
        <lifetime>28800</lifetime>
        <restock>0</restock>
        <min>1</min>
        <quantmin>-1</quantmin>
        <quantmax>-1</quantmax>
        <cost>100</cost>
        <flags count_in_cargo="0" count_in_hoarder="0" count_in_map="1" count_in_player="0" crafted="0" deloot="0"/>
        <category name="containers"/>
        <usage name="Town"/>
        <usage name="Village"/>
		<value name="Tier1"/>
		<value name="Tier2"/>
    </type>
	<!-- Military camel bag -->
	<type name="Spur_CamelBag_Black">
        <nominal>1</nominal>
        <lifetime>28800</lifetime>
        <restock>1800</restock>
        <min>0</min>
        <quantmin>-1</quantmin>
        <quantmax>-1</quantmax>
        <cost>100</cost>
        <flags count_in_cargo="0" count_in_hoarder="0" count_in_map="1" count_in_player="0" crafted="0" deloot="1"/>
        <category name="containers"/>
        <usage name="Military"/>
    </type>
	<type name="Spur_CamelBag_Green">
        <nominal>1</nominal>
        <lifetime>28800</lifetime>
        <restock>1800</restock>
        <min>0</min>
        <quantmin>-1</quantmin>
        <quantmax>-1</quantmax>
        <cost>100</cost>
        <flags count_in_cargo="0" count_in_hoarder="0" count_in_map="1" count_in_player="0" crafted="0" deloot="1"/>
        <category name="containers"/>
        <usage name="Military"/>
    </type>
	<type name="Spur_CamelBag_Tan">
        <nominal>1</nominal>
        <lifetime>28800</lifetime>
        <restock>1800</restock>
        <min>1</min>
        <quantmin>-1</quantmin>
        <quantmax>-1</quantmax>
        <cost>100</cost>
        <flags count_in_cargo="0" count_in_hoarder="0" count_in_map="1" count_in_player="0" crafted="0" deloot="0"/>
        <category name="containers"/>
        <usage name="Military"/>
		<value name="Tier3"/>
    </type>
	<type name="Spur_CamelBag_WoodlandCamo">
        <nominal>1</nominal>
        <lifetime>28800</lifetime>
        <restock>1800</restock>
        <min>0</min>
        <quantmin>-1</quantmin>
        <quantmax>-1</quantmax>
        <cost>100</cost>
        <flags count_in_cargo="0" count_in_hoarder="0" count_in_map="1" count_in_player="0" crafted="0" deloot="1"/>
        <category name="containers"/>
        <usage name="Military"/>
    </type>
	<type name="Spur_CamelBag_MultiCamo">
        <nominal>1</nominal>
        <lifetime>28800</lifetime>
        <restock>1800</restock>
        <min>0</min>
        <quantmin>-1</quantmin>
        <quantmax>-1</quantmax>
        <cost>100</cost>
        <flags count_in_cargo="0" count_in_hoarder="0" count_in_map="1" count_in_player="0" crafted="0" deloot="1"/>
        <category name="containers"/>
        <usage name="Military"/>
    </type>
	<type name="Spur_CamelBag_WinterCamo">
        <nominal>1</nominal>
        <lifetime>28800</lifetime>
        <restock>1800</restock>
        <min>0</min>
        <quantmin>-1</quantmin>
        <quantmax>-1</quantmax>
        <cost>100</cost>
        <flags count_in_cargo="0" count_in_hoarder="0" count_in_map="1" count_in_player="0" crafted="0" deloot="1"/>
        <category name="containers"/>
        <usage name="Military"/>
    </type>
	<!-- Sheath -->
	<type name="Spur_KnifeSheath_Black">
        <nominal>3</nominal>
        <lifetime>28800</lifetime>
        <restock>0</restock>
        <min>1</min>
        <quantmin>-1</quantmin>
        <quantmax>-1</quantmax>
        <cost>100</cost>
        <flags count_in_cargo="0" count_in_hoarder="0" count_in_map="1" count_in_player="0" crafted="0" deloot="0"/>
        <category name="tools"/>
        <usage name="Military"/>
    </type>
	 <type name="Spur_KnifeSheath_Green">
        <nominal>3</nominal>
        <lifetime>28800</lifetime>
        <restock>0</restock>
        <min>1</min>
        <quantmin>-1</quantmin>
        <quantmax>-1</quantmax>
        <cost>100</cost>
        <flags count_in_cargo="0" count_in_hoarder="0" count_in_map="1" count_in_player="0" crafted="0" deloot="0"/>
        <category name="tools"/>
        <usage name="Military"/>
    </type>
	 <type name="Spur_KnifeSheath_Tan">
        <nominal>3</nominal>
        <lifetime>28800</lifetime>
        <restock>0</restock>
        <min>1</min>
        <quantmin>-1</quantmin>
        <quantmax>-1</quantmax>
        <cost>100</cost>
        <flags count_in_cargo="0" count_in_hoarder="0" count_in_map="1" count_in_player="0" crafted="0" deloot="0"/>
        <category name="tools"/>
        <usage name="Military"/>
    </type>
	<!-- Smersh bag -->
	<type name="SmershBag_Spur_Green">
        <nominal>2</nominal>
        <lifetime>28800</lifetime>
        <restock>0</restock>
        <min>1</min>
        <quantmin>-1</quantmin>
        <quantmax>-1</quantmax>
        <cost>100</cost>
        <flags count_in_cargo="1" count_in_hoarder="1" count_in_map="1" count_in_player="1" crafted="0" deloot="0"/>
        <category name="containers"/>
        <usage name="Military"/>
    </type>
	<type name="SmershBag_Spur_Black">
        <nominal>2</nominal>
        <lifetime>28800</lifetime>
        <restock>0</restock>
        <min>1</min>
        <quantmin>-1</quantmin>
        <quantmax>-1</quantmax>
        <cost>100</cost>
        <flags count_in_cargo="1" count_in_hoarder="1" count_in_map="1" count_in_player="1" crafted="0" deloot="0"/>
        <category name="containers"/>
        <usage name="Military"/>
    </type>
	<type name="SmershBag_Spur_Tan">
        <nominal>2</nominal>
        <lifetime>28800</lifetime>
        <restock>0</restock>
        <min>1</min>
        <quantmin>-1</quantmin>
        <quantmax>-1</quantmax>
        <cost>100</cost>
        <flags count_in_cargo="1" count_in_hoarder="1" count_in_map="1" count_in_player="1" crafted="0" deloot="0"/>
        <category name="containers"/>
        <usage name="Military"/>
    </type>
	<type name="SmershBag_Spur_WoodlandCamo">
        <nominal>2</nominal>
        <lifetime>28800</lifetime>
        <restock>0</restock>
        <min>1</min>
        <quantmin>-1</quantmin>
        <quantmax>-1</quantmax>
        <cost>100</cost>
        <flags count_in_cargo="1" count_in_hoarder="1" count_in_map="1" count_in_player="1" crafted="0" deloot="0"/>
        <category name="containers"/>
        <usage name="Military"/>
    </type>
	<type name="SmershBag_Spur_MultiCamo">
        <nominal>2</nominal>
        <lifetime>28800</lifetime>
        <restock>0</restock>
        <min>1</min>
        <quantmin>-1</quantmin>
        <quantmax>-1</quantmax>
        <cost>100</cost>
        <flags count_in_cargo="1" count_in_hoarder="1" count_in_map="1" count_in_player="1" crafted="0" deloot="0"/>
        <category name="containers"/>
        <usage name="Military"/>
    </type>
	<type name="SmershBag_Spur_WinterCamo">
        <nominal>2</nominal>
        <lifetime>28800</lifetime>
        <restock>0</restock>
        <min>1</min>
        <quantmin>-1</quantmin>
        <quantmax>-1</quantmax>
        <cost>100</cost>
        <flags count_in_cargo="1" count_in_hoarder="1" count_in_map="1" count_in_player="1" crafted="0" deloot="0"/>
        <category name="containers"/>
        <usage name="Military"/>
    </type>
	<!-- Pistol holsters -->
	<type name="PlateCarrierHolster_Spur_Green">
        <nominal>1</nominal>
        <lifetime>14400</lifetime>
        <restock>0</restock>
        <min>1</min>
        <quantmin>-1</quantmin>
        <quantmax>-1</quantmax>
        <cost>100</cost>
        <flags count_in_cargo="0" count_in_hoarder="0" count_in_map="1" count_in_player="0" crafted="0" deloot="0"/>
        <category name="clothes"/>
        <tag name="shelves"/>
        <usage name="Military"/>
    </type>
	<type name="PlateCarrierHolster_Spur_Black">
        <nominal>1</nominal>
        <lifetime>14400</lifetime>
        <restock>0</restock>
        <min>1</min>
        <quantmin>-1</quantmin>
        <quantmax>-1</quantmax>
        <cost>100</cost>
        <flags count_in_cargo="0" count_in_hoarder="0" count_in_map="1" count_in_player="0" crafted="0" deloot="0"/>
        <category name="clothes"/>
        <tag name="shelves"/>
        <usage name="Military"/>
    </type>
	<type name="PlateCarrierHolster_Spur_Tan">
        <nominal>1</nominal>
        <lifetime>14400</lifetime>
        <restock>0</restock>
        <min>1</min>
        <quantmin>-1</quantmin>
        <quantmax>-1</quantmax>
        <cost>100</cost>
        <flags count_in_cargo="0" count_in_hoarder="0" count_in_map="1" count_in_player="0" crafted="0" deloot="0"/>
        <category name="clothes"/>
        <tag name="shelves"/>
        <usage name="Military"/>
    </type>
	<type name="PlateCarrierHolster_Spur_WoodlandCamo">
        <nominal>1</nominal>
        <lifetime>14400</lifetime>
        <restock>0</restock>
        <min>1</min>
        <quantmin>-1</quantmin>
        <quantmax>-1</quantmax>
        <cost>100</cost>
        <flags count_in_cargo="0" count_in_hoarder="0" count_in_map="1" count_in_player="0" crafted="0" deloot="0"/>
        <category name="clothes"/>
        <tag name="shelves"/>
        <usage name="Military"/>
    </type>
	<type name="PlateCarrierHolster_Spur_MultiCamo">
        <nominal>1</nominal>
        <lifetime>14400</lifetime>
        <restock>0</restock>
        <min>1</min>
        <quantmin>-1</quantmin>
        <quantmax>-1</quantmax>
        <cost>100</cost>
        <flags count_in_cargo="0" count_in_hoarder="0" count_in_map="1" count_in_player="0" crafted="0" deloot="0"/>
        <category name="clothes"/>
        <tag name="shelves"/>
        <usage name="Military"/>
    </type>
	<type name="PlateCarrierHolster_Spur_WinterCamo">
        <nominal>1</nominal>
        <lifetime>14400</lifetime>
        <restock>0</restock>
        <min>1</min>
        <quantmin>-1</quantmin>
        <quantmax>-1</quantmax>
        <cost>100</cost>
        <flags count_in_cargo="0" count_in_hoarder="0" count_in_map="1" count_in_player="0" crafted="0" deloot="0"/>
        <category name="clothes"/>
        <tag name="shelves"/>
        <usage name="Military"/>
    </type>
</types>
