<?xml version="1.0" encoding="UTF-8" standalone="yes"?>
<types>
	<!-- Start Empty Food Items (Default persistence: 30 minutes) -->
	<type name="Empty_SodaCan_Pipsi">
        <lifetime>1800</lifetime>
        <flags count_in_cargo="0" count_in_hoarder="0" count_in_map="1" count_in_player="0" crafted="1" deloot="0"/>
    </type>
	<type name="Empty_SodaCan_Cola">
        <lifetime>1800</lifetime>
        <flags count_in_cargo="0" count_in_hoarder="0" count_in_map="1" count_in_player="0" crafted="1" deloot="0"/>
    </type>
	<type name="Empty_SodaCan_Spite">
        <lifetime>1800</lifetime>
        <flags count_in_cargo="0" count_in_hoarder="0" count_in_map="1" count_in_player="0" crafted="1" deloot="0"/>
    </type>
	<type name="Empty_SodaCan_Kvass">
        <lifetime>1800</lifetime>
        <flags count_in_cargo="0" count_in_hoarder="0" count_in_map="1" count_in_player="0" crafted="1" deloot="0"/>
    </type>
	<type name="Empty_SodaCan_Fronta">
        <lifetime>1800</lifetime>
        <flags count_in_cargo="0" count_in_hoarder="0" count_in_map="1" count_in_player="0" crafted="1" deloot="0"/>
    </type>
	<type name="Empty_BoxCerealCrunchin">
        <lifetime>1800</lifetime>
        <flags count_in_cargo="0" count_in_hoarder="0" count_in_map="1" count_in_player="0" crafted="1" deloot="0"/>
    </type>
	<type name="Empty_Rice">
        <lifetime>1800</lifetime>
        <flags count_in_cargo="0" count_in_hoarder="0" count_in_map="1" count_in_player="0" crafted="1" deloot="0"/>
    </type>
	<type name="Empty_PowderedMilk">
        <lifetime>1800</lifetime>
        <flags count_in_cargo="0" count_in_hoarder="0" count_in_map="1" count_in_player="0" crafted="1" deloot="0"/>
    </type>
	<type name="Empty_Marmalade">
        <lifetime>1800</lifetime>
        <flags count_in_cargo="0" count_in_hoarder="0" count_in_map="1" count_in_player="0" crafted="1" deloot="0"/>
    </type>
	<type name="Empty_Honey">
        <lifetime>1800</lifetime>
        <flags count_in_cargo="0" count_in_hoarder="0" count_in_map="1" count_in_player="0" crafted="1" deloot="0"/>
    </type>
	<type name="Empty_Marmalade">
        <lifetime>1800</lifetime>
        <flags count_in_cargo="0" count_in_hoarder="0" count_in_map="1" count_in_player="0" crafted="1" deloot="0"/>
    </type>
	<type name="Empty_Honey">
        <lifetime>1800</lifetime>
        <flags count_in_cargo="0" count_in_hoarder="0" count_in_map="1" count_in_player="0" crafted="1" deloot="0"/>
    </type>
	<type name="Empty_Zagorky">
        <lifetime>1800</lifetime>
        <flags count_in_cargo="0" count_in_hoarder="0" count_in_map="1" count_in_player="0" crafted="1" deloot="0"/>
    </type>
	<type name="Empty_ZagorkyChocolate">
        <lifetime>1800</lifetime>
        <flags count_in_cargo="0" count_in_hoarder="0" count_in_map="1" count_in_player="0" crafted="1" deloot="0"/>
    </type>
	<type name="Empty_ZagorkyPeanuts">
        <lifetime>1800</lifetime>
        <flags count_in_cargo="0" count_in_hoarder="0" count_in_map="1" count_in_player="0" crafted="1" deloot="0"/>
    </type>
	<type name="Empty_SaltySticks">
        <lifetime>1800</lifetime>
        <flags count_in_cargo="0" count_in_hoarder="0" count_in_map="1" count_in_player="0" crafted="1" deloot="0"/>
    </type>
	<type name="Empty_Crackers">
        <lifetime>1800</lifetime>
        <flags count_in_cargo="0" count_in_hoarder="0" count_in_map="1" count_in_player="0" crafted="1" deloot="0"/>
    </type>
	<type name="Empty_Chips">
        <lifetime>1800</lifetime>
        <flags count_in_cargo="0" count_in_hoarder="0" count_in_map="1" count_in_player="0" crafted="1" deloot="0"/>
    </type>
	<type name="Empty_BakedBeansCan_Opened">
        <lifetime>1800</lifetime>
        <flags count_in_cargo="0" count_in_hoarder="0" count_in_map="1" count_in_player="0" crafted="1" deloot="0"/>
    </type>
	<type name="Empty_PeachesCan_Opened">
        <lifetime>1800</lifetime>
        <flags count_in_cargo="0" count_in_hoarder="0" count_in_map="1" count_in_player="0" crafted="1" deloot="0"/>
    </type>
	<type name="Empty_TacticalBaconCan_Opened">
        <lifetime>1800</lifetime>
        <flags count_in_cargo="0" count_in_hoarder="0" count_in_map="1" count_in_player="0" crafted="1" deloot="0"/>
    </type>
	<type name="Empty_SpaghettiCan_Opened">
        <lifetime>1800</lifetime>
        <flags count_in_cargo="0" count_in_hoarder="0" count_in_map="1" count_in_player="0" crafted="1" deloot="0"/>
    </type>
	<type name="Empty_SardinesCan_Opened">
        <lifetime>1800</lifetime>
        <flags count_in_cargo="0" count_in_hoarder="0" count_in_map="1" count_in_player="0" crafted="1" deloot="0"/>
    </type>
	<type name="Empty_TunaCan_Opened">
        <lifetime>1800</lifetime>
        <flags count_in_cargo="0" count_in_hoarder="0" count_in_map="1" count_in_player="0" crafted="1" deloot="0"/>
    </type>
	<type name="Empty_DogFoodCan_Opened">
        <lifetime>1800</lifetime>
        <flags count_in_cargo="0" count_in_hoarder="0" count_in_map="1" count_in_player="0" crafted="1" deloot="0"/>
    </type>
	<type name="Empty_CatFoodCan_Opened">
        <lifetime>1800</lifetime>
        <flags count_in_cargo="0" count_in_hoarder="0" count_in_map="1" count_in_player="0" crafted="1" deloot="0"/>
    </type>
	<type name="Empty_PorkCan_Opened">
        <lifetime>1800</lifetime>
        <flags count_in_cargo="0" count_in_hoarder="0" count_in_map="1" count_in_player="0" crafted="1" deloot="0"/>
    </type>
	<type name="Empty_Lunchmeat_Opened">
        <lifetime>1800</lifetime>
        <flags count_in_cargo="0" count_in_hoarder="0" count_in_map="1" count_in_player="0" crafted="1" deloot="0"/>
    </type>
	<type name="Empty_UnknownFoodCan_Opened">
        <lifetime>1800</lifetime>
        <flags count_in_cargo="0" count_in_hoarder="0" count_in_map="1" count_in_player="0" crafted="1" deloot="0"/>
    </type>
	<type name="Empty_Pate_Opened">
        <lifetime>1800</lifetime>
        <flags count_in_cargo="0" count_in_hoarder="0" count_in_map="1" count_in_player="0" crafted="1" deloot="0"/>
    </type>
	<type name="Empty_BrisketSpread_Opened">
        <lifetime>1800</lifetime>
        <flags count_in_cargo="0" count_in_hoarder="0" count_in_map="1" count_in_player="0" crafted="1" deloot="0"/>
    </type>
	<!-- End Empty Food Items -->
	<!-- Start Used Medical Items (Default persistence: 30 minutes) -->
	<type name="Used_SalineBagIV">
        <lifetime>1800</lifetime>
        <flags count_in_cargo="0" count_in_hoarder="0" count_in_map="1" count_in_player="0" crafted="1" deloot="0"/>
    </type>
	<type name="Used_BloodBagIV">
        <lifetime>1800</lifetime>
        <flags count_in_cargo="0" count_in_hoarder="0" count_in_map="1" count_in_player="0" crafted="1" deloot="0"/>
    </type>
	<type name="Used_Morphine">
        <lifetime>1800</lifetime>
        <flags count_in_cargo="0" count_in_hoarder="0" count_in_map="1" count_in_player="0" crafted="1" deloot="0"/>
	</type>
    <type name="Used_Epinephrine">
        <lifetime>1800</lifetime>
        <flags count_in_cargo="0" count_in_hoarder="0" count_in_map="1" count_in_player="0" crafted="1" deloot="0"/>
	</type>
	<type name="Used_AntiChemInjector">
        <lifetime>1800</lifetime>
        <flags count_in_cargo="0" count_in_hoarder="0" count_in_map="1" count_in_player="0" crafted="1" deloot="0"/>
    </type>
	<!-- End Used Medical Items -->
</types>